ISO-10303-21;
HEADER;
/* Generated by software containing ST-Developer
 * from STEP Tools, Inc. (www.steptools.com) 
 */

FILE_DESCRIPTION(
/* description */ (''),
/* implementation_level */ '2;1');

FILE_NAME(
/* name */ 'Horizontal Mount.step',
/* time_stamp */ '2025-05-11T15:48:52-07:00',
/* author */ (''),
/* organization */ (''),
/* preprocessor_version */ 'ST-DEVELOPER v20.1',
/* originating_system */ 'Autodesk Translation Framework v14.4.0.0',
/* authorisation */ '');

FILE_SCHEMA (('AUTOMOTIVE_DESIGN { 1 0 10303 214 3 1 1 }'));
ENDSEC;

DATA;
#10=MECHANICAL_DESIGN_GEOMETRIC_PRESENTATION_REPRESENTATION('',(#13),#1990);
#11=SHAPE_REPRESENTATION_RELATIONSHIP('SRR','None',#1997,#12);
#12=ADVANCED_BREP_SHAPE_REPRESENTATION('',(#14),#1989);
#13=STYLED_ITEM('',(#2007),#14);
#14=MANIFOLD_SOLID_BREP('Body3',#1188);
#15=FACE_BOUND('',#159,.T.);
#16=FACE_BOUND('',#162,.T.);
#17=FACE_BOUND('',#163,.T.);
#18=FACE_BOUND('',#169,.T.);
#19=FACE_BOUND('',#193,.T.);
#20=FACE_BOUND('',#194,.T.);
#21=FACE_BOUND('',#197,.T.);
#22=FACE_BOUND('',#212,.T.);
#23=CIRCLE('',#1205,3.);
#24=CIRCLE('',#1206,3.);
#25=CIRCLE('',#1209,3.);
#26=CIRCLE('',#1210,3.);
#27=CIRCLE('',#1212,1.6);
#28=CIRCLE('',#1213,1.6);
#29=CIRCLE('',#1215,3.);
#30=CIRCLE('',#1216,3.);
#31=CIRCLE('',#1218,1.);
#32=CIRCLE('',#1219,3.);
#33=CIRCLE('',#1221,3.);
#34=CIRCLE('',#1222,1.6);
#35=CIRCLE('',#1225,1.);
#36=CIRCLE('',#1226,1.);
#37=CIRCLE('',#1227,1.);
#38=CIRCLE('',#1228,1.);
#39=CIRCLE('',#1229,1.);
#40=CIRCLE('',#1230,1.);
#41=CIRCLE('',#1231,1.);
#42=CIRCLE('',#1232,1.);
#43=CIRCLE('',#1233,1.);
#44=CIRCLE('',#1234,1.);
#45=CIRCLE('',#1235,1.);
#46=CIRCLE('',#1236,1.);
#47=CIRCLE('',#1237,1.6);
#48=CIRCLE('',#1238,1.6);
#49=CIRCLE('',#1242,1.6);
#50=CIRCLE('',#1244,3.);
#51=CIRCLE('',#1248,3.);
#52=CIRCLE('',#1250,1.);
#53=CIRCLE('',#1252,1.);
#54=CIRCLE('',#1254,1.);
#55=CIRCLE('',#1256,1.6);
#56=CIRCLE('',#1258,1.6);
#57=CIRCLE('',#1261,1.);
#58=CIRCLE('',#1267,1.);
#59=CIRCLE('',#1270,1.);
#60=CIRCLE('',#1273,1.);
#61=CIRCLE('',#1276,1.);
#62=CIRCLE('',#1279,1.);
#63=CIRCLE('',#1281,1.);
#64=CIRCLE('',#1282,1.);
#65=CIRCLE('',#1283,1.);
#66=CIRCLE('',#1284,1.);
#67=CIRCLE('',#1286,1.);
#68=CIRCLE('',#1287,1.);
#69=CIRCLE('',#1290,3.);
#70=CIRCLE('',#1292,3.);
#71=CYLINDRICAL_SURFACE('',#1204,3.);
#72=CYLINDRICAL_SURFACE('',#1208,3.);
#73=CYLINDRICAL_SURFACE('',#1211,1.6);
#74=CYLINDRICAL_SURFACE('',#1214,3.);
#75=CYLINDRICAL_SURFACE('',#1241,1.6);
#76=CYLINDRICAL_SURFACE('',#1243,3.);
#77=CYLINDRICAL_SURFACE('',#1247,3.);
#78=CYLINDRICAL_SURFACE('',#1249,1.);
#79=CYLINDRICAL_SURFACE('',#1251,1.);
#80=CYLINDRICAL_SURFACE('',#1253,1.);
#81=CYLINDRICAL_SURFACE('',#1255,1.6);
#82=CYLINDRICAL_SURFACE('',#1257,1.6);
#83=CYLINDRICAL_SURFACE('',#1260,1.);
#84=CYLINDRICAL_SURFACE('',#1266,1.);
#85=CYLINDRICAL_SURFACE('',#1269,1.);
#86=CYLINDRICAL_SURFACE('',#1272,1.);
#87=CYLINDRICAL_SURFACE('',#1275,1.);
#88=CYLINDRICAL_SURFACE('',#1278,1.);
#89=CYLINDRICAL_SURFACE('',#1285,1.);
#90=CYLINDRICAL_SURFACE('',#1291,3.);
#91=CYLINDRICAL_SURFACE('',#1295,1.);
#92=CYLINDRICAL_SURFACE('',#1297,1.);
#93=CYLINDRICAL_SURFACE('',#1300,1.);
#94=CYLINDRICAL_SURFACE('',#1302,1.);
#95=FACE_OUTER_BOUND('',#150,.T.);
#96=FACE_OUTER_BOUND('',#151,.T.);
#97=FACE_OUTER_BOUND('',#152,.T.);
#98=FACE_OUTER_BOUND('',#153,.T.);
#99=FACE_OUTER_BOUND('',#154,.T.);
#100=FACE_OUTER_BOUND('',#155,.T.);
#101=FACE_OUTER_BOUND('',#156,.T.);
#102=FACE_OUTER_BOUND('',#157,.T.);
#103=FACE_OUTER_BOUND('',#158,.T.);
#104=FACE_OUTER_BOUND('',#160,.T.);
#105=FACE_OUTER_BOUND('',#161,.T.);
#106=FACE_OUTER_BOUND('',#164,.T.);
#107=FACE_OUTER_BOUND('',#165,.T.);
#108=FACE_OUTER_BOUND('',#166,.T.);
#109=FACE_OUTER_BOUND('',#167,.T.);
#110=FACE_OUTER_BOUND('',#168,.T.);
#111=FACE_OUTER_BOUND('',#170,.T.);
#112=FACE_OUTER_BOUND('',#171,.T.);
#113=FACE_OUTER_BOUND('',#172,.T.);
#114=FACE_OUTER_BOUND('',#173,.T.);
#115=FACE_OUTER_BOUND('',#174,.T.);
#116=FACE_OUTER_BOUND('',#175,.T.);
#117=FACE_OUTER_BOUND('',#176,.T.);
#118=FACE_OUTER_BOUND('',#177,.T.);
#119=FACE_OUTER_BOUND('',#178,.T.);
#120=FACE_OUTER_BOUND('',#179,.T.);
#121=FACE_OUTER_BOUND('',#180,.T.);
#122=FACE_OUTER_BOUND('',#181,.T.);
#123=FACE_OUTER_BOUND('',#182,.T.);
#124=FACE_OUTER_BOUND('',#183,.T.);
#125=FACE_OUTER_BOUND('',#184,.T.);
#126=FACE_OUTER_BOUND('',#185,.T.);
#127=FACE_OUTER_BOUND('',#186,.T.);
#128=FACE_OUTER_BOUND('',#187,.T.);
#129=FACE_OUTER_BOUND('',#188,.T.);
#130=FACE_OUTER_BOUND('',#189,.T.);
#131=FACE_OUTER_BOUND('',#190,.T.);
#132=FACE_OUTER_BOUND('',#191,.T.);
#133=FACE_OUTER_BOUND('',#192,.T.);
#134=FACE_OUTER_BOUND('',#195,.T.);
#135=FACE_OUTER_BOUND('',#196,.T.);
#136=FACE_OUTER_BOUND('',#198,.T.);
#137=FACE_OUTER_BOUND('',#199,.T.);
#138=FACE_OUTER_BOUND('',#200,.T.);
#139=FACE_OUTER_BOUND('',#201,.T.);
#140=FACE_OUTER_BOUND('',#202,.T.);
#141=FACE_OUTER_BOUND('',#203,.T.);
#142=FACE_OUTER_BOUND('',#204,.T.);
#143=FACE_OUTER_BOUND('',#205,.T.);
#144=FACE_OUTER_BOUND('',#206,.T.);
#145=FACE_OUTER_BOUND('',#207,.T.);
#146=FACE_OUTER_BOUND('',#208,.T.);
#147=FACE_OUTER_BOUND('',#209,.T.);
#148=FACE_OUTER_BOUND('',#210,.T.);
#149=FACE_OUTER_BOUND('',#211,.T.);
#150=EDGE_LOOP('',(#756,#757,#758,#759));
#151=EDGE_LOOP('',(#760,#761,#762,#763));
#152=EDGE_LOOP('',(#764,#765,#766,#767));
#153=EDGE_LOOP('',(#768,#769,#770,#771));
#154=EDGE_LOOP('',(#772,#773,#774,#775));
#155=EDGE_LOOP('',(#776,#777,#778,#779));
#156=EDGE_LOOP('',(#780,#781,#782,#783));
#157=EDGE_LOOP('',(#784,#785,#786,#787,#788,#789,#790,#791,#792,#793));
#158=EDGE_LOOP('',(#794,#795,#796,#797,#798,#799,#800,#801,#802,#803));
#159=EDGE_LOOP('',(#804));
#160=EDGE_LOOP('',(#805,#806,#807,#808));
#161=EDGE_LOOP('',(#809,#810,#811,#812,#813,#814,#815,#816,#817,#818,#819,
#820,#821,#822,#823,#824,#825,#826,#827,#828,#829,#830,#831,#832,#833,#834,
#835,#836,#837,#838,#839,#840));
#162=EDGE_LOOP('',(#841));
#163=EDGE_LOOP('',(#842));
#164=EDGE_LOOP('',(#843,#844,#845,#846));
#165=EDGE_LOOP('',(#847,#848,#849,#850));
#166=EDGE_LOOP('',(#851,#852,#853,#854));
#167=EDGE_LOOP('',(#855,#856,#857,#858));
#168=EDGE_LOOP('',(#859,#860,#861,#862,#863,#864,#865,#866,#867,#868));
#169=EDGE_LOOP('',(#869));
#170=EDGE_LOOP('',(#870,#871,#872,#873));
#171=EDGE_LOOP('',(#874,#875,#876,#877));
#172=EDGE_LOOP('',(#878,#879,#880,#881));
#173=EDGE_LOOP('',(#882,#883,#884,#885));
#174=EDGE_LOOP('',(#886,#887,#888,#889));
#175=EDGE_LOOP('',(#890,#891,#892,#893));
#176=EDGE_LOOP('',(#894,#895,#896,#897));
#177=EDGE_LOOP('',(#898,#899,#900,#901));
#178=EDGE_LOOP('',(#902,#903,#904,#905));
#179=EDGE_LOOP('',(#906,#907,#908,#909));
#180=EDGE_LOOP('',(#910,#911,#912,#913));
#181=EDGE_LOOP('',(#914,#915,#916,#917));
#182=EDGE_LOOP('',(#918,#919,#920,#921));
#183=EDGE_LOOP('',(#922,#923,#924,#925));
#184=EDGE_LOOP('',(#926,#927,#928,#929));
#185=EDGE_LOOP('',(#930,#931,#932,#933));
#186=EDGE_LOOP('',(#934,#935,#936,#937));
#187=EDGE_LOOP('',(#938,#939,#940,#941));
#188=EDGE_LOOP('',(#942,#943,#944,#945));
#189=EDGE_LOOP('',(#946,#947,#948,#949));
#190=EDGE_LOOP('',(#950,#951,#952,#953));
#191=EDGE_LOOP('',(#954,#955,#956,#957));
#192=EDGE_LOOP('',(#958,#959,#960,#961,#962,#963,#964,#965,#966,#967,#968,
#969,#970,#971,#972,#973,#974,#975,#976,#977,#978,#979,#980,#981,#982,#983,
#984,#985,#986,#987,#988,#989));
#193=EDGE_LOOP('',(#990));
#194=EDGE_LOOP('',(#991));
#195=EDGE_LOOP('',(#992,#993,#994,#995));
#196=EDGE_LOOP('',(#996,#997,#998,#999,#1000,#1001,#1002,#1003,#1004,#1005,
#1006,#1007,#1008,#1009));
#197=EDGE_LOOP('',(#1010));
#198=EDGE_LOOP('',(#1011,#1012,#1013,#1014,#1015,#1016,#1017,#1018,#1019,
#1020,#1021,#1022,#1023,#1024));
#199=EDGE_LOOP('',(#1025,#1026,#1027,#1028));
#200=EDGE_LOOP('',(#1029,#1030,#1031,#1032,#1033,#1034,#1035,#1036));
#201=EDGE_LOOP('',(#1037,#1038,#1039,#1040));
#202=EDGE_LOOP('',(#1041,#1042,#1043,#1044));
#203=EDGE_LOOP('',(#1045,#1046,#1047,#1048));
#204=EDGE_LOOP('',(#1049,#1050,#1051,#1052));
#205=EDGE_LOOP('',(#1053,#1054,#1055,#1056));
#206=EDGE_LOOP('',(#1057,#1058,#1059,#1060));
#207=EDGE_LOOP('',(#1061,#1062,#1063,#1064));
#208=EDGE_LOOP('',(#1065,#1066,#1067,#1068));
#209=EDGE_LOOP('',(#1069,#1070,#1071,#1072));
#210=EDGE_LOOP('',(#1073,#1074,#1075,#1076,#1077,#1078,#1079,#1080,#1081,
#1082,#1083,#1084,#1085,#1086));
#211=EDGE_LOOP('',(#1087,#1088,#1089,#1090,#1091,#1092,#1093,#1094,#1095,
#1096,#1097,#1098,#1099,#1100));
#212=EDGE_LOOP('',(#1101));
#213=LINE('',#1642,#338);
#214=LINE('',#1644,#339);
#215=LINE('',#1646,#340);
#216=LINE('',#1647,#341);
#217=LINE('',#1651,#342);
#218=LINE('',#1653,#343);
#219=LINE('',#1655,#344);
#220=LINE('',#1656,#345);
#221=LINE('',#1662,#346);
#222=LINE('',#1665,#347);
#223=LINE('',#1667,#348);
#224=LINE('',#1668,#349);
#225=LINE('',#1676,#350);
#226=LINE('',#1683,#351);
#227=LINE('',#1686,#352);
#228=LINE('',#1689,#353);
#229=LINE('',#1691,#354);
#230=LINE('',#1695,#355);
#231=LINE('',#1697,#356);
#232=LINE('',#1699,#357);
#233=LINE('',#1703,#358);
#234=LINE('',#1704,#359);
#235=LINE('',#1707,#360);
#236=LINE('',#1711,#361);
#237=LINE('',#1713,#362);
#238=LINE('',#1715,#363);
#239=LINE('',#1717,#364);
#240=LINE('',#1718,#365);
#241=LINE('',#1723,#366);
#242=LINE('',#1724,#367);
#243=LINE('',#1729,#368);
#244=LINE('',#1731,#369);
#245=LINE('',#1735,#370);
#246=LINE('',#1739,#371);
#247=LINE('',#1743,#372);
#248=LINE('',#1747,#373);
#249=LINE('',#1749,#374);
#250=LINE('',#1753,#375);
#251=LINE('',#1755,#376);
#252=LINE('',#1757,#377);
#253=LINE('',#1761,#378);
#254=LINE('',#1763,#379);
#255=LINE('',#1767,#380);
#256=LINE('',#1771,#381);
#257=LINE('',#1775,#382);
#258=LINE('',#1779,#383);
#259=LINE('',#1781,#384);
#260=LINE('',#1785,#385);
#261=LINE('',#1786,#386);
#262=LINE('',#1793,#387);
#263=LINE('',#1795,#388);
#264=LINE('',#1796,#389);
#265=LINE('',#1799,#390);
#266=LINE('',#1800,#391);
#267=LINE('',#1804,#392);
#268=LINE('',#1809,#393);
#269=LINE('',#1811,#394);
#270=LINE('',#1812,#395);
#271=LINE('',#1814,#396);
#272=LINE('',#1820,#397);
#273=LINE('',#1825,#398);
#274=LINE('',#1826,#399);
#275=LINE('',#1829,#400);
#276=LINE('',#1832,#401);
#277=LINE('',#1836,#402);
#278=LINE('',#1840,#403);
#279=LINE('',#1843,#404);
#280=LINE('',#1844,#405);
#281=LINE('',#1847,#406);
#282=LINE('',#1851,#407);
#283=LINE('',#1852,#408);
#284=LINE('',#1855,#409);
#285=LINE('',#1856,#410);
#286=LINE('',#1859,#411);
#287=LINE('',#1860,#412);
#288=LINE('',#1863,#413);
#289=LINE('',#1865,#414);
#290=LINE('',#1866,#415);
#291=LINE('',#1870,#416);
#292=LINE('',#1873,#417);
#293=LINE('',#1874,#418);
#294=LINE('',#1879,#419);
#295=LINE('',#1881,#420);
#296=LINE('',#1882,#421);
#297=LINE('',#1885,#422);
#298=LINE('',#1889,#423);
#299=LINE('',#1890,#424);
#300=LINE('',#1894,#425);
#301=LINE('',#1897,#426);
#302=LINE('',#1898,#427);
#303=LINE('',#1902,#428);
#304=LINE('',#1905,#429);
#305=LINE('',#1908,#430);
#306=LINE('',#1910,#431);
#307=LINE('',#1912,#432);
#308=LINE('',#1913,#433);
#309=LINE('',#1915,#434);
#310=LINE('',#1919,#435);
#311=LINE('',#1922,#436);
#312=LINE('',#1924,#437);
#313=LINE('',#1930,#438);
#314=LINE('',#1935,#439);
#315=LINE('',#1937,#440);
#316=LINE('',#1939,#441);
#317=LINE('',#1941,#442);
#318=LINE('',#1943,#443);
#319=LINE('',#1944,#444);
#320=LINE('',#1946,#445);
#321=LINE('',#1948,#446);
#322=LINE('',#1949,#447);
#323=LINE('',#1952,#448);
#324=LINE('',#1955,#449);
#325=LINE('',#1957,#450);
#326=LINE('',#1958,#451);
#327=LINE('',#1962,#452);
#328=LINE('',#1964,#453);
#329=LINE('',#1967,#454);
#330=LINE('',#1970,#455);
#331=LINE('',#1971,#456);
#332=LINE('',#1973,#457);
#333=LINE('',#1976,#458);
#334=LINE('',#1980,#459);
#335=LINE('',#1982,#460);
#336=LINE('',#1984,#461);
#337=LINE('',#1985,#462);
#338=VECTOR('',#1309,10.);
#339=VECTOR('',#1310,10.);
#340=VECTOR('',#1311,10.);
#341=VECTOR('',#1312,10.);
#342=VECTOR('',#1315,10.);
#343=VECTOR('',#1316,10.);
#344=VECTOR('',#1317,10.);
#345=VECTOR('',#1318,10.);
#346=VECTOR('',#1325,10.);
#347=VECTOR('',#1328,10.);
#348=VECTOR('',#1329,10.);
#349=VECTOR('',#1330,10.);
#350=VECTOR('',#1341,1.6);
#351=VECTOR('',#1348,10.);
#352=VECTOR('',#1351,10.);
#353=VECTOR('',#1354,10.);
#354=VECTOR('',#1355,10.);
#355=VECTOR('',#1358,10.);
#356=VECTOR('',#1359,10.);
#357=VECTOR('',#1360,10.);
#358=VECTOR('',#1363,10.);
#359=VECTOR('',#1364,10.);
#360=VECTOR('',#1367,10.);
#361=VECTOR('',#1370,10.);
#362=VECTOR('',#1371,10.);
#363=VECTOR('',#1372,10.);
#364=VECTOR('',#1373,10.);
#365=VECTOR('',#1374,10.);
#366=VECTOR('',#1379,10.);
#367=VECTOR('',#1380,10.);
#368=VECTOR('',#1385,10.);
#369=VECTOR('',#1386,10.);
#370=VECTOR('',#1389,10.);
#371=VECTOR('',#1392,10.);
#372=VECTOR('',#1395,10.);
#373=VECTOR('',#1398,10.);
#374=VECTOR('',#1399,10.);
#375=VECTOR('',#1402,10.);
#376=VECTOR('',#1403,10.);
#377=VECTOR('',#1404,10.);
#378=VECTOR('',#1407,10.);
#379=VECTOR('',#1408,10.);
#380=VECTOR('',#1411,10.);
#381=VECTOR('',#1414,10.);
#382=VECTOR('',#1417,10.);
#383=VECTOR('',#1420,10.);
#384=VECTOR('',#1421,10.);
#385=VECTOR('',#1424,10.);
#386=VECTOR('',#1425,10.);
#387=VECTOR('',#1432,10.);
#388=VECTOR('',#1433,10.);
#389=VECTOR('',#1434,10.);
#390=VECTOR('',#1437,10.);
#391=VECTOR('',#1438,10.);
#392=VECTOR('',#1443,1.6);
#393=VECTOR('',#1450,10.);
#394=VECTOR('',#1451,10.);
#395=VECTOR('',#1452,10.);
#396=VECTOR('',#1455,10.);
#397=VECTOR('',#1464,10.);
#398=VECTOR('',#1469,10.);
#399=VECTOR('',#1470,10.);
#400=VECTOR('',#1473,10.);
#401=VECTOR('',#1476,10.);
#402=VECTOR('',#1481,1.6);
#403=VECTOR('',#1486,1.6);
#404=VECTOR('',#1489,10.);
#405=VECTOR('',#1490,10.);
#406=VECTOR('',#1493,10.);
#407=VECTOR('',#1498,10.);
#408=VECTOR('',#1499,10.);
#409=VECTOR('',#1502,10.);
#410=VECTOR('',#1503,10.);
#411=VECTOR('',#1506,10.);
#412=VECTOR('',#1507,10.);
#413=VECTOR('',#1510,10.);
#414=VECTOR('',#1511,10.);
#415=VECTOR('',#1512,10.);
#416=VECTOR('',#1517,10.);
#417=VECTOR('',#1520,10.);
#418=VECTOR('',#1521,10.);
#419=VECTOR('',#1528,10.);
#420=VECTOR('',#1529,10.);
#421=VECTOR('',#1530,10.);
#422=VECTOR('',#1533,10.);
#423=VECTOR('',#1538,10.);
#424=VECTOR('',#1539,10.);
#425=VECTOR('',#1544,10.);
#426=VECTOR('',#1547,10.);
#427=VECTOR('',#1548,10.);
#428=VECTOR('',#1553,10.);
#429=VECTOR('',#1556,10.);
#430=VECTOR('',#1559,10.);
#431=VECTOR('',#1560,10.);
#432=VECTOR('',#1561,10.);
#433=VECTOR('',#1562,10.);
#434=VECTOR('',#1563,10.);
#435=VECTOR('',#1566,10.);
#436=VECTOR('',#1569,10.);
#437=VECTOR('',#1570,10.);
#438=VECTOR('',#1577,10.);
#439=VECTOR('',#1582,10.);
#440=VECTOR('',#1583,10.);
#441=VECTOR('',#1584,10.);
#442=VECTOR('',#1585,10.);
#443=VECTOR('',#1586,10.);
#444=VECTOR('',#1587,10.);
#445=VECTOR('',#1588,10.);
#446=VECTOR('',#1589,10.);
#447=VECTOR('',#1590,10.);
#448=VECTOR('',#1593,10.);
#449=VECTOR('',#1596,10.);
#450=VECTOR('',#1597,10.);
#451=VECTOR('',#1598,10.);
#452=VECTOR('',#1605,10.);
#453=VECTOR('',#1608,10.);
#454=VECTOR('',#1613,10.);
#455=VECTOR('',#1618,10.);
#456=VECTOR('',#1619,10.);
#457=VECTOR('',#1622,10.);
#458=VECTOR('',#1627,10.);
#459=VECTOR('',#1632,10.);
#460=VECTOR('',#1633,10.);
#461=VECTOR('',#1634,10.);
#462=VECTOR('',#1635,10.);
#463=VERTEX_POINT('',#1640);
#464=VERTEX_POINT('',#1641);
#465=VERTEX_POINT('',#1643);
#466=VERTEX_POINT('',#1645);
#467=VERTEX_POINT('',#1649);
#468=VERTEX_POINT('',#1650);
#469=VERTEX_POINT('',#1652);
#470=VERTEX_POINT('',#1654);
#471=VERTEX_POINT('',#1658);
#472=VERTEX_POINT('',#1660);
#473=VERTEX_POINT('',#1664);
#474=VERTEX_POINT('',#1666);
#475=VERTEX_POINT('',#1673);
#476=VERTEX_POINT('',#1675);
#477=VERTEX_POINT('',#1679);
#478=VERTEX_POINT('',#1680);
#479=VERTEX_POINT('',#1682);
#480=VERTEX_POINT('',#1684);
#481=VERTEX_POINT('',#1688);
#482=VERTEX_POINT('',#1690);
#483=VERTEX_POINT('',#1692);
#484=VERTEX_POINT('',#1694);
#485=VERTEX_POINT('',#1696);
#486=VERTEX_POINT('',#1698);
#487=VERTEX_POINT('',#1700);
#488=VERTEX_POINT('',#1702);
#489=VERTEX_POINT('',#1706);
#490=VERTEX_POINT('',#1708);
#491=VERTEX_POINT('',#1710);
#492=VERTEX_POINT('',#1712);
#493=VERTEX_POINT('',#1714);
#494=VERTEX_POINT('',#1716);
#495=VERTEX_POINT('',#1719);
#496=VERTEX_POINT('',#1722);
#497=VERTEX_POINT('',#1726);
#498=VERTEX_POINT('',#1728);
#499=VERTEX_POINT('',#1730);
#500=VERTEX_POINT('',#1732);
#501=VERTEX_POINT('',#1734);
#502=VERTEX_POINT('',#1736);
#503=VERTEX_POINT('',#1738);
#504=VERTEX_POINT('',#1740);
#505=VERTEX_POINT('',#1742);
#506=VERTEX_POINT('',#1744);
#507=VERTEX_POINT('',#1746);
#508=VERTEX_POINT('',#1748);
#509=VERTEX_POINT('',#1750);
#510=VERTEX_POINT('',#1752);
#511=VERTEX_POINT('',#1754);
#512=VERTEX_POINT('',#1756);
#513=VERTEX_POINT('',#1758);
#514=VERTEX_POINT('',#1760);
#515=VERTEX_POINT('',#1762);
#516=VERTEX_POINT('',#1764);
#517=VERTEX_POINT('',#1766);
#518=VERTEX_POINT('',#1768);
#519=VERTEX_POINT('',#1770);
#520=VERTEX_POINT('',#1772);
#521=VERTEX_POINT('',#1774);
#522=VERTEX_POINT('',#1776);
#523=VERTEX_POINT('',#1778);
#524=VERTEX_POINT('',#1780);
#525=VERTEX_POINT('',#1782);
#526=VERTEX_POINT('',#1784);
#527=VERTEX_POINT('',#1787);
#528=VERTEX_POINT('',#1789);
#529=VERTEX_POINT('',#1792);
#530=VERTEX_POINT('',#1794);
#531=VERTEX_POINT('',#1798);
#532=VERTEX_POINT('',#1802);
#533=VERTEX_POINT('',#1808);
#534=VERTEX_POINT('',#1810);
#535=VERTEX_POINT('',#1818);
#536=VERTEX_POINT('',#1822);
#537=VERTEX_POINT('',#1823);
#538=VERTEX_POINT('',#1828);
#539=VERTEX_POINT('',#1830);
#540=VERTEX_POINT('',#1834);
#541=VERTEX_POINT('',#1838);
#542=VERTEX_POINT('',#1842);
#543=VERTEX_POINT('',#1846);
#544=VERTEX_POINT('',#1850);
#545=VERTEX_POINT('',#1854);
#546=VERTEX_POINT('',#1858);
#547=VERTEX_POINT('',#1862);
#548=VERTEX_POINT('',#1864);
#549=VERTEX_POINT('',#1868);
#550=VERTEX_POINT('',#1872);
#551=VERTEX_POINT('',#1878);
#552=VERTEX_POINT('',#1880);
#553=VERTEX_POINT('',#1884);
#554=VERTEX_POINT('',#1888);
#555=VERTEX_POINT('',#1892);
#556=VERTEX_POINT('',#1896);
#557=VERTEX_POINT('',#1900);
#558=VERTEX_POINT('',#1904);
#559=VERTEX_POINT('',#1906);
#560=VERTEX_POINT('',#1909);
#561=VERTEX_POINT('',#1911);
#562=VERTEX_POINT('',#1914);
#563=VERTEX_POINT('',#1916);
#564=VERTEX_POINT('',#1918);
#565=VERTEX_POINT('',#1920);
#566=VERTEX_POINT('',#1923);
#567=VERTEX_POINT('',#1927);
#568=VERTEX_POINT('',#1929);
#569=VERTEX_POINT('',#1933);
#570=VERTEX_POINT('',#1934);
#571=VERTEX_POINT('',#1936);
#572=VERTEX_POINT('',#1938);
#573=VERTEX_POINT('',#1940);
#574=VERTEX_POINT('',#1942);
#575=VERTEX_POINT('',#1945);
#576=VERTEX_POINT('',#1947);
#577=VERTEX_POINT('',#1951);
#578=VERTEX_POINT('',#1954);
#579=VERTEX_POINT('',#1956);
#580=VERTEX_POINT('',#1979);
#581=VERTEX_POINT('',#1981);
#582=VERTEX_POINT('',#1983);
#583=EDGE_CURVE('',#463,#464,#213,.T.);
#584=EDGE_CURVE('',#465,#464,#214,.T.);
#585=EDGE_CURVE('',#465,#466,#215,.T.);
#586=EDGE_CURVE('',#463,#466,#216,.T.);
#587=EDGE_CURVE('',#467,#468,#217,.T.);
#588=EDGE_CURVE('',#468,#469,#218,.T.);
#589=EDGE_CURVE('',#470,#469,#219,.T.);
#590=EDGE_CURVE('',#467,#470,#220,.T.);
#591=EDGE_CURVE('',#466,#471,#23,.T.);
#592=EDGE_CURVE('',#472,#465,#24,.T.);
#593=EDGE_CURVE('',#471,#472,#221,.T.);
#594=EDGE_CURVE('',#473,#472,#222,.T.);
#595=EDGE_CURVE('',#473,#474,#223,.T.);
#596=EDGE_CURVE('',#474,#471,#224,.T.);
#597=EDGE_CURVE('',#468,#473,#25,.T.);
#598=EDGE_CURVE('',#474,#467,#26,.T.);
#599=EDGE_CURVE('',#475,#475,#27,.T.);
#600=EDGE_CURVE('',#475,#476,#225,.T.);
#601=EDGE_CURVE('',#476,#476,#28,.T.);
#602=EDGE_CURVE('',#477,#478,#29,.T.);
#603=EDGE_CURVE('',#478,#479,#226,.T.);
#604=EDGE_CURVE('',#479,#480,#30,.T.);
#605=EDGE_CURVE('',#480,#477,#227,.T.);
#606=EDGE_CURVE('',#478,#481,#228,.T.);
#607=EDGE_CURVE('',#482,#481,#229,.T.);
#608=EDGE_CURVE('',#483,#482,#31,.T.);
#609=EDGE_CURVE('',#483,#484,#230,.T.);
#610=EDGE_CURVE('',#485,#484,#231,.T.);
#611=EDGE_CURVE('',#486,#485,#232,.T.);
#612=EDGE_CURVE('',#487,#486,#32,.T.);
#613=EDGE_CURVE('',#488,#487,#233,.T.);
#614=EDGE_CURVE('',#488,#479,#234,.T.);
#615=EDGE_CURVE('',#477,#489,#235,.F.);
#616=EDGE_CURVE('',#489,#490,#33,.T.);
#617=EDGE_CURVE('',#491,#490,#236,.T.);
#618=EDGE_CURVE('',#491,#492,#237,.T.);
#619=EDGE_CURVE('',#493,#492,#238,.T.);
#620=EDGE_CURVE('',#494,#493,#239,.T.);
#621=EDGE_CURVE('',#482,#494,#240,.T.);
#622=EDGE_CURVE('',#495,#495,#34,.T.);
#623=EDGE_CURVE('',#496,#480,#241,.T.);
#624=EDGE_CURVE('',#496,#489,#242,.T.);
#625=EDGE_CURVE('',#497,#485,#35,.T.);
#626=EDGE_CURVE('',#498,#497,#243,.T.);
#627=EDGE_CURVE('',#499,#498,#244,.T.);
#628=EDGE_CURVE('',#500,#499,#36,.T.);
#629=EDGE_CURVE('',#501,#500,#245,.T.);
#630=EDGE_CURVE('',#502,#501,#37,.T.);
#631=EDGE_CURVE('',#503,#502,#246,.T.);
#632=EDGE_CURVE('',#504,#503,#38,.T.);
#633=EDGE_CURVE('',#505,#504,#247,.T.);
#634=EDGE_CURVE('',#506,#505,#39,.T.);
#635=EDGE_CURVE('',#506,#507,#248,.T.);
#636=EDGE_CURVE('',#507,#508,#249,.T.);
#637=EDGE_CURVE('',#509,#508,#40,.T.);
#638=EDGE_CURVE('',#509,#510,#250,.T.);
#639=EDGE_CURVE('',#511,#510,#251,.T.);
#640=EDGE_CURVE('',#511,#512,#252,.T.);
#641=EDGE_CURVE('',#513,#512,#41,.T.);
#642=EDGE_CURVE('',#513,#514,#253,.T.);
#643=EDGE_CURVE('',#514,#515,#254,.T.);
#644=EDGE_CURVE('',#516,#515,#42,.T.);
#645=EDGE_CURVE('',#517,#516,#255,.T.);
#646=EDGE_CURVE('',#518,#517,#43,.T.);
#647=EDGE_CURVE('',#519,#518,#256,.T.);
#648=EDGE_CURVE('',#520,#519,#44,.T.);
#649=EDGE_CURVE('',#521,#520,#257,.T.);
#650=EDGE_CURVE('',#522,#521,#45,.T.);
#651=EDGE_CURVE('',#523,#522,#258,.T.);
#652=EDGE_CURVE('',#524,#523,#259,.T.);
#653=EDGE_CURVE('',#525,#524,#46,.T.);
#654=EDGE_CURVE('',#526,#525,#260,.T.);
#655=EDGE_CURVE('',#486,#526,#261,.T.);
#656=EDGE_CURVE('',#527,#527,#47,.T.);
#657=EDGE_CURVE('',#528,#528,#48,.T.);
#658=EDGE_CURVE('',#529,#492,#262,.T.);
#659=EDGE_CURVE('',#530,#491,#263,.T.);
#660=EDGE_CURVE('',#529,#530,#264,.T.);
#661=EDGE_CURVE('',#490,#531,#265,.T.);
#662=EDGE_CURVE('',#531,#530,#266,.T.);
#663=EDGE_CURVE('',#532,#532,#49,.T.);
#664=EDGE_CURVE('',#532,#495,#267,.T.);
#665=EDGE_CURVE('',#531,#496,#50,.T.);
#666=EDGE_CURVE('',#533,#487,#268,.T.);
#667=EDGE_CURVE('',#534,#533,#269,.T.);
#668=EDGE_CURVE('',#534,#529,#270,.T.);
#669=EDGE_CURVE('',#534,#493,#271,.T.);
#670=EDGE_CURVE('',#526,#533,#51,.T.);
#671=EDGE_CURVE('',#494,#535,#52,.T.);
#672=EDGE_CURVE('',#535,#483,#272,.T.);
#673=EDGE_CURVE('',#536,#537,#53,.T.);
#674=EDGE_CURVE('',#537,#500,#273,.T.);
#675=EDGE_CURVE('',#499,#536,#274,.T.);
#676=EDGE_CURVE('',#521,#538,#275,.T.);
#677=EDGE_CURVE('',#538,#539,#54,.T.);
#678=EDGE_CURVE('',#539,#522,#276,.T.);
#679=EDGE_CURVE('',#540,#540,#55,.T.);
#680=EDGE_CURVE('',#540,#527,#277,.T.);
#681=EDGE_CURVE('',#541,#541,#56,.T.);
#682=EDGE_CURVE('',#541,#528,#278,.T.);
#683=EDGE_CURVE('',#542,#520,#279,.T.);
#684=EDGE_CURVE('',#542,#538,#280,.T.);
#685=EDGE_CURVE('',#519,#543,#281,.T.);
#686=EDGE_CURVE('',#543,#542,#57,.T.);
#687=EDGE_CURVE('',#544,#518,#282,.T.);
#688=EDGE_CURVE('',#544,#543,#283,.T.);
#689=EDGE_CURVE('',#498,#545,#284,.T.);
#690=EDGE_CURVE('',#545,#536,#285,.T.);
#691=EDGE_CURVE('',#546,#523,#286,.T.);
#692=EDGE_CURVE('',#546,#539,#287,.T.);
#693=EDGE_CURVE('',#515,#547,#288,.T.);
#694=EDGE_CURVE('',#514,#548,#289,.T.);
#695=EDGE_CURVE('',#547,#548,#290,.T.);
#696=EDGE_CURVE('',#547,#549,#58,.T.);
#697=EDGE_CURVE('',#549,#516,#291,.T.);
#698=EDGE_CURVE('',#517,#550,#292,.T.);
#699=EDGE_CURVE('',#549,#550,#293,.T.);
#700=EDGE_CURVE('',#550,#544,#59,.T.);
#701=EDGE_CURVE('',#551,#506,#294,.T.);
#702=EDGE_CURVE('',#552,#551,#295,.T.);
#703=EDGE_CURVE('',#552,#507,#296,.T.);
#704=EDGE_CURVE('',#505,#553,#297,.T.);
#705=EDGE_CURVE('',#553,#551,#60,.T.);
#706=EDGE_CURVE('',#508,#554,#298,.T.);
#707=EDGE_CURVE('',#554,#552,#299,.T.);
#708=EDGE_CURVE('',#554,#555,#61,.T.);
#709=EDGE_CURVE('',#555,#509,#300,.T.);
#710=EDGE_CURVE('',#556,#513,#301,.T.);
#711=EDGE_CURVE('',#548,#556,#302,.T.);
#712=EDGE_CURVE('',#557,#556,#62,.T.);
#713=EDGE_CURVE('',#512,#557,#303,.T.);
#714=EDGE_CURVE('',#535,#558,#304,.T.);
#715=EDGE_CURVE('',#559,#558,#63,.T.);
#716=EDGE_CURVE('',#546,#559,#305,.T.);
#717=EDGE_CURVE('',#560,#557,#306,.T.);
#718=EDGE_CURVE('',#561,#560,#307,.T.);
#719=EDGE_CURVE('',#561,#555,#308,.T.);
#720=EDGE_CURVE('',#562,#553,#309,.T.);
#721=EDGE_CURVE('',#563,#562,#64,.T.);
#722=EDGE_CURVE('',#564,#563,#310,.T.);
#723=EDGE_CURVE('',#565,#564,#65,.T.);
#724=EDGE_CURVE('',#565,#537,#311,.T.);
#725=EDGE_CURVE('',#566,#545,#312,.T.);
#726=EDGE_CURVE('',#484,#566,#66,.T.);
#727=EDGE_CURVE('',#560,#567,#67,.T.);
#728=EDGE_CURVE('',#567,#568,#313,.T.);
#729=EDGE_CURVE('',#568,#561,#68,.T.);
#730=EDGE_CURVE('',#569,#570,#314,.T.);
#731=EDGE_CURVE('',#571,#569,#315,.T.);
#732=EDGE_CURVE('',#572,#571,#316,.T.);
#733=EDGE_CURVE('',#572,#573,#317,.T.);
#734=EDGE_CURVE('',#573,#574,#318,.T.);
#735=EDGE_CURVE('',#469,#574,#319,.T.);
#736=EDGE_CURVE('',#575,#464,#320,.T.);
#737=EDGE_CURVE('',#576,#575,#321,.T.);
#738=EDGE_CURVE('',#570,#576,#322,.T.);
#739=EDGE_CURVE('',#577,#567,#323,.T.);
#740=EDGE_CURVE('',#569,#511,#69,.T.);
#741=EDGE_CURVE('',#463,#578,#324,.T.);
#742=EDGE_CURVE('',#579,#578,#325,.T.);
#743=EDGE_CURVE('',#577,#579,#326,.T.);
#744=EDGE_CURVE('',#510,#571,#70,.T.);
#745=EDGE_CURVE('',#558,#525,#327,.T.);
#746=EDGE_CURVE('',#524,#559,#328,.T.);
#747=EDGE_CURVE('',#566,#497,#329,.T.);
#748=EDGE_CURVE('',#564,#502,#330,.T.);
#749=EDGE_CURVE('',#503,#563,#331,.T.);
#750=EDGE_CURVE('',#562,#504,#332,.T.);
#751=EDGE_CURVE('',#501,#565,#333,.T.);
#752=EDGE_CURVE('',#568,#580,#334,.T.);
#753=EDGE_CURVE('',#580,#581,#335,.T.);
#754=EDGE_CURVE('',#581,#582,#336,.T.);
#755=EDGE_CURVE('',#582,#470,#337,.T.);
#756=ORIENTED_EDGE('',*,*,#583,.T.);
#757=ORIENTED_EDGE('',*,*,#584,.F.);
#758=ORIENTED_EDGE('',*,*,#585,.T.);
#759=ORIENTED_EDGE('',*,*,#586,.F.);
#760=ORIENTED_EDGE('',*,*,#587,.T.);
#761=ORIENTED_EDGE('',*,*,#588,.T.);
#762=ORIENTED_EDGE('',*,*,#589,.F.);
#763=ORIENTED_EDGE('',*,*,#590,.F.);
#764=ORIENTED_EDGE('',*,*,#591,.F.);
#765=ORIENTED_EDGE('',*,*,#585,.F.);
#766=ORIENTED_EDGE('',*,*,#592,.F.);
#767=ORIENTED_EDGE('',*,*,#593,.F.);
#768=ORIENTED_EDGE('',*,*,#593,.T.);
#769=ORIENTED_EDGE('',*,*,#594,.F.);
#770=ORIENTED_EDGE('',*,*,#595,.T.);
#771=ORIENTED_EDGE('',*,*,#596,.T.);
#772=ORIENTED_EDGE('',*,*,#597,.F.);
#773=ORIENTED_EDGE('',*,*,#587,.F.);
#774=ORIENTED_EDGE('',*,*,#598,.F.);
#775=ORIENTED_EDGE('',*,*,#595,.F.);
#776=ORIENTED_EDGE('',*,*,#599,.T.);
#777=ORIENTED_EDGE('',*,*,#600,.T.);
#778=ORIENTED_EDGE('',*,*,#601,.T.);
#779=ORIENTED_EDGE('',*,*,#600,.F.);
#780=ORIENTED_EDGE('',*,*,#602,.T.);
#781=ORIENTED_EDGE('',*,*,#603,.T.);
#782=ORIENTED_EDGE('',*,*,#604,.T.);
#783=ORIENTED_EDGE('',*,*,#605,.T.);
#784=ORIENTED_EDGE('',*,*,#603,.F.);
#785=ORIENTED_EDGE('',*,*,#606,.T.);
#786=ORIENTED_EDGE('',*,*,#607,.F.);
#787=ORIENTED_EDGE('',*,*,#608,.F.);
#788=ORIENTED_EDGE('',*,*,#609,.T.);
#789=ORIENTED_EDGE('',*,*,#610,.F.);
#790=ORIENTED_EDGE('',*,*,#611,.F.);
#791=ORIENTED_EDGE('',*,*,#612,.F.);
#792=ORIENTED_EDGE('',*,*,#613,.F.);
#793=ORIENTED_EDGE('',*,*,#614,.T.);
#794=ORIENTED_EDGE('',*,*,#602,.F.);
#795=ORIENTED_EDGE('',*,*,#615,.T.);
#796=ORIENTED_EDGE('',*,*,#616,.T.);
#797=ORIENTED_EDGE('',*,*,#617,.F.);
#798=ORIENTED_EDGE('',*,*,#618,.T.);
#799=ORIENTED_EDGE('',*,*,#619,.F.);
#800=ORIENTED_EDGE('',*,*,#620,.F.);
#801=ORIENTED_EDGE('',*,*,#621,.F.);
#802=ORIENTED_EDGE('',*,*,#607,.T.);
#803=ORIENTED_EDGE('',*,*,#606,.F.);
#804=ORIENTED_EDGE('',*,*,#622,.F.);
#805=ORIENTED_EDGE('',*,*,#605,.F.);
#806=ORIENTED_EDGE('',*,*,#623,.F.);
#807=ORIENTED_EDGE('',*,*,#624,.T.);
#808=ORIENTED_EDGE('',*,*,#615,.F.);
#809=ORIENTED_EDGE('',*,*,#611,.T.);
#810=ORIENTED_EDGE('',*,*,#625,.F.);
#811=ORIENTED_EDGE('',*,*,#626,.F.);
#812=ORIENTED_EDGE('',*,*,#627,.F.);
#813=ORIENTED_EDGE('',*,*,#628,.F.);
#814=ORIENTED_EDGE('',*,*,#629,.F.);
#815=ORIENTED_EDGE('',*,*,#630,.F.);
#816=ORIENTED_EDGE('',*,*,#631,.F.);
#817=ORIENTED_EDGE('',*,*,#632,.F.);
#818=ORIENTED_EDGE('',*,*,#633,.F.);
#819=ORIENTED_EDGE('',*,*,#634,.F.);
#820=ORIENTED_EDGE('',*,*,#635,.T.);
#821=ORIENTED_EDGE('',*,*,#636,.T.);
#822=ORIENTED_EDGE('',*,*,#637,.F.);
#823=ORIENTED_EDGE('',*,*,#638,.T.);
#824=ORIENTED_EDGE('',*,*,#639,.F.);
#825=ORIENTED_EDGE('',*,*,#640,.T.);
#826=ORIENTED_EDGE('',*,*,#641,.F.);
#827=ORIENTED_EDGE('',*,*,#642,.T.);
#828=ORIENTED_EDGE('',*,*,#643,.T.);
#829=ORIENTED_EDGE('',*,*,#644,.F.);
#830=ORIENTED_EDGE('',*,*,#645,.F.);
#831=ORIENTED_EDGE('',*,*,#646,.F.);
#832=ORIENTED_EDGE('',*,*,#647,.F.);
#833=ORIENTED_EDGE('',*,*,#648,.F.);
#834=ORIENTED_EDGE('',*,*,#649,.F.);
#835=ORIENTED_EDGE('',*,*,#650,.F.);
#836=ORIENTED_EDGE('',*,*,#651,.F.);
#837=ORIENTED_EDGE('',*,*,#652,.F.);
#838=ORIENTED_EDGE('',*,*,#653,.F.);
#839=ORIENTED_EDGE('',*,*,#654,.F.);
#840=ORIENTED_EDGE('',*,*,#655,.F.);
#841=ORIENTED_EDGE('',*,*,#656,.T.);
#842=ORIENTED_EDGE('',*,*,#657,.T.);
#843=ORIENTED_EDGE('',*,*,#658,.T.);
#844=ORIENTED_EDGE('',*,*,#618,.F.);
#845=ORIENTED_EDGE('',*,*,#659,.F.);
#846=ORIENTED_EDGE('',*,*,#660,.F.);
#847=ORIENTED_EDGE('',*,*,#659,.T.);
#848=ORIENTED_EDGE('',*,*,#617,.T.);
#849=ORIENTED_EDGE('',*,*,#661,.T.);
#850=ORIENTED_EDGE('',*,*,#662,.T.);
#851=ORIENTED_EDGE('',*,*,#663,.T.);
#852=ORIENTED_EDGE('',*,*,#664,.T.);
#853=ORIENTED_EDGE('',*,*,#622,.T.);
#854=ORIENTED_EDGE('',*,*,#664,.F.);
#855=ORIENTED_EDGE('',*,*,#665,.F.);
#856=ORIENTED_EDGE('',*,*,#661,.F.);
#857=ORIENTED_EDGE('',*,*,#616,.F.);
#858=ORIENTED_EDGE('',*,*,#624,.F.);
#859=ORIENTED_EDGE('',*,*,#604,.F.);
#860=ORIENTED_EDGE('',*,*,#614,.F.);
#861=ORIENTED_EDGE('',*,*,#613,.T.);
#862=ORIENTED_EDGE('',*,*,#666,.F.);
#863=ORIENTED_EDGE('',*,*,#667,.F.);
#864=ORIENTED_EDGE('',*,*,#668,.T.);
#865=ORIENTED_EDGE('',*,*,#660,.T.);
#866=ORIENTED_EDGE('',*,*,#662,.F.);
#867=ORIENTED_EDGE('',*,*,#665,.T.);
#868=ORIENTED_EDGE('',*,*,#623,.T.);
#869=ORIENTED_EDGE('',*,*,#663,.F.);
#870=ORIENTED_EDGE('',*,*,#668,.F.);
#871=ORIENTED_EDGE('',*,*,#669,.T.);
#872=ORIENTED_EDGE('',*,*,#619,.T.);
#873=ORIENTED_EDGE('',*,*,#658,.F.);
#874=ORIENTED_EDGE('',*,*,#612,.T.);
#875=ORIENTED_EDGE('',*,*,#655,.T.);
#876=ORIENTED_EDGE('',*,*,#670,.T.);
#877=ORIENTED_EDGE('',*,*,#666,.T.);
#878=ORIENTED_EDGE('',*,*,#608,.T.);
#879=ORIENTED_EDGE('',*,*,#621,.T.);
#880=ORIENTED_EDGE('',*,*,#671,.T.);
#881=ORIENTED_EDGE('',*,*,#672,.T.);
#882=ORIENTED_EDGE('',*,*,#673,.T.);
#883=ORIENTED_EDGE('',*,*,#674,.T.);
#884=ORIENTED_EDGE('',*,*,#628,.T.);
#885=ORIENTED_EDGE('',*,*,#675,.T.);
#886=ORIENTED_EDGE('',*,*,#650,.T.);
#887=ORIENTED_EDGE('',*,*,#676,.T.);
#888=ORIENTED_EDGE('',*,*,#677,.T.);
#889=ORIENTED_EDGE('',*,*,#678,.T.);
#890=ORIENTED_EDGE('',*,*,#679,.F.);
#891=ORIENTED_EDGE('',*,*,#680,.T.);
#892=ORIENTED_EDGE('',*,*,#656,.F.);
#893=ORIENTED_EDGE('',*,*,#680,.F.);
#894=ORIENTED_EDGE('',*,*,#681,.F.);
#895=ORIENTED_EDGE('',*,*,#682,.T.);
#896=ORIENTED_EDGE('',*,*,#657,.F.);
#897=ORIENTED_EDGE('',*,*,#682,.F.);
#898=ORIENTED_EDGE('',*,*,#683,.F.);
#899=ORIENTED_EDGE('',*,*,#684,.T.);
#900=ORIENTED_EDGE('',*,*,#676,.F.);
#901=ORIENTED_EDGE('',*,*,#649,.T.);
#902=ORIENTED_EDGE('',*,*,#648,.T.);
#903=ORIENTED_EDGE('',*,*,#685,.T.);
#904=ORIENTED_EDGE('',*,*,#686,.T.);
#905=ORIENTED_EDGE('',*,*,#683,.T.);
#906=ORIENTED_EDGE('',*,*,#687,.F.);
#907=ORIENTED_EDGE('',*,*,#688,.T.);
#908=ORIENTED_EDGE('',*,*,#685,.F.);
#909=ORIENTED_EDGE('',*,*,#647,.T.);
#910=ORIENTED_EDGE('',*,*,#689,.T.);
#911=ORIENTED_EDGE('',*,*,#690,.T.);
#912=ORIENTED_EDGE('',*,*,#675,.F.);
#913=ORIENTED_EDGE('',*,*,#627,.T.);
#914=ORIENTED_EDGE('',*,*,#691,.T.);
#915=ORIENTED_EDGE('',*,*,#651,.T.);
#916=ORIENTED_EDGE('',*,*,#678,.F.);
#917=ORIENTED_EDGE('',*,*,#692,.F.);
#918=ORIENTED_EDGE('',*,*,#693,.F.);
#919=ORIENTED_EDGE('',*,*,#643,.F.);
#920=ORIENTED_EDGE('',*,*,#694,.T.);
#921=ORIENTED_EDGE('',*,*,#695,.F.);
#922=ORIENTED_EDGE('',*,*,#696,.T.);
#923=ORIENTED_EDGE('',*,*,#697,.T.);
#924=ORIENTED_EDGE('',*,*,#644,.T.);
#925=ORIENTED_EDGE('',*,*,#693,.T.);
#926=ORIENTED_EDGE('',*,*,#698,.F.);
#927=ORIENTED_EDGE('',*,*,#645,.T.);
#928=ORIENTED_EDGE('',*,*,#697,.F.);
#929=ORIENTED_EDGE('',*,*,#699,.T.);
#930=ORIENTED_EDGE('',*,*,#646,.T.);
#931=ORIENTED_EDGE('',*,*,#698,.T.);
#932=ORIENTED_EDGE('',*,*,#700,.T.);
#933=ORIENTED_EDGE('',*,*,#687,.T.);
#934=ORIENTED_EDGE('',*,*,#701,.F.);
#935=ORIENTED_EDGE('',*,*,#702,.F.);
#936=ORIENTED_EDGE('',*,*,#703,.T.);
#937=ORIENTED_EDGE('',*,*,#635,.F.);
#938=ORIENTED_EDGE('',*,*,#634,.T.);
#939=ORIENTED_EDGE('',*,*,#704,.T.);
#940=ORIENTED_EDGE('',*,*,#705,.T.);
#941=ORIENTED_EDGE('',*,*,#701,.T.);
#942=ORIENTED_EDGE('',*,*,#706,.F.);
#943=ORIENTED_EDGE('',*,*,#636,.F.);
#944=ORIENTED_EDGE('',*,*,#703,.F.);
#945=ORIENTED_EDGE('',*,*,#707,.F.);
#946=ORIENTED_EDGE('',*,*,#637,.T.);
#947=ORIENTED_EDGE('',*,*,#706,.T.);
#948=ORIENTED_EDGE('',*,*,#708,.T.);
#949=ORIENTED_EDGE('',*,*,#709,.T.);
#950=ORIENTED_EDGE('',*,*,#710,.F.);
#951=ORIENTED_EDGE('',*,*,#711,.F.);
#952=ORIENTED_EDGE('',*,*,#694,.F.);
#953=ORIENTED_EDGE('',*,*,#642,.F.);
#954=ORIENTED_EDGE('',*,*,#712,.T.);
#955=ORIENTED_EDGE('',*,*,#710,.T.);
#956=ORIENTED_EDGE('',*,*,#641,.T.);
#957=ORIENTED_EDGE('',*,*,#713,.T.);
#958=ORIENTED_EDGE('',*,*,#609,.F.);
#959=ORIENTED_EDGE('',*,*,#672,.F.);
#960=ORIENTED_EDGE('',*,*,#714,.T.);
#961=ORIENTED_EDGE('',*,*,#715,.F.);
#962=ORIENTED_EDGE('',*,*,#716,.F.);
#963=ORIENTED_EDGE('',*,*,#692,.T.);
#964=ORIENTED_EDGE('',*,*,#677,.F.);
#965=ORIENTED_EDGE('',*,*,#684,.F.);
#966=ORIENTED_EDGE('',*,*,#686,.F.);
#967=ORIENTED_EDGE('',*,*,#688,.F.);
#968=ORIENTED_EDGE('',*,*,#700,.F.);
#969=ORIENTED_EDGE('',*,*,#699,.F.);
#970=ORIENTED_EDGE('',*,*,#696,.F.);
#971=ORIENTED_EDGE('',*,*,#695,.T.);
#972=ORIENTED_EDGE('',*,*,#711,.T.);
#973=ORIENTED_EDGE('',*,*,#712,.F.);
#974=ORIENTED_EDGE('',*,*,#717,.F.);
#975=ORIENTED_EDGE('',*,*,#718,.F.);
#976=ORIENTED_EDGE('',*,*,#719,.T.);
#977=ORIENTED_EDGE('',*,*,#708,.F.);
#978=ORIENTED_EDGE('',*,*,#707,.T.);
#979=ORIENTED_EDGE('',*,*,#702,.T.);
#980=ORIENTED_EDGE('',*,*,#705,.F.);
#981=ORIENTED_EDGE('',*,*,#720,.F.);
#982=ORIENTED_EDGE('',*,*,#721,.F.);
#983=ORIENTED_EDGE('',*,*,#722,.F.);
#984=ORIENTED_EDGE('',*,*,#723,.F.);
#985=ORIENTED_EDGE('',*,*,#724,.T.);
#986=ORIENTED_EDGE('',*,*,#673,.F.);
#987=ORIENTED_EDGE('',*,*,#690,.F.);
#988=ORIENTED_EDGE('',*,*,#725,.F.);
#989=ORIENTED_EDGE('',*,*,#726,.F.);
#990=ORIENTED_EDGE('',*,*,#679,.T.);
#991=ORIENTED_EDGE('',*,*,#681,.T.);
#992=ORIENTED_EDGE('',*,*,#727,.T.);
#993=ORIENTED_EDGE('',*,*,#728,.T.);
#994=ORIENTED_EDGE('',*,*,#729,.T.);
#995=ORIENTED_EDGE('',*,*,#718,.T.);
#996=ORIENTED_EDGE('',*,*,#730,.F.);
#997=ORIENTED_EDGE('',*,*,#731,.F.);
#998=ORIENTED_EDGE('',*,*,#732,.F.);
#999=ORIENTED_EDGE('',*,*,#733,.T.);
#1000=ORIENTED_EDGE('',*,*,#734,.T.);
#1001=ORIENTED_EDGE('',*,*,#735,.F.);
#1002=ORIENTED_EDGE('',*,*,#588,.F.);
#1003=ORIENTED_EDGE('',*,*,#597,.T.);
#1004=ORIENTED_EDGE('',*,*,#594,.T.);
#1005=ORIENTED_EDGE('',*,*,#592,.T.);
#1006=ORIENTED_EDGE('',*,*,#584,.T.);
#1007=ORIENTED_EDGE('',*,*,#736,.F.);
#1008=ORIENTED_EDGE('',*,*,#737,.F.);
#1009=ORIENTED_EDGE('',*,*,#738,.F.);
#1010=ORIENTED_EDGE('',*,*,#601,.F.);
#1011=ORIENTED_EDGE('',*,*,#739,.T.);
#1012=ORIENTED_EDGE('',*,*,#727,.F.);
#1013=ORIENTED_EDGE('',*,*,#717,.T.);
#1014=ORIENTED_EDGE('',*,*,#713,.F.);
#1015=ORIENTED_EDGE('',*,*,#640,.F.);
#1016=ORIENTED_EDGE('',*,*,#740,.F.);
#1017=ORIENTED_EDGE('',*,*,#730,.T.);
#1018=ORIENTED_EDGE('',*,*,#738,.T.);
#1019=ORIENTED_EDGE('',*,*,#737,.T.);
#1020=ORIENTED_EDGE('',*,*,#736,.T.);
#1021=ORIENTED_EDGE('',*,*,#583,.F.);
#1022=ORIENTED_EDGE('',*,*,#741,.T.);
#1023=ORIENTED_EDGE('',*,*,#742,.F.);
#1024=ORIENTED_EDGE('',*,*,#743,.F.);
#1025=ORIENTED_EDGE('',*,*,#740,.T.);
#1026=ORIENTED_EDGE('',*,*,#639,.T.);
#1027=ORIENTED_EDGE('',*,*,#744,.T.);
#1028=ORIENTED_EDGE('',*,*,#731,.T.);
#1029=ORIENTED_EDGE('',*,*,#745,.F.);
#1030=ORIENTED_EDGE('',*,*,#714,.F.);
#1031=ORIENTED_EDGE('',*,*,#671,.F.);
#1032=ORIENTED_EDGE('',*,*,#620,.T.);
#1033=ORIENTED_EDGE('',*,*,#669,.F.);
#1034=ORIENTED_EDGE('',*,*,#667,.T.);
#1035=ORIENTED_EDGE('',*,*,#670,.F.);
#1036=ORIENTED_EDGE('',*,*,#654,.T.);
#1037=ORIENTED_EDGE('',*,*,#746,.F.);
#1038=ORIENTED_EDGE('',*,*,#652,.T.);
#1039=ORIENTED_EDGE('',*,*,#691,.F.);
#1040=ORIENTED_EDGE('',*,*,#716,.T.);
#1041=ORIENTED_EDGE('',*,*,#653,.T.);
#1042=ORIENTED_EDGE('',*,*,#746,.T.);
#1043=ORIENTED_EDGE('',*,*,#715,.T.);
#1044=ORIENTED_EDGE('',*,*,#745,.T.);
#1045=ORIENTED_EDGE('',*,*,#747,.F.);
#1046=ORIENTED_EDGE('',*,*,#725,.T.);
#1047=ORIENTED_EDGE('',*,*,#689,.F.);
#1048=ORIENTED_EDGE('',*,*,#626,.T.);
#1049=ORIENTED_EDGE('',*,*,#726,.T.);
#1050=ORIENTED_EDGE('',*,*,#747,.T.);
#1051=ORIENTED_EDGE('',*,*,#625,.T.);
#1052=ORIENTED_EDGE('',*,*,#610,.T.);
#1053=ORIENTED_EDGE('',*,*,#748,.F.);
#1054=ORIENTED_EDGE('',*,*,#722,.T.);
#1055=ORIENTED_EDGE('',*,*,#749,.F.);
#1056=ORIENTED_EDGE('',*,*,#631,.T.);
#1057=ORIENTED_EDGE('',*,*,#750,.F.);
#1058=ORIENTED_EDGE('',*,*,#720,.T.);
#1059=ORIENTED_EDGE('',*,*,#704,.F.);
#1060=ORIENTED_EDGE('',*,*,#633,.T.);
#1061=ORIENTED_EDGE('',*,*,#632,.T.);
#1062=ORIENTED_EDGE('',*,*,#749,.T.);
#1063=ORIENTED_EDGE('',*,*,#721,.T.);
#1064=ORIENTED_EDGE('',*,*,#750,.T.);
#1065=ORIENTED_EDGE('',*,*,#751,.F.);
#1066=ORIENTED_EDGE('',*,*,#629,.T.);
#1067=ORIENTED_EDGE('',*,*,#674,.F.);
#1068=ORIENTED_EDGE('',*,*,#724,.F.);
#1069=ORIENTED_EDGE('',*,*,#723,.T.);
#1070=ORIENTED_EDGE('',*,*,#748,.T.);
#1071=ORIENTED_EDGE('',*,*,#630,.T.);
#1072=ORIENTED_EDGE('',*,*,#751,.T.);
#1073=ORIENTED_EDGE('',*,*,#732,.T.);
#1074=ORIENTED_EDGE('',*,*,#744,.F.);
#1075=ORIENTED_EDGE('',*,*,#638,.F.);
#1076=ORIENTED_EDGE('',*,*,#709,.F.);
#1077=ORIENTED_EDGE('',*,*,#719,.F.);
#1078=ORIENTED_EDGE('',*,*,#729,.F.);
#1079=ORIENTED_EDGE('',*,*,#752,.T.);
#1080=ORIENTED_EDGE('',*,*,#753,.T.);
#1081=ORIENTED_EDGE('',*,*,#754,.T.);
#1082=ORIENTED_EDGE('',*,*,#755,.T.);
#1083=ORIENTED_EDGE('',*,*,#589,.T.);
#1084=ORIENTED_EDGE('',*,*,#735,.T.);
#1085=ORIENTED_EDGE('',*,*,#734,.F.);
#1086=ORIENTED_EDGE('',*,*,#733,.F.);
#1087=ORIENTED_EDGE('',*,*,#752,.F.);
#1088=ORIENTED_EDGE('',*,*,#728,.F.);
#1089=ORIENTED_EDGE('',*,*,#739,.F.);
#1090=ORIENTED_EDGE('',*,*,#743,.T.);
#1091=ORIENTED_EDGE('',*,*,#742,.T.);
#1092=ORIENTED_EDGE('',*,*,#741,.F.);
#1093=ORIENTED_EDGE('',*,*,#586,.T.);
#1094=ORIENTED_EDGE('',*,*,#591,.T.);
#1095=ORIENTED_EDGE('',*,*,#596,.F.);
#1096=ORIENTED_EDGE('',*,*,#598,.T.);
#1097=ORIENTED_EDGE('',*,*,#590,.T.);
#1098=ORIENTED_EDGE('',*,*,#755,.F.);
#1099=ORIENTED_EDGE('',*,*,#754,.F.);
#1100=ORIENTED_EDGE('',*,*,#753,.F.);
#1101=ORIENTED_EDGE('',*,*,#599,.F.);
#1102=PLANE('',#1202);
#1103=PLANE('',#1203);
#1104=PLANE('',#1207);
#1105=PLANE('',#1217);
#1106=PLANE('',#1220);
#1107=PLANE('',#1223);
#1108=PLANE('',#1224);
#1109=PLANE('',#1239);
#1110=PLANE('',#1240);
#1111=PLANE('',#1245);
#1112=PLANE('',#1246);
#1113=PLANE('',#1259);
#1114=PLANE('',#1262);
#1115=PLANE('',#1263);
#1116=PLANE('',#1264);
#1117=PLANE('',#1265);
#1118=PLANE('',#1268);
#1119=PLANE('',#1271);
#1120=PLANE('',#1274);
#1121=PLANE('',#1277);
#1122=PLANE('',#1280);
#1123=PLANE('',#1288);
#1124=PLANE('',#1289);
#1125=PLANE('',#1293);
#1126=PLANE('',#1294);
#1127=PLANE('',#1296);
#1128=PLANE('',#1298);
#1129=PLANE('',#1299);
#1130=PLANE('',#1301);
#1131=PLANE('',#1303);
#1132=PLANE('',#1304);
#1133=ADVANCED_FACE('',(#95),#1102,.F.);
#1134=ADVANCED_FACE('',(#96),#1103,.T.);
#1135=ADVANCED_FACE('',(#97),#71,.T.);
#1136=ADVANCED_FACE('',(#98),#1104,.T.);
#1137=ADVANCED_FACE('',(#99),#72,.T.);
#1138=ADVANCED_FACE('',(#100),#73,.F.);
#1139=ADVANCED_FACE('',(#101),#74,.T.);
#1140=ADVANCED_FACE('',(#102),#1105,.F.);
#1141=ADVANCED_FACE('',(#103,#15),#1106,.T.);
#1142=ADVANCED_FACE('',(#104),#1107,.F.);
#1143=ADVANCED_FACE('',(#105,#16,#17),#1108,.F.);
#1144=ADVANCED_FACE('',(#106),#1109,.F.);
#1145=ADVANCED_FACE('',(#107),#1110,.T.);
#1146=ADVANCED_FACE('',(#108),#75,.F.);
#1147=ADVANCED_FACE('',(#109),#76,.T.);
#1148=ADVANCED_FACE('',(#110,#18),#1111,.F.);
#1149=ADVANCED_FACE('',(#111),#1112,.F.);
#1150=ADVANCED_FACE('',(#112),#77,.T.);
#1151=ADVANCED_FACE('',(#113),#78,.F.);
#1152=ADVANCED_FACE('',(#114),#79,.T.);
#1153=ADVANCED_FACE('',(#115),#80,.T.);
#1154=ADVANCED_FACE('',(#116),#81,.F.);
#1155=ADVANCED_FACE('',(#117),#82,.F.);
#1156=ADVANCED_FACE('',(#118),#1113,.T.);
#1157=ADVANCED_FACE('',(#119),#83,.T.);
#1158=ADVANCED_FACE('',(#120),#1114,.T.);
#1159=ADVANCED_FACE('',(#121),#1115,.T.);
#1160=ADVANCED_FACE('',(#122),#1116,.F.);
#1161=ADVANCED_FACE('',(#123),#1117,.T.);
#1162=ADVANCED_FACE('',(#124),#84,.T.);
#1163=ADVANCED_FACE('',(#125),#1118,.T.);
#1164=ADVANCED_FACE('',(#126),#85,.T.);
#1165=ADVANCED_FACE('',(#127),#1119,.T.);
#1166=ADVANCED_FACE('',(#128),#86,.T.);
#1167=ADVANCED_FACE('',(#129),#1120,.F.);
#1168=ADVANCED_FACE('',(#130),#87,.F.);
#1169=ADVANCED_FACE('',(#131),#1121,.F.);
#1170=ADVANCED_FACE('',(#132),#88,.F.);
#1171=ADVANCED_FACE('',(#133,#19,#20),#1122,.T.);
#1172=ADVANCED_FACE('',(#134),#89,.F.);
#1173=ADVANCED_FACE('',(#135,#21),#1123,.F.);
#1174=ADVANCED_FACE('',(#136),#1124,.T.);
#1175=ADVANCED_FACE('',(#137),#90,.T.);
#1176=ADVANCED_FACE('',(#138),#1125,.F.);
#1177=ADVANCED_FACE('',(#139),#1126,.T.);
#1178=ADVANCED_FACE('',(#140),#91,.F.);
#1179=ADVANCED_FACE('',(#141),#1127,.T.);
#1180=ADVANCED_FACE('',(#142),#92,.F.);
#1181=ADVANCED_FACE('',(#143),#1128,.T.);
#1182=ADVANCED_FACE('',(#144),#1129,.T.);
#1183=ADVANCED_FACE('',(#145),#93,.T.);
#1184=ADVANCED_FACE('',(#146),#1130,.F.);
#1185=ADVANCED_FACE('',(#147),#94,.T.);
#1186=ADVANCED_FACE('',(#148),#1131,.T.);
#1187=ADVANCED_FACE('',(#149,#22),#1132,.T.);
#1188=CLOSED_SHELL('',(#1133,#1134,#1135,#1136,#1137,#1138,#1139,#1140,
#1141,#1142,#1143,#1144,#1145,#1146,#1147,#1148,#1149,#1150,#1151,#1152,
#1153,#1154,#1155,#1156,#1157,#1158,#1159,#1160,#1161,#1162,#1163,#1164,
#1165,#1166,#1167,#1168,#1169,#1170,#1171,#1172,#1173,#1174,#1175,#1176,
#1177,#1178,#1179,#1180,#1181,#1182,#1183,#1184,#1185,#1186,#1187));
#1189=DERIVED_UNIT_ELEMENT(#1191,1.);
#1190=DERIVED_UNIT_ELEMENT(#1992,-3.);
#1191=(
MASS_UNIT()
NAMED_UNIT(*)
SI_UNIT(.KILO.,.GRAM.)
);
#1192=DERIVED_UNIT((#1189,#1190));
#1193=MEASURE_REPRESENTATION_ITEM('density measure',
POSITIVE_RATIO_MEASURE(7850.),#1192);
#1194=PROPERTY_DEFINITION_REPRESENTATION(#1199,#1196);
#1195=PROPERTY_DEFINITION_REPRESENTATION(#1200,#1197);
#1196=REPRESENTATION('material name',(#1198),#1989);
#1197=REPRESENTATION('density',(#1193),#1989);
#1198=DESCRIPTIVE_REPRESENTATION_ITEM('Steel','Steel');
#1199=PROPERTY_DEFINITION('material property','material name',#1999);
#1200=PROPERTY_DEFINITION('material property','density of part',#1999);
#1201=AXIS2_PLACEMENT_3D('',#1638,#1305,#1306);
#1202=AXIS2_PLACEMENT_3D('',#1639,#1307,#1308);
#1203=AXIS2_PLACEMENT_3D('',#1648,#1313,#1314);
#1204=AXIS2_PLACEMENT_3D('',#1657,#1319,#1320);
#1205=AXIS2_PLACEMENT_3D('',#1659,#1321,#1322);
#1206=AXIS2_PLACEMENT_3D('',#1661,#1323,#1324);
#1207=AXIS2_PLACEMENT_3D('',#1663,#1326,#1327);
#1208=AXIS2_PLACEMENT_3D('',#1669,#1331,#1332);
#1209=AXIS2_PLACEMENT_3D('',#1670,#1333,#1334);
#1210=AXIS2_PLACEMENT_3D('',#1671,#1335,#1336);
#1211=AXIS2_PLACEMENT_3D('',#1672,#1337,#1338);
#1212=AXIS2_PLACEMENT_3D('',#1674,#1339,#1340);
#1213=AXIS2_PLACEMENT_3D('',#1677,#1342,#1343);
#1214=AXIS2_PLACEMENT_3D('',#1678,#1344,#1345);
#1215=AXIS2_PLACEMENT_3D('',#1681,#1346,#1347);
#1216=AXIS2_PLACEMENT_3D('',#1685,#1349,#1350);
#1217=AXIS2_PLACEMENT_3D('',#1687,#1352,#1353);
#1218=AXIS2_PLACEMENT_3D('',#1693,#1356,#1357);
#1219=AXIS2_PLACEMENT_3D('',#1701,#1361,#1362);
#1220=AXIS2_PLACEMENT_3D('',#1705,#1365,#1366);
#1221=AXIS2_PLACEMENT_3D('',#1709,#1368,#1369);
#1222=AXIS2_PLACEMENT_3D('',#1720,#1375,#1376);
#1223=AXIS2_PLACEMENT_3D('',#1721,#1377,#1378);
#1224=AXIS2_PLACEMENT_3D('',#1725,#1381,#1382);
#1225=AXIS2_PLACEMENT_3D('',#1727,#1383,#1384);
#1226=AXIS2_PLACEMENT_3D('',#1733,#1387,#1388);
#1227=AXIS2_PLACEMENT_3D('',#1737,#1390,#1391);
#1228=AXIS2_PLACEMENT_3D('',#1741,#1393,#1394);
#1229=AXIS2_PLACEMENT_3D('',#1745,#1396,#1397);
#1230=AXIS2_PLACEMENT_3D('',#1751,#1400,#1401);
#1231=AXIS2_PLACEMENT_3D('',#1759,#1405,#1406);
#1232=AXIS2_PLACEMENT_3D('',#1765,#1409,#1410);
#1233=AXIS2_PLACEMENT_3D('',#1769,#1412,#1413);
#1234=AXIS2_PLACEMENT_3D('',#1773,#1415,#1416);
#1235=AXIS2_PLACEMENT_3D('',#1777,#1418,#1419);
#1236=AXIS2_PLACEMENT_3D('',#1783,#1422,#1423);
#1237=AXIS2_PLACEMENT_3D('',#1788,#1426,#1427);
#1238=AXIS2_PLACEMENT_3D('',#1790,#1428,#1429);
#1239=AXIS2_PLACEMENT_3D('',#1791,#1430,#1431);
#1240=AXIS2_PLACEMENT_3D('',#1797,#1435,#1436);
#1241=AXIS2_PLACEMENT_3D('',#1801,#1439,#1440);
#1242=AXIS2_PLACEMENT_3D('',#1803,#1441,#1442);
#1243=AXIS2_PLACEMENT_3D('',#1805,#1444,#1445);
#1244=AXIS2_PLACEMENT_3D('',#1806,#1446,#1447);
#1245=AXIS2_PLACEMENT_3D('',#1807,#1448,#1449);
#1246=AXIS2_PLACEMENT_3D('',#1813,#1453,#1454);
#1247=AXIS2_PLACEMENT_3D('',#1815,#1456,#1457);
#1248=AXIS2_PLACEMENT_3D('',#1816,#1458,#1459);
#1249=AXIS2_PLACEMENT_3D('',#1817,#1460,#1461);
#1250=AXIS2_PLACEMENT_3D('',#1819,#1462,#1463);
#1251=AXIS2_PLACEMENT_3D('',#1821,#1465,#1466);
#1252=AXIS2_PLACEMENT_3D('',#1824,#1467,#1468);
#1253=AXIS2_PLACEMENT_3D('',#1827,#1471,#1472);
#1254=AXIS2_PLACEMENT_3D('',#1831,#1474,#1475);
#1255=AXIS2_PLACEMENT_3D('',#1833,#1477,#1478);
#1256=AXIS2_PLACEMENT_3D('',#1835,#1479,#1480);
#1257=AXIS2_PLACEMENT_3D('',#1837,#1482,#1483);
#1258=AXIS2_PLACEMENT_3D('',#1839,#1484,#1485);
#1259=AXIS2_PLACEMENT_3D('',#1841,#1487,#1488);
#1260=AXIS2_PLACEMENT_3D('',#1845,#1491,#1492);
#1261=AXIS2_PLACEMENT_3D('',#1848,#1494,#1495);
#1262=AXIS2_PLACEMENT_3D('',#1849,#1496,#1497);
#1263=AXIS2_PLACEMENT_3D('',#1853,#1500,#1501);
#1264=AXIS2_PLACEMENT_3D('',#1857,#1504,#1505);
#1265=AXIS2_PLACEMENT_3D('',#1861,#1508,#1509);
#1266=AXIS2_PLACEMENT_3D('',#1867,#1513,#1514);
#1267=AXIS2_PLACEMENT_3D('',#1869,#1515,#1516);
#1268=AXIS2_PLACEMENT_3D('',#1871,#1518,#1519);
#1269=AXIS2_PLACEMENT_3D('',#1875,#1522,#1523);
#1270=AXIS2_PLACEMENT_3D('',#1876,#1524,#1525);
#1271=AXIS2_PLACEMENT_3D('',#1877,#1526,#1527);
#1272=AXIS2_PLACEMENT_3D('',#1883,#1531,#1532);
#1273=AXIS2_PLACEMENT_3D('',#1886,#1534,#1535);
#1274=AXIS2_PLACEMENT_3D('',#1887,#1536,#1537);
#1275=AXIS2_PLACEMENT_3D('',#1891,#1540,#1541);
#1276=AXIS2_PLACEMENT_3D('',#1893,#1542,#1543);
#1277=AXIS2_PLACEMENT_3D('',#1895,#1545,#1546);
#1278=AXIS2_PLACEMENT_3D('',#1899,#1549,#1550);
#1279=AXIS2_PLACEMENT_3D('',#1901,#1551,#1552);
#1280=AXIS2_PLACEMENT_3D('',#1903,#1554,#1555);
#1281=AXIS2_PLACEMENT_3D('',#1907,#1557,#1558);
#1282=AXIS2_PLACEMENT_3D('',#1917,#1564,#1565);
#1283=AXIS2_PLACEMENT_3D('',#1921,#1567,#1568);
#1284=AXIS2_PLACEMENT_3D('',#1925,#1571,#1572);
#1285=AXIS2_PLACEMENT_3D('',#1926,#1573,#1574);
#1286=AXIS2_PLACEMENT_3D('',#1928,#1575,#1576);
#1287=AXIS2_PLACEMENT_3D('',#1931,#1578,#1579);
#1288=AXIS2_PLACEMENT_3D('',#1932,#1580,#1581);
#1289=AXIS2_PLACEMENT_3D('',#1950,#1591,#1592);
#1290=AXIS2_PLACEMENT_3D('',#1953,#1594,#1595);
#1291=AXIS2_PLACEMENT_3D('',#1959,#1599,#1600);
#1292=AXIS2_PLACEMENT_3D('',#1960,#1601,#1602);
#1293=AXIS2_PLACEMENT_3D('',#1961,#1603,#1604);
#1294=AXIS2_PLACEMENT_3D('',#1963,#1606,#1607);
#1295=AXIS2_PLACEMENT_3D('',#1965,#1609,#1610);
#1296=AXIS2_PLACEMENT_3D('',#1966,#1611,#1612);
#1297=AXIS2_PLACEMENT_3D('',#1968,#1614,#1615);
#1298=AXIS2_PLACEMENT_3D('',#1969,#1616,#1617);
#1299=AXIS2_PLACEMENT_3D('',#1972,#1620,#1621);
#1300=AXIS2_PLACEMENT_3D('',#1974,#1623,#1624);
#1301=AXIS2_PLACEMENT_3D('',#1975,#1625,#1626);
#1302=AXIS2_PLACEMENT_3D('',#1977,#1628,#1629);
#1303=AXIS2_PLACEMENT_3D('',#1978,#1630,#1631);
#1304=AXIS2_PLACEMENT_3D('',#1986,#1636,#1637);
#1305=DIRECTION('axis',(0.,0.,1.));
#1306=DIRECTION('refdir',(1.,0.,0.));
#1307=DIRECTION('center_axis',(1.,5.42021348655675E-64,0.));
#1308=DIRECTION('ref_axis',(-5.42021348655675E-64,1.,2.46519032881566E-32));
#1309=DIRECTION('',(-5.42021348655675E-64,1.,0.));
#1310=DIRECTION('',(1.33618578671759E-95,-2.46519032881566E-32,1.));
#1311=DIRECTION('',(5.42021348655675E-64,-1.,-2.46519032881566E-32));
#1312=DIRECTION('',(-1.33618578671759E-95,2.46519032881566E-32,-1.));
#1313=DIRECTION('center_axis',(1.,5.42021348655675E-64,0.));
#1314=DIRECTION('ref_axis',(-5.42021348655675E-64,1.,2.46519032881566E-32));
#1315=DIRECTION('',(-5.42021348655675E-64,1.,2.46519032881566E-32));
#1316=DIRECTION('',(0.,0.,1.));
#1317=DIRECTION('',(-5.42021348655675E-64,1.,2.46519032881566E-32));
#1318=DIRECTION('',(0.,0.,1.));
#1319=DIRECTION('center_axis',(-5.42021348655675E-64,1.,2.46519032881566E-32));
#1320=DIRECTION('ref_axis',(0.707106781186548,1.74315279842105E-32,-0.707106781186547));
#1321=DIRECTION('center_axis',(5.42021348655675E-64,-1.,-2.46519032881566E-32));
#1322=DIRECTION('ref_axis',(0.707106781186548,1.74315279842105E-32,-0.707106781186547));
#1323=DIRECTION('center_axis',(-5.42021348655675E-64,1.,2.46519032881566E-32));
#1324=DIRECTION('ref_axis',(0.707106781186548,1.74315279842105E-32,-0.707106781186547));
#1325=DIRECTION('',(-5.42021348655675E-64,1.,2.46519032881566E-32));
#1326=DIRECTION('center_axis',(1.,0.,2.19869980147162E-32));
#1327=DIRECTION('ref_axis',(2.19869980147162E-32,2.46519032881566E-32,-1.));
#1328=DIRECTION('',(2.19869980147162E-32,2.46519032881566E-32,-1.));
#1329=DIRECTION('',(5.42021348655675E-64,-1.,-2.46519032881566E-32));
#1330=DIRECTION('',(2.19869980147162E-32,2.46519032881566E-32,-1.));
#1331=DIRECTION('center_axis',(5.42021348655675E-64,-1.,-2.46519032881566E-32));
#1332=DIRECTION('ref_axis',(0.707106781186549,-1.74315279842105E-32,0.707106781186546));
#1333=DIRECTION('center_axis',(-5.42021348655675E-64,1.,2.46519032881566E-32));
#1334=DIRECTION('ref_axis',(0.707106781186549,-1.74315279842105E-32,0.707106781186546));
#1335=DIRECTION('center_axis',(5.42021348655675E-64,-1.,-2.46519032881566E-32));
#1336=DIRECTION('ref_axis',(0.707106781186549,-1.74315279842105E-32,0.707106781186546));
#1337=DIRECTION('center_axis',(5.42021348655675E-64,-1.,-2.46519032881566E-32));
#1338=DIRECTION('ref_axis',(1.,0.,2.19869980147162E-32));
#1339=DIRECTION('center_axis',(5.42021348655675E-64,-1.,-2.46519032881566E-32));
#1340=DIRECTION('ref_axis',(1.,0.,2.19869980147162E-32));
#1341=DIRECTION('',(-5.42021348655675E-64,1.,2.46519032881566E-32));
#1342=DIRECTION('center_axis',(-5.42021348655675E-64,1.,2.46519032881566E-32));
#1343=DIRECTION('ref_axis',(1.,0.,2.19869980147162E-32));
#1344=DIRECTION('center_axis',(-2.96059473233375E-15,1.,7.39557098644697E-32));
#1345=DIRECTION('ref_axis',(0.707106781186548,4.18691322315673E-15,0.707106781186547));
#1346=DIRECTION('center_axis',(1.74574066942157E-15,-1.,-7.39557098644697E-32));
#1347=DIRECTION('ref_axis',(0.707106781186548,4.18691322315673E-15,0.707106781186547));
#1348=DIRECTION('',(2.96059473233375E-15,-1.,-7.39557098644697E-32));
#1349=DIRECTION('center_axis',(-1.71512449944288E-15,1.,7.39557098644697E-32));
#1350=DIRECTION('ref_axis',(0.707106781186548,4.18691322315673E-15,0.707106781186547));
#1351=DIRECTION('',(-2.96059473233375E-15,1.,7.39557098644697E-32));
#1352=DIRECTION('center_axis',(6.59609940441485E-32,7.39557098644699E-32,
-1.));
#1353=DIRECTION('ref_axis',(-1.,1.62606404596702E-63,-6.59609940441485E-32));
#1354=DIRECTION('',(-1.,-1.74574066942157E-15,0.));
#1355=DIRECTION('',(1.,1.74574066942157E-15,6.59609940441487E-32));
#1356=DIRECTION('center_axis',(-6.59609940441485E-32,-7.39557098644699E-32,
1.));
#1357=DIRECTION('ref_axis',(-0.707106781186555,-0.70710678118654,0.));
#1358=DIRECTION('',(-5.42021348655675E-64,1.,2.46519032881566E-32));
#1359=DIRECTION('',(1.,0.,6.59609940441485E-32));
#1360=DIRECTION('',(-5.42021348655675E-64,1.,2.46519032881566E-32));
#1361=DIRECTION('center_axis',(6.59609940441485E-32,7.39557098644699E-32,
-1.));
#1362=DIRECTION('ref_axis',(-0.707106781186548,-0.707106781186547,0.));
#1363=DIRECTION('',(-1.,-1.71512449944288E-15,-6.59609940441487E-32));
#1364=DIRECTION('',(1.,1.71512449944288E-15,0.));
#1365=DIRECTION('center_axis',(-1.74574066942157E-15,1.,7.39557098644697E-32));
#1366=DIRECTION('ref_axis',(6.59609940441485E-32,7.39557098644699E-32,-1.));
#1367=DIRECTION('',(-6.59609940441485E-32,-7.39557098644699E-32,1.));
#1368=DIRECTION('center_axis',(-1.74574066942157E-15,1.,7.39557098644697E-32));
#1369=DIRECTION('ref_axis',(0.707106781186548,1.23442506554114E-15,-0.707106781186547));
#1370=DIRECTION('',(1.,1.74574066942157E-15,6.59609940441487E-32));
#1371=DIRECTION('',(-1.63566751557199E-32,-7.39557098644698E-32,1.));
#1372=DIRECTION('',(1.,1.74574066942157E-15,6.59609940441487E-32));
#1373=DIRECTION('',(1.,1.74574066942157E-15,6.59609940441487E-32));
#1374=DIRECTION('',(-2.19869980147162E-32,7.39557098644697E-32,-1.));
#1375=DIRECTION('center_axis',(-1.74574066942157E-15,1.,7.39557098644697E-32));
#1376=DIRECTION('ref_axis',(-6.59609940441485E-32,-7.39557098644699E-32,
1.));
#1377=DIRECTION('center_axis',(-1.,-2.96059473233375E-15,-6.59609940441488E-32));
#1378=DIRECTION('ref_axis',(-6.59609940441485E-32,-7.39557098644699E-32,
1.));
#1379=DIRECTION('',(0.,0.,1.));
#1380=DIRECTION('',(-2.96059473233375E-15,1.,7.39557098644697E-32));
#1381=DIRECTION('center_axis',(1.,-5.39760534693403E-79,-2.19869980147162E-32));
#1382=DIRECTION('ref_axis',(1.08404269731135E-63,-1.,4.93038065763132E-32));
#1383=DIRECTION('center_axis',(-1.,5.39760534693403E-79,2.19869980147162E-32));
#1384=DIRECTION('ref_axis',(0.,0.707106781186544,-0.707106781186551));
#1385=DIRECTION('',(6.59609940441485E-32,9.86076131526265E-32,-1.));
#1386=DIRECTION('',(-4.3361707892454E-63,1.,9.86076131526265E-32));
#1387=DIRECTION('center_axis',(1.,-5.39760534693403E-79,-2.19869980147162E-32));
#1388=DIRECTION('ref_axis',(0.,-0.707106781186548,-0.707106781186548));
#1389=DIRECTION('',(6.59609940441485E-32,2.46519032881566E-32,-1.));
#1390=DIRECTION('center_axis',(1.,-5.39760534693403E-79,-2.19869980147162E-32));
#1391=DIRECTION('ref_axis',(0.,-0.707106781186544,0.707106781186551));
#1392=DIRECTION('',(-2.1680853946227E-63,-1.,-9.86076131526265E-32));
#1393=DIRECTION('center_axis',(1.,-5.39760534693403E-79,-2.19869980147162E-32));
#1394=DIRECTION('ref_axis',(0.,0.707106781186544,0.707106781186551));
#1395=DIRECTION('',(0.,0.,1.));
#1396=DIRECTION('center_axis',(1.,-5.39760534693403E-79,-2.19869980147162E-32));
#1397=DIRECTION('ref_axis',(1.96261557335472E-16,0.707106781186544,-0.707106781186551));
#1398=DIRECTION('',(5.34061537441481E-49,-1.,2.42898797318318E-17));
#1399=DIRECTION('',(-2.19869980147162E-32,-2.42898797318318E-17,-1.));
#1400=DIRECTION('center_axis',(-1.,5.39760534693403E-79,2.19869980147162E-32));
#1401=DIRECTION('ref_axis',(0.,-0.707106781186544,-0.707106781186551));
#1402=DIRECTION('',(-5.34061537441481E-49,1.,-2.42898797318318E-17));
#1403=DIRECTION('',(2.19869980147162E-32,-2.46519032881566E-32,1.));
#1404=DIRECTION('',(-3.38145527712397E-48,-1.,-1.53793404395667E-16));
#1405=DIRECTION('center_axis',(-1.,5.39760534693403E-79,2.19869980147162E-32));
#1406=DIRECTION('ref_axis',(0.,-0.707106781186547,0.707106781186548));
#1407=DIRECTION('',(-2.19869980147162E-32,-2.42898797318318E-17,-1.));
#1408=DIRECTION('',(-5.34061537441481E-49,1.,-2.42898797318318E-17));
#1409=DIRECTION('center_axis',(1.,-5.39760534693403E-79,-2.19869980147162E-32));
#1410=DIRECTION('ref_axis',(-1.9626155733547E-16,0.707106781186552,0.707106781186543));
#1411=DIRECTION('',(2.19869980147162E-32,1.51581617999142E-48,1.));
#1412=DIRECTION('center_axis',(1.,-5.39760534693403E-79,-2.19869980147162E-32));
#1413=DIRECTION('ref_axis',(0.,0.70710678118654,-0.707106781186555));
#1414=DIRECTION('',(5.42021348655675E-64,1.,2.46519032881566E-32));
#1415=DIRECTION('center_axis',(1.,-5.39760534693403E-79,-2.19869980147162E-32));
#1416=DIRECTION('ref_axis',(0.,-0.707106781186546,-0.707106781186549));
#1417=DIRECTION('',(2.19869980147162E-32,2.46519032881566E-32,-1.));
#1418=DIRECTION('center_axis',(1.,-5.39760534693403E-79,-2.19869980147162E-32));
#1419=DIRECTION('ref_axis',(0.,-0.707106781186546,0.707106781186549));
#1420=DIRECTION('',(0.,-1.,0.));
#1421=DIRECTION('',(-2.19869980147162E-32,0.,-1.));
#1422=DIRECTION('center_axis',(-1.,5.39760534693403E-79,2.19869980147162E-32));
#1423=DIRECTION('ref_axis',(0.,0.707106781186547,0.707106781186548));
#1424=DIRECTION('',(-5.42021348655675E-64,1.,2.46519032881566E-32));
#1425=DIRECTION('',(-2.19869980147162E-32,7.39557098644697E-32,-1.));
#1426=DIRECTION('center_axis',(1.,-5.39760534693403E-79,-2.19869980147162E-32));
#1427=DIRECTION('ref_axis',(5.39760534693403E-79,1.,0.));
#1428=DIRECTION('center_axis',(1.,-5.39760534693403E-79,-2.19869980147162E-32));
#1429=DIRECTION('ref_axis',(5.39760534693403E-79,1.,0.));
#1430=DIRECTION('center_axis',(1.,9.86076131526265E-32,1.63566751557199E-32));
#1431=DIRECTION('ref_axis',(1.63566751557199E-32,0.,-1.));
#1432=DIRECTION('',(-9.86076131526265E-32,1.,7.39557098644668E-32));
#1433=DIRECTION('',(-4.58892183511731E-14,1.,7.39557098644668E-32));
#1434=DIRECTION('',(1.63566751557199E-32,7.39557098644698E-32,-1.));
#1435=DIRECTION('center_axis',(6.59609940441485E-32,7.39557098644699E-32,
-1.));
#1436=DIRECTION('ref_axis',(-1.,1.62606404596702E-63,-6.59609940441485E-32));
#1437=DIRECTION('',(2.96059473233375E-15,-1.,-7.39557098644697E-32));
#1438=DIRECTION('',(-1.,-1.71512449944288E-15,-6.59609940441487E-32));
#1439=DIRECTION('center_axis',(1.71512449944288E-15,-1.,-7.39557098644697E-32));
#1440=DIRECTION('ref_axis',(-6.59609940441485E-32,-7.39557098644699E-32,
1.));
#1441=DIRECTION('center_axis',(1.71512449944288E-15,-1.,-7.39557098644697E-32));
#1442=DIRECTION('ref_axis',(-6.59609940441485E-32,-7.39557098644699E-32,
1.));
#1443=DIRECTION('',(-1.71512449944288E-15,1.,7.39557098644697E-32));
#1444=DIRECTION('center_axis',(-2.96059473233375E-15,1.,7.39557098644697E-32));
#1445=DIRECTION('ref_axis',(0.707106781186548,2.09345661157837E-15,-0.707106781186547));
#1446=DIRECTION('center_axis',(1.71512449944288E-15,-1.,-7.39557098644697E-32));
#1447=DIRECTION('ref_axis',(0.707106781186548,1.21277616413524E-15,-0.707106781186547));
#1448=DIRECTION('center_axis',(-1.71512449944288E-15,1.,7.39557098644697E-32));
#1449=DIRECTION('ref_axis',(6.59609940441485E-32,7.39557098644699E-32,-1.));
#1450=DIRECTION('',(2.19869980147162E-32,-7.39557098644697E-32,1.));
#1451=DIRECTION('',(-1.,-1.71512449944288E-15,-6.59609940441487E-32));
#1452=DIRECTION('',(1.,4.61852778244065E-14,4.44089209850063E-16));
#1453=DIRECTION('center_axis',(-6.59609940441485E-32,-7.39557098644699E-32,
1.));
#1454=DIRECTION('ref_axis',(1.,-1.62606404596702E-63,6.59609940441485E-32));
#1455=DIRECTION('',(-1.71512449944288E-15,1.,7.39557098644697E-32));
#1456=DIRECTION('center_axis',(-2.19869980147162E-32,7.39557098644697E-32,
-1.));
#1457=DIRECTION('ref_axis',(-0.707106781186548,-0.707106781186547,0.));
#1458=DIRECTION('center_axis',(-6.59609940441485E-32,-7.39557098644699E-32,
1.));
#1459=DIRECTION('ref_axis',(-0.707106781186548,-0.707106781186547,0.));
#1460=DIRECTION('center_axis',(2.19869980147162E-32,-7.39557098644697E-32,
1.));
#1461=DIRECTION('ref_axis',(-0.707106781186555,-0.70710678118654,0.));
#1462=DIRECTION('center_axis',(6.59609940441485E-32,7.39557098644699E-32,
-1.));
#1463=DIRECTION('ref_axis',(-0.707106781186555,-0.70710678118654,0.));
#1464=DIRECTION('',(2.19869980147162E-32,-7.39557098644697E-32,1.));
#1465=DIRECTION('center_axis',(1.,-1.08404269731135E-63,6.59609940441485E-32));
#1466=DIRECTION('ref_axis',(0.,-0.707106781186548,-0.707106781186548));
#1467=DIRECTION('center_axis',(-1.,5.39760534693403E-79,2.19869980147162E-32));
#1468=DIRECTION('ref_axis',(0.,-0.707106781186548,-0.707106781186548));
#1469=DIRECTION('',(-1.,1.08404269731135E-63,-6.59609940441485E-32));
#1470=DIRECTION('',(1.,-1.08404269731135E-63,6.59609940441485E-32));
#1471=DIRECTION('center_axis',(-1.,0.,-2.19869980147162E-32));
#1472=DIRECTION('ref_axis',(0.,-0.707106781186546,0.707106781186549));
#1473=DIRECTION('',(1.,0.,2.19869980147162E-32));
#1474=DIRECTION('center_axis',(-1.,5.39760534693403E-79,2.19869980147162E-32));
#1475=DIRECTION('ref_axis',(0.,-0.707106781186546,0.707106781186549));
#1476=DIRECTION('',(-1.,0.,-2.19869980147162E-32));
#1477=DIRECTION('center_axis',(-1.,5.39760534693403E-79,2.19869980147162E-32));
#1478=DIRECTION('ref_axis',(5.39760534693403E-79,1.,0.));
#1479=DIRECTION('center_axis',(-1.,5.39760534693403E-79,2.19869980147162E-32));
#1480=DIRECTION('ref_axis',(5.39760534693403E-79,1.,0.));
#1481=DIRECTION('',(-1.,5.39760534693403E-79,2.19869980147162E-32));
#1482=DIRECTION('center_axis',(-1.,5.39760534693403E-79,2.19869980147162E-32));
#1483=DIRECTION('ref_axis',(5.39760534693403E-79,1.,0.));
#1484=DIRECTION('center_axis',(-1.,5.39760534693403E-79,2.19869980147162E-32));
#1485=DIRECTION('ref_axis',(5.39760534693403E-79,1.,0.));
#1486=DIRECTION('',(-1.,5.39760534693403E-79,2.19869980147162E-32));
#1487=DIRECTION('center_axis',(5.42021348655675E-64,-1.,-2.46519032881566E-32));
#1488=DIRECTION('ref_axis',(2.19869980147162E-32,2.46519032881566E-32,-1.));
#1489=DIRECTION('',(-1.,0.,-2.19869980147162E-32));
#1490=DIRECTION('',(2.19869980147162E-32,-2.46519032881566E-32,1.));
#1491=DIRECTION('center_axis',(-1.,0.,-2.19869980147162E-32));
#1492=DIRECTION('ref_axis',(0.,-0.707106781186546,-0.707106781186549));
#1493=DIRECTION('',(1.,0.,2.19869980147162E-32));
#1494=DIRECTION('center_axis',(-1.,5.39760534693403E-79,2.19869980147162E-32));
#1495=DIRECTION('ref_axis',(0.,-0.707106781186546,-0.707106781186549));
#1496=DIRECTION('center_axis',(2.19869980147162E-32,2.46519032881566E-32,
-1.));
#1497=DIRECTION('ref_axis',(-1.,0.,-2.19869980147162E-32));
#1498=DIRECTION('',(-1.,0.,-2.19869980147162E-32));
#1499=DIRECTION('',(-5.42021348655675E-64,-1.,-2.46519032881566E-32));
#1500=DIRECTION('center_axis',(6.59609940441485E-32,9.86076131526265E-32,
-1.));
#1501=DIRECTION('ref_axis',(-1.,2.1680853946227E-63,-6.59609940441485E-32));
#1502=DIRECTION('',(1.,0.,6.59609940441485E-32));
#1503=DIRECTION('',(0.,-1.,0.));
#1504=DIRECTION('center_axis',(2.19869980147162E-32,2.46519032881566E-32,
-1.));
#1505=DIRECTION('ref_axis',(-1.,0.,-2.19869980147162E-32));
#1506=DIRECTION('',(-1.,0.,-2.19869980147162E-32));
#1507=DIRECTION('',(5.42021348655675E-64,-1.,-2.46519032881566E-32));
#1508=DIRECTION('center_axis',(-2.832769448824E-16,2.42898797318319E-17,
1.));
#1509=DIRECTION('ref_axis',(-6.89414796102645E-17,-1.,2.42898797318318E-17));
#1510=DIRECTION('',(1.,0.,2.832769448824E-16));
#1511=DIRECTION('',(1.,-6.89414796102645E-17,2.832769448824E-16));
#1512=DIRECTION('',(5.34061537441481E-49,-1.,2.42898797318318E-17));
#1513=DIRECTION('center_axis',(1.,0.,2.832769448824E-16));
#1514=DIRECTION('ref_axis',(-1.9626155733547E-16,0.707106781186552,0.707106781186543));
#1515=DIRECTION('center_axis',(-1.,5.39760534693403E-79,2.19869980147162E-32));
#1516=DIRECTION('ref_axis',(-1.9626155733547E-16,0.707106781186552,0.707106781186543));
#1517=DIRECTION('',(-1.,0.,-2.832769448824E-16));
#1518=DIRECTION('center_axis',(0.,1.,0.));
#1519=DIRECTION('ref_axis',(0.,0.,1.));
#1520=DIRECTION('',(1.,0.,2.19869980147162E-32));
#1521=DIRECTION('',(-2.19869980147162E-32,-1.51581617999142E-48,-1.));
#1522=DIRECTION('center_axis',(-1.,0.,-2.19869980147162E-32));
#1523=DIRECTION('ref_axis',(0.,0.70710678118654,-0.707106781186555));
#1524=DIRECTION('center_axis',(-1.,5.39760534693403E-79,2.19869980147162E-32));
#1525=DIRECTION('ref_axis',(0.,0.70710678118654,-0.707106781186555));
#1526=DIRECTION('center_axis',(2.832769448824E-16,-2.42898797318318E-17,
-1.));
#1527=DIRECTION('ref_axis',(-6.89414796102645E-17,-1.,2.42898797318318E-17));
#1528=DIRECTION('',(-1.,0.,-2.832769448824E-16));
#1529=DIRECTION('',(0.,1.,0.));
#1530=DIRECTION('',(-1.,6.89414796102645E-17,-2.832769448824E-16));
#1531=DIRECTION('center_axis',(-1.,0.,-2.832769448824E-16));
#1532=DIRECTION('ref_axis',(1.96261557335472E-16,0.707106781186544,-0.707106781186551));
#1533=DIRECTION('',(1.,0.,2.832769448824E-16));
#1534=DIRECTION('center_axis',(-1.,5.39760534693403E-79,2.19869980147162E-32));
#1535=DIRECTION('ref_axis',(1.96261557335472E-16,0.707106781186544,-0.707106781186551));
#1536=DIRECTION('center_axis',(-6.89414796102645E-17,-1.,2.42898797318318E-17));
#1537=DIRECTION('ref_axis',(-1.,6.89414796102645E-17,-2.832769448824E-16));
#1538=DIRECTION('',(1.,-6.89414796102645E-17,-5.55111512312589E-17));
#1539=DIRECTION('',(2.19869980147162E-32,2.42898797318318E-17,1.));
#1540=DIRECTION('center_axis',(1.,-6.89414796102645E-17,-5.55111512312589E-17));
#1541=DIRECTION('ref_axis',(0.,-0.707106781186544,-0.707106781186551));
#1542=DIRECTION('center_axis',(1.,-5.39760534693403E-79,-2.19869980147162E-32));
#1543=DIRECTION('ref_axis',(0.,-0.707106781186544,-0.707106781186551));
#1544=DIRECTION('',(-1.,6.89414796102645E-17,5.55111512312589E-17));
#1545=DIRECTION('center_axis',(-6.89414796102645E-17,-1.,2.42898797318318E-17));
#1546=DIRECTION('ref_axis',(1.,-6.89414796102645E-17,2.832769448824E-16));
#1547=DIRECTION('',(-1.,6.89414796102645E-17,5.55111512312589E-17));
#1548=DIRECTION('',(2.19869980147162E-32,2.42898797318318E-17,1.));
#1549=DIRECTION('center_axis',(-1.,6.89414796102645E-17,5.55111512312589E-17));
#1550=DIRECTION('ref_axis',(0.,-0.707106781186547,0.707106781186548));
#1551=DIRECTION('center_axis',(1.,-5.39760534693403E-79,-2.19869980147162E-32));
#1552=DIRECTION('ref_axis',(0.,-0.707106781186547,0.707106781186548));
#1553=DIRECTION('',(1.,-6.89414796102645E-17,-5.55111512312589E-17));
#1554=DIRECTION('center_axis',(1.,-5.39760534693403E-79,-2.19869980147162E-32));
#1555=DIRECTION('ref_axis',(1.08404269731135E-63,-1.,4.93038065763132E-32));
#1556=DIRECTION('',(5.39760534693403E-79,1.,3.5603141414178E-110));
#1557=DIRECTION('center_axis',(1.,-5.39760534693403E-79,-2.19869980147162E-32));
#1558=DIRECTION('ref_axis',(0.,0.707106781186547,0.707106781186548));
#1559=DIRECTION('',(2.19869980147162E-32,0.,1.));
#1560=DIRECTION('',(-3.38145527712397E-48,-1.,-1.53793404395667E-16));
#1561=DIRECTION('',(-2.19869980147162E-32,2.46519032881566E-32,-1.));
#1562=DIRECTION('',(6.89414796102646E-17,-1.,-1.53793404395667E-16));
#1563=DIRECTION('',(-2.19869980147162E-32,0.,-1.));
#1564=DIRECTION('center_axis',(-1.,5.39760534693403E-79,2.19869980147162E-32));
#1565=DIRECTION('ref_axis',(0.,0.707106781186544,0.707106781186551));
#1566=DIRECTION('',(2.1680853946227E-63,1.,9.86076131526265E-32));
#1567=DIRECTION('center_axis',(-1.,5.39760534693403E-79,2.19869980147162E-32));
#1568=DIRECTION('ref_axis',(0.,-0.707106781186544,0.707106781186551));
#1569=DIRECTION('',(6.59609940441485E-32,2.46519032881566E-32,-1.));
#1570=DIRECTION('',(-6.59609940441485E-32,-9.86076131526265E-32,1.));
#1571=DIRECTION('center_axis',(1.,-5.39760534693403E-79,-2.19869980147162E-32));
#1572=DIRECTION('ref_axis',(0.,0.707106781186544,-0.707106781186551));
#1573=DIRECTION('center_axis',(2.19869980147162E-32,-2.46519032881566E-32,
1.));
#1574=DIRECTION('ref_axis',(-0.707106781186548,0.707106781186547,0.));
#1575=DIRECTION('center_axis',(-5.55111512312589E-17,1.53793404395667E-16,
-1.));
#1576=DIRECTION('ref_axis',(-0.707106781186548,0.707106781186547,0.));
#1577=DIRECTION('',(2.19869980147162E-32,-2.46519032881566E-32,1.));
#1578=DIRECTION('center_axis',(5.55111512312589E-17,-1.53793404395667E-16,
1.));
#1579=DIRECTION('ref_axis',(-0.707106781186548,0.707106781186547,0.));
#1580=DIRECTION('center_axis',(5.42021348655675E-64,-1.,-2.46519032881566E-32));
#1581=DIRECTION('ref_axis',(-1.,0.,-2.19869980147162E-32));
#1582=DIRECTION('',(1.,5.42021348655675E-64,0.));
#1583=DIRECTION('',(-2.19869980147162E-32,2.46519032881566E-32,-1.));
#1584=DIRECTION('',(-1.,-5.42021348655675E-64,0.));
#1585=DIRECTION('',(1.,0.,0.));
#1586=DIRECTION('',(1.,0.,0.));
#1587=DIRECTION('',(-1.,-5.42021348655675E-64,0.));
#1588=DIRECTION('',(1.,5.42021348655675E-64,0.));
#1589=DIRECTION('',(1.,0.,0.));
#1590=DIRECTION('',(1.,0.,0.));
#1591=DIRECTION('center_axis',(-5.55111512312589E-17,1.53793404395667E-16,
-1.));
#1592=DIRECTION('ref_axis',(1.,6.89414796102646E-17,-5.55111512312588E-17));
#1593=DIRECTION('',(-1.,-5.42021348655675E-64,0.));
#1594=DIRECTION('center_axis',(5.55111512312589E-17,-1.53793404395667E-16,
1.));
#1595=DIRECTION('ref_axis',(-0.707106781186546,0.707106781186549,0.));
#1596=DIRECTION('',(-1.,-5.42021348655675E-64,0.));
#1597=DIRECTION('',(1.,0.,0.));
#1598=DIRECTION('',(1.,0.,0.));
#1599=DIRECTION('center_axis',(-2.19869980147162E-32,2.46519032881566E-32,
-1.));
#1600=DIRECTION('ref_axis',(-0.707106781186546,0.707106781186549,0.));
#1601=DIRECTION('center_axis',(-5.55111512312589E-17,1.53793404395667E-16,
-1.));
#1602=DIRECTION('ref_axis',(-0.707106781186546,0.707106781186549,0.));
#1603=DIRECTION('center_axis',(-6.59609940441485E-32,-7.39557098644699E-32,
1.));
#1604=DIRECTION('ref_axis',(1.,-1.62606404596702E-63,6.59609940441485E-32));
#1605=DIRECTION('',(-1.,0.,-6.59609940441485E-32));
#1606=DIRECTION('center_axis',(0.,-1.,0.));
#1607=DIRECTION('ref_axis',(0.,0.,-1.));
#1608=DIRECTION('',(1.,0.,6.59609940441485E-32));
#1609=DIRECTION('center_axis',(1.,0.,6.59609940441485E-32));
#1610=DIRECTION('ref_axis',(0.,0.707106781186547,0.707106781186548));
#1611=DIRECTION('center_axis',(0.,-1.,0.));
#1612=DIRECTION('ref_axis',(0.,0.,-1.));
#1613=DIRECTION('',(-1.,0.,-6.59609940441485E-32));
#1614=DIRECTION('center_axis',(-1.,0.,-6.59609940441485E-32));
#1615=DIRECTION('ref_axis',(0.,0.707106781186544,-0.707106781186551));
#1616=DIRECTION('center_axis',(0.,0.,1.));
#1617=DIRECTION('ref_axis',(1.,0.,0.));
#1618=DIRECTION('',(-1.,-5.42021348655675E-64,0.));
#1619=DIRECTION('',(1.,0.,0.));
#1620=DIRECTION('center_axis',(0.,1.,0.));
#1621=DIRECTION('ref_axis',(0.,0.,1.));
#1622=DIRECTION('',(-1.,0.,0.));
#1623=DIRECTION('center_axis',(-1.,0.,0.));
#1624=DIRECTION('ref_axis',(0.,0.707106781186544,0.707106781186551));
#1625=DIRECTION('center_axis',(-5.42021348655675E-64,1.,2.46519032881566E-32));
#1626=DIRECTION('ref_axis',(-2.19869980147162E-32,-2.46519032881566E-32,
1.));
#1627=DIRECTION('',(1.,5.42021348655675E-64,0.));
#1628=DIRECTION('center_axis',(1.,5.42021348655675E-64,0.));
#1629=DIRECTION('ref_axis',(0.,-0.707106781186544,0.707106781186551));
#1630=DIRECTION('center_axis',(5.55111512312589E-17,-1.53793404395667E-16,
1.));
#1631=DIRECTION('ref_axis',(1.,6.89414796102646E-17,-5.55111512312588E-17));
#1632=DIRECTION('',(1.,5.42021348655675E-64,0.));
#1633=DIRECTION('',(1.,0.,0.));
#1634=DIRECTION('',(1.,0.,0.));
#1635=DIRECTION('',(1.,5.42021348655675E-64,0.));
#1636=DIRECTION('center_axis',(5.42021348655675E-64,-1.,-2.46519032881566E-32));
#1637=DIRECTION('ref_axis',(-1.,0.,-2.19869980147162E-32));
#1638=CARTESIAN_POINT('',(0.,0.,0.));
#1639=CARTESIAN_POINT('Origin',(26.2999999999999,67.9999999999991,9.99501047116883));
#1640=CARTESIAN_POINT('',(26.2999999999999,67.9999999999991,10.0000104711688));
#1641=CARTESIAN_POINT('',(26.2999999999999,69.9999999999991,10.0000104711688));
#1642=CARTESIAN_POINT('',(26.2999999999999,63.9999999999995,10.0000104711688));
#1643=CARTESIAN_POINT('',(26.2999999999999,69.9999999999991,9.99501047116883));
#1644=CARTESIAN_POINT('',(26.2999999999999,69.9999999999999,19.9975052355844));
#1645=CARTESIAN_POINT('',(26.2999999999999,67.9999999999991,9.99501047116883));
#1646=CARTESIAN_POINT('',(26.2999999999999,69.9999999999991,9.99501047116883));
#1647=CARTESIAN_POINT('',(26.2999999999999,67.9999999999999,19.9975052355844));
#1648=CARTESIAN_POINT('Origin',(26.2999999999999,67.9999999999991,18.9950104711688));
#1649=CARTESIAN_POINT('',(26.2999999999999,67.9999999999991,19.9950104711688));
#1650=CARTESIAN_POINT('',(26.2999999999999,69.9999999999991,19.9950104711688));
#1651=CARTESIAN_POINT('',(26.2999999999999,64.9499999999991,19.9950104711688));
#1652=CARTESIAN_POINT('',(26.2999999999999,69.9999999999991,20.0000104711688));
#1653=CARTESIAN_POINT('',(26.2999999999999,69.9999999999991,18.9950104711688));
#1654=CARTESIAN_POINT('',(26.2999999999999,67.9999999999991,20.0000104711688));
#1655=CARTESIAN_POINT('',(26.2999999999999,64.9499999999991,20.0000104711688));
#1656=CARTESIAN_POINT('',(26.2999999999999,67.9999999999991,18.9950104711688));
#1657=CARTESIAN_POINT('Origin',(26.2999999999999,69.9999999999991,12.9950104711688));
#1658=CARTESIAN_POINT('',(29.2999999999999,67.9999999999991,12.9950104711688));
#1659=CARTESIAN_POINT('Origin',(26.2999999999999,67.9999999999991,12.9950104711688));
#1660=CARTESIAN_POINT('',(29.2999999999999,69.9999999999991,12.9950104711688));
#1661=CARTESIAN_POINT('Origin',(26.2999999999999,69.9999999999991,12.9950104711688));
#1662=CARTESIAN_POINT('',(29.2999999999999,69.9999999999991,12.9950104711688));
#1663=CARTESIAN_POINT('Origin',(29.2999999999999,69.9999999999991,14.9950104711688));
#1664=CARTESIAN_POINT('',(29.2999999999999,69.9999999999991,16.9950104711688));
#1665=CARTESIAN_POINT('',(29.2999999999999,69.9999999999991,9.99501047116883));
#1666=CARTESIAN_POINT('',(29.2999999999999,67.9999999999991,16.9950104711688));
#1667=CARTESIAN_POINT('',(29.2999999999999,64.9499999999991,16.9950104711688));
#1668=CARTESIAN_POINT('',(29.2999999999999,67.9999999999991,9.99501047116883));
#1669=CARTESIAN_POINT('Origin',(26.2999999999999,64.9499999999991,16.9950104711688));
#1670=CARTESIAN_POINT('Origin',(26.2999999999999,69.9999999999991,16.9950104711688));
#1671=CARTESIAN_POINT('Origin',(26.2999999999999,67.9999999999991,16.9950104711688));
#1672=CARTESIAN_POINT('Origin',(25.3,57.8999999999991,14.9950104711688));
#1673=CARTESIAN_POINT('',(23.7,67.9999999999991,14.9950104711688));
#1674=CARTESIAN_POINT('Origin',(25.3,67.9999999999991,14.9950104711688));
#1675=CARTESIAN_POINT('',(23.7,69.9999999999991,14.9950104711688));
#1676=CARTESIAN_POINT('',(23.7,57.8999999999991,14.9950104711688));
#1677=CARTESIAN_POINT('Origin',(25.3,69.9999999999991,14.9950104711688));
#1678=CARTESIAN_POINT('Origin',(26.2999999999999,46.9999999999996,17.));
#1679=CARTESIAN_POINT('',(29.2999999999999,47.9999999999992,17.));
#1680=CARTESIAN_POINT('',(26.2999999999999,47.9999999999999,20.0000104711688));
#1681=CARTESIAN_POINT('Origin',(26.2999999999999,47.9999999999999,17.));
#1682=CARTESIAN_POINT('',(26.3,45.9999999999999,20.0000104711688));
#1683=CARTESIAN_POINT('',(26.2999999999999,46.9999999999996,20.));
#1684=CARTESIAN_POINT('',(29.2999999999999,45.9999999999999,17.));
#1685=CARTESIAN_POINT('Origin',(26.3,45.9999999999999,17.));
#1686=CARTESIAN_POINT('',(29.2999999999999,46.9999999999996,17.));
#1687=CARTESIAN_POINT('Origin',(3.99999999999994,45.9999999999999,20.));
#1688=CARTESIAN_POINT('',(23.2999998406592,48.0000000000002,20.));
#1689=CARTESIAN_POINT('',(3.25707993412293,47.9999999999999,20.0000104711688));
#1690=CARTESIAN_POINT('',(2.99999999999993,47.9999999999999,20.));
#1691=CARTESIAN_POINT('',(11.8690266447076,47.9999999999999,20.));
#1692=CARTESIAN_POINT('',(1.99999999999993,48.9999999999999,20.));
#1693=CARTESIAN_POINT('Origin',(2.99999999999993,48.9999999999999,20.));
#1694=CARTESIAN_POINT('',(1.99999999999993,54.4999999999999,20.));
#1695=CARTESIAN_POINT('',(1.99999999999993,49.9999999999999,20.));
#1696=CARTESIAN_POINT('',(-7.105427357601E-14,54.4999999999999,20.));
#1697=CARTESIAN_POINT('',(2.99999999999993,54.4999999999999,20.));
#1698=CARTESIAN_POINT('',(-7.105427357601E-14,48.9999999999999,20.));
#1699=CARTESIAN_POINT('',(-7.105427357601E-14,49.9999999999999,20.));
#1700=CARTESIAN_POINT('',(2.99999999999993,45.9999999999999,20.));
#1701=CARTESIAN_POINT('Origin',(2.99999999999993,48.9999999999999,20.));
#1702=CARTESIAN_POINT('',(23.2999998406593,46.0000000000002,20.));
#1703=CARTESIAN_POINT('',(11.8690266447076,45.9999999999999,20.));
#1704=CARTESIAN_POINT('',(3.25707993412294,45.9999999999999,20.0000104711688));
#1705=CARTESIAN_POINT('Origin',(19.7380532894152,47.9999999999999,15.));
#1706=CARTESIAN_POINT('',(29.2999999999999,47.9999999999992,12.9950104711688));
#1707=CARTESIAN_POINT('',(29.2999999999999,47.9999999999992,18.2450104711688));
#1708=CARTESIAN_POINT('',(26.2999999999999,47.9999999999992,9.99501047116883));
#1709=CARTESIAN_POINT('Origin',(26.2999999999999,47.9999999999992,12.9950104711688));
#1710=CARTESIAN_POINT('',(23.2999998406592,47.9999999999999,9.99501047116883));
#1711=CARTESIAN_POINT('',(17.1690266447076,47.9999999999991,9.99501047116883));
#1712=CARTESIAN_POINT('',(23.2999998406592,48.0000000000002,10.));
#1713=CARTESIAN_POINT('',(23.2999999999999,47.9999999999999,15.0000025598856));
#1714=CARTESIAN_POINT('',(3.99999999999993,47.9999999999999,10.));
#1715=CARTESIAN_POINT('',(29.8690266447076,47.9999999999999,10.));
#1716=CARTESIAN_POINT('',(2.99999999999993,47.9999999999999,10.));
#1717=CARTESIAN_POINT('',(11.8690266447076,47.9999999999999,10.));
#1718=CARTESIAN_POINT('',(2.99999999999993,47.9999999999999,22.4999948802289));
#1719=CARTESIAN_POINT('',(25.2999999999999,47.9999999999992,13.3950104711688));
#1720=CARTESIAN_POINT('Origin',(25.2999999999999,47.9999999999992,14.9950104711688));
#1721=CARTESIAN_POINT('Origin',(29.2999999999999,47.9999999999992,21.4950104711688));
#1722=CARTESIAN_POINT('',(29.2999999999999,45.9999999999992,12.9950104711688));
#1723=CARTESIAN_POINT('',(29.2999999999999,45.9999999999999,18.9950104711688));
#1724=CARTESIAN_POINT('',(29.2999999999999,47.9999999999992,12.9950104711688));
#1725=CARTESIAN_POINT('Origin',(-7.105427357601E-14,69.9999999999999,29.9999897604577));
#1726=CARTESIAN_POINT('',(-7.105427357601E-14,55.4999999999999,21.));
#1727=CARTESIAN_POINT('Origin',(-7.105427357601E-14,54.4999999999999,21.));
#1728=CARTESIAN_POINT('',(-7.105427357601E-14,55.4999999999999,21.9950102395423));
#1729=CARTESIAN_POINT('',(-7.105427357601E-14,55.4999999999999,13.7450102594992));
#1730=CARTESIAN_POINT('',(-7.105427357601E-14,53.9999999999999,21.9950102395423));
#1731=CARTESIAN_POINT('',(-7.105427357601E-14,64.9499999999999,21.9950102395423));
#1732=CARTESIAN_POINT('',(-7.105427357601E-14,52.9999999999999,22.9950102395423));
#1733=CARTESIAN_POINT('Origin',(-7.105427357601E-14,53.9999999999999,22.9950102395423));
#1734=CARTESIAN_POINT('',(-7.105427357601E-14,52.9999999999999,31.0000102395423));
#1735=CARTESIAN_POINT('',(-7.105427357601E-14,52.9999999999999,10.4950102395423));
#1736=CARTESIAN_POINT('',(-7.105427357601E-14,53.9999999999999,32.0000102395423));
#1737=CARTESIAN_POINT('Origin',(-7.105427357601E-14,53.9999999999999,31.0000102395423));
#1738=CARTESIAN_POINT('',(-7.105427357601E-14,65.4999999001042,32.0000102395423));
#1739=CARTESIAN_POINT('',(-7.105427357601E-14,63.9999999999997,32.0000102395423));
#1740=CARTESIAN_POINT('',(-7.105427357601E-14,66.4999999001042,31.0000102395423));
#1741=CARTESIAN_POINT('Origin',(-7.105427357601E-14,65.4999999001042,31.0000102395423));
#1742=CARTESIAN_POINT('',(-7.105427357601E-14,66.4999999001042,22.9999999173851));
#1743=CARTESIAN_POINT('',(-7.105427357601E-14,66.4999999001042,31.9950102395423));
#1744=CARTESIAN_POINT('',(-7.105427357601E-14,65.4999999001042,21.9999999173851));
#1745=CARTESIAN_POINT('Origin',(-6.9111383282916E-14,65.4999999001042,22.9999999173851));
#1746=CARTESIAN_POINT('',(-1.03288386177347E-8,63.9999999001042,21.9999999173851));
#1747=CARTESIAN_POINT('',(-7.105427357601E-14,67.9999999500521,21.9999999173851));
#1748=CARTESIAN_POINT('',(-7.105427357601E-14,63.9999999001042,20.9999999173851));
#1749=CARTESIAN_POINT('',(-7.105427357601E-14,63.9999999001042,25.4999948389214));
#1750=CARTESIAN_POINT('',(-7.105427357601E-14,64.9999999001042,19.9999999173851));
#1751=CARTESIAN_POINT('Origin',(-7.18869408444789E-14,64.9999999001042,
20.9999999173851));
#1752=CARTESIAN_POINT('',(-7.105427357601E-14,66.9999999999999,19.9999999173851));
#1753=CARTESIAN_POINT('',(-7.105427357601E-14,67.9999999500521,19.9999999173851));
#1754=CARTESIAN_POINT('',(-7.105427357601E-14,66.9999999999999,9.99999976837347));
#1755=CARTESIAN_POINT('',(-7.105427357601E-14,66.9999999999999,29.9999948802289));
#1756=CARTESIAN_POINT('',(-7.105427357601E-14,64.9999999001042,9.99999976837347));
#1757=CARTESIAN_POINT('',(-7.105427357601E-14,69.4999999500521,9.99999976837347));
#1758=CARTESIAN_POINT('',(-7.105427357601E-14,63.9999999001042,8.99999976837348));
#1759=CARTESIAN_POINT('Origin',(-7.24420523567915E-14,64.9999999001042,
8.99999976837348));
#1760=CARTESIAN_POINT('',(-1.0328831401285E-8,63.9999999001042,7.99999976837348));
#1761=CARTESIAN_POINT('',(-7.105427357601E-14,63.9999999001042,19.4999947644156));
#1762=CARTESIAN_POINT('',(-7.105427357601E-14,65.4999999001042,7.99999976837348));
#1763=CARTESIAN_POINT('',(-7.105427357601E-14,67.9999999500521,7.99999976837348));
#1764=CARTESIAN_POINT('',(-7.105427357601E-14,66.4999999001042,6.99999976837348));
#1765=CARTESIAN_POINT('Origin',(-6.45317133063372E-14,65.4999999001042,
6.99999976837348));
#1766=CARTESIAN_POINT('',(-7.105427357601E-14,66.4999999001042,-0.999999999999994));
#1767=CARTESIAN_POINT('',(-7.105427357601E-14,66.4999999001042,16.9999947644156));
#1768=CARTESIAN_POINT('',(-7.105427357601E-14,65.4999999001042,-1.99999999999999));
#1769=CARTESIAN_POINT('Origin',(-7.105427357601E-14,65.4999999001042,-0.999999999999994));
#1770=CARTESIAN_POINT('',(-7.105427357601E-14,53.9999999999999,-1.99999999999999));
#1771=CARTESIAN_POINT('',(-7.105427357601E-14,63.9999999999997,-1.99999999999999));
#1772=CARTESIAN_POINT('',(-7.105427357601E-14,52.9999999999999,-0.999999999999994));
#1773=CARTESIAN_POINT('Origin',(-7.105427357601E-14,53.9999999999999,-0.999999999999994));
#1774=CARTESIAN_POINT('',(-7.105427357601E-14,52.9999999999999,7.00000000000001));
#1775=CARTESIAN_POINT('',(-7.105427357601E-14,52.9999999999999,-2.00001023954229));
#1776=CARTESIAN_POINT('',(-7.105427357601E-14,53.9999999999999,8.00000000000001));
#1777=CARTESIAN_POINT('Origin',(-7.105427357601E-14,53.9999999999999,7.00000000000001));
#1778=CARTESIAN_POINT('',(-7.105427357601E-14,55.4999999999999,8.00000000000001));
#1779=CARTESIAN_POINT('',(-7.105427357601E-14,54.9999999999999,8.00000000000001));
#1780=CARTESIAN_POINT('',(-7.105427357601E-14,55.4999999999999,9.00000000000001));
#1781=CARTESIAN_POINT('',(-7.105427357601E-14,55.4999999999999,18.2499948802289));
#1782=CARTESIAN_POINT('',(-7.105427357601E-14,54.4999999999999,10.));
#1783=CARTESIAN_POINT('Origin',(-7.105427357601E-14,54.4999999999999,9.00000000000001));
#1784=CARTESIAN_POINT('',(-7.105427357601E-14,48.9999999999999,10.));
#1785=CARTESIAN_POINT('',(-7.105427357601E-14,49.9999999999999,10.));
#1786=CARTESIAN_POINT('',(-7.105427357601E-14,48.9999999999999,22.4999948802289));
#1787=CARTESIAN_POINT('',(-7.105427357601E-14,60.3999999999999,26.9950102395423));
#1788=CARTESIAN_POINT('Origin',(-7.105427357601E-14,61.9999999999999,26.9950102395423));
#1789=CARTESIAN_POINT('',(-7.105427357601E-14,60.3999999999999,3.00000000000001));
#1790=CARTESIAN_POINT('Origin',(-7.105427357601E-14,61.9999999999999,3.00000000000001));
#1791=CARTESIAN_POINT('Origin',(23.2999999999999,58.0000103513972,15.0000051197712));
#1792=CARTESIAN_POINT('',(23.2999998406593,46.0000000000002,10.));
#1793=CARTESIAN_POINT('',(23.2999999999999,52.0000051756987,10.));
#1794=CARTESIAN_POINT('',(23.2999998406593,45.9999999999999,9.99501047116883));
#1795=CARTESIAN_POINT('',(23.2999998406595,40.5499999999994,9.99501047116883));
#1796=CARTESIAN_POINT('',(23.2999999999999,45.9999999999999,15.0000025598856));
#1797=CARTESIAN_POINT('Origin',(27.2999999999999,47.9999999999992,9.99501047116883));
#1798=CARTESIAN_POINT('',(26.2999999999999,45.9999999999992,9.99501047116883));
#1799=CARTESIAN_POINT('',(26.2999999999999,47.9999999999992,9.99501047116883));
#1800=CARTESIAN_POINT('',(17.1690266447076,45.9999999999991,9.99501047116883));
#1801=CARTESIAN_POINT('Origin',(25.2999999999999,50.4999999999992,14.9950104711688));
#1802=CARTESIAN_POINT('',(25.2999999999999,45.9999999999992,13.3950104711688));
#1803=CARTESIAN_POINT('Origin',(25.2999999999999,45.9999999999992,14.9950104711688));
#1804=CARTESIAN_POINT('',(25.2999999999999,50.4999999999992,13.3950104711688));
#1805=CARTESIAN_POINT('Origin',(26.2999999999999,47.9999999999992,12.9950104711688));
#1806=CARTESIAN_POINT('Origin',(26.2999999999999,45.9999999999992,12.9950104711688));
#1807=CARTESIAN_POINT('Origin',(19.7380532894152,45.9999999999999,15.));
#1808=CARTESIAN_POINT('',(2.99999999999993,45.9999999999999,10.));
#1809=CARTESIAN_POINT('',(2.99999999999993,45.9999999999999,22.4999948802289));
#1810=CARTESIAN_POINT('',(3.99999999999993,45.9999999999999,10.));
#1811=CARTESIAN_POINT('',(11.8690266447076,45.9999999999999,10.));
#1812=CARTESIAN_POINT('',(17.9999998406593,45.9999999999999,10.));
#1813=CARTESIAN_POINT('Origin',(3.99999999999993,47.9999999999999,10.));
#1814=CARTESIAN_POINT('',(3.99999999999993,47.5599999999999,10.));
#1815=CARTESIAN_POINT('Origin',(2.99999999999993,48.9999999999999,22.4999948802289));
#1816=CARTESIAN_POINT('Origin',(2.99999999999993,48.9999999999999,10.));
#1817=CARTESIAN_POINT('Origin',(2.99999999999993,48.9999999999999,22.4999948802289));
#1818=CARTESIAN_POINT('',(1.99999999999993,48.9999999999999,10.));
#1819=CARTESIAN_POINT('Origin',(2.99999999999993,48.9999999999999,10.));
#1820=CARTESIAN_POINT('',(1.99999999999993,48.9999999999999,22.4999948802289));
#1821=CARTESIAN_POINT('Origin',(6.99999999999993,53.9999999999999,22.9950102395423));
#1822=CARTESIAN_POINT('',(1.99999999999993,53.9999999999999,21.9950102395423));
#1823=CARTESIAN_POINT('',(1.99999999999993,52.9999999999999,22.9950102395423));
#1824=CARTESIAN_POINT('Origin',(1.99999999999993,53.9999999999999,22.9950102395423));
#1825=CARTESIAN_POINT('',(6.99999999999993,52.9999999999999,22.9950102395423));
#1826=CARTESIAN_POINT('',(6.99999999999993,53.9999999999999,21.9950102395423));
#1827=CARTESIAN_POINT('Origin',(6.99999999999993,53.9999999999999,7.00000000000001));
#1828=CARTESIAN_POINT('',(1.99999999999993,52.9999999999999,7.00000000000001));
#1829=CARTESIAN_POINT('',(6.99999999999993,52.9999999999999,7.00000000000001));
#1830=CARTESIAN_POINT('',(1.99999999999993,53.9999999999999,8.00000000000001));
#1831=CARTESIAN_POINT('Origin',(1.99999999999993,53.9999999999999,7.00000000000001));
#1832=CARTESIAN_POINT('',(6.99999999999993,53.9999999999999,8.00000000000001));
#1833=CARTESIAN_POINT('Origin',(0.999999999999929,61.9999999999999,26.9950102395423));
#1834=CARTESIAN_POINT('',(1.99999999999993,60.3999999999999,26.9950102395423));
#1835=CARTESIAN_POINT('Origin',(1.99999999999993,61.9999999999999,26.9950102395423));
#1836=CARTESIAN_POINT('',(0.999999999999929,60.3999999999999,26.9950102395423));
#1837=CARTESIAN_POINT('Origin',(0.999999999999929,61.9999999999999,3.00000000000001));
#1838=CARTESIAN_POINT('',(1.99999999999993,60.3999999999999,3.00000000000001));
#1839=CARTESIAN_POINT('Origin',(1.99999999999993,61.9999999999999,3.00000000000001));
#1840=CARTESIAN_POINT('',(0.999999999999929,60.3999999999999,3.00000000000001));
#1841=CARTESIAN_POINT('Origin',(11.9999999999999,52.9999999999999,8.9999897604577));
#1842=CARTESIAN_POINT('',(1.99999999999993,52.9999999999999,-0.999999999999992));
#1843=CARTESIAN_POINT('',(11.9999999999999,52.9999999999999,-0.999999999999994));
#1844=CARTESIAN_POINT('',(1.99999999999993,52.9999999999999,19.4999897604577));
#1845=CARTESIAN_POINT('Origin',(11.9999999999999,53.9999999999999,-0.999999999999994));
#1846=CARTESIAN_POINT('',(1.99999999999993,53.9999999999999,-1.99999999999999));
#1847=CARTESIAN_POINT('',(11.9999999999999,53.9999999999999,-1.99999999999999));
#1848=CARTESIAN_POINT('Origin',(1.99999999999993,53.9999999999999,-0.999999999999994));
#1849=CARTESIAN_POINT('Origin',(11.9999999999999,41.9999999999999,-1.99999999999999));
#1850=CARTESIAN_POINT('',(1.99999999999993,65.4999999001042,-1.99999999999999));
#1851=CARTESIAN_POINT('',(6.49999999999993,65.4999999001042,-1.99999999999999));
#1852=CARTESIAN_POINT('',(1.99999999999993,63.9999999999997,-1.99999999999999));
#1853=CARTESIAN_POINT('Origin',(1.99999999999993,17.8999999999999,21.9950102395423));
#1854=CARTESIAN_POINT('',(1.99999999999993,55.4999999999999,21.9950102395423));
#1855=CARTESIAN_POINT('',(1.99999999999993,55.4999999999999,21.9950102395423));
#1856=CARTESIAN_POINT('',(1.99999999999993,54.9999999999999,21.9950102395423));
#1857=CARTESIAN_POINT('Origin',(1.99999999999993,17.8999999999999,8.00000000000001));
#1858=CARTESIAN_POINT('',(1.99999999999993,55.4999999999999,8.00000000000001));
#1859=CARTESIAN_POINT('',(1.99999999999993,55.4999999999999,8.00000000000001));
#1860=CARTESIAN_POINT('',(1.99999999999993,64.9499999999999,8.00000000000001));
#1861=CARTESIAN_POINT('Origin',(0.999999989671169,65.9999999001042,7.99999976837348));
#1862=CARTESIAN_POINT('',(1.99999999999993,65.4999999001042,7.99999976837348));
#1863=CARTESIAN_POINT('',(0.999999994835547,65.4999999001042,7.99999976837348));
#1864=CARTESIAN_POINT('',(1.99999998967117,63.9999999001042,7.99999976837348));
#1865=CARTESIAN_POINT('',(0.999999989671169,63.9999999001042,7.99999976837348));
#1866=CARTESIAN_POINT('',(1.99999999999993,67.9999999500521,7.99999976837348));
#1867=CARTESIAN_POINT('Origin',(0.999999994835547,65.4999999001042,6.99999976837348));
#1868=CARTESIAN_POINT('',(1.99999999999993,66.4999999001042,6.99999976837348));
#1869=CARTESIAN_POINT('Origin',(1.99999999999994,65.4999999001042,6.99999976837348));
#1870=CARTESIAN_POINT('',(0.999999994835547,66.4999999001042,6.99999976837348));
#1871=CARTESIAN_POINT('Origin',(0.999999999999926,66.4999999001042,3.99999976837347));
#1872=CARTESIAN_POINT('',(1.99999999999993,66.4999999001042,-0.999999999999994));
#1873=CARTESIAN_POINT('',(6.49999999999993,66.4999999001042,-0.999999999999994));
#1874=CARTESIAN_POINT('',(1.99999999999993,66.4999999001042,16.9999947644156));
#1875=CARTESIAN_POINT('Origin',(6.49999999999993,65.4999999001042,-0.999999999999994));
#1876=CARTESIAN_POINT('Origin',(1.99999999999993,65.4999999001042,-0.999999999999994));
#1877=CARTESIAN_POINT('Origin',(0.999999989671162,65.9999999001042,21.9999999173851));
#1878=CARTESIAN_POINT('',(1.99999998967116,65.4999999001042,21.9999999173851));
#1879=CARTESIAN_POINT('',(0.999999994835546,65.4999999001042,21.9999999173851));
#1880=CARTESIAN_POINT('',(1.99999998967116,63.9999999001042,21.9999999173851));
#1881=CARTESIAN_POINT('',(1.99999998967116,65.9999999001042,21.9999999173851));
#1882=CARTESIAN_POINT('',(0.999999989671161,63.9999999001042,21.9999999173851));
#1883=CARTESIAN_POINT('Origin',(0.999999994835546,65.4999999001042,22.9999999173851));
#1884=CARTESIAN_POINT('',(1.99999999999993,66.4999999001042,22.9999999173851));
#1885=CARTESIAN_POINT('',(0.999999994835546,66.4999999001042,22.9999999173851));
#1886=CARTESIAN_POINT('Origin',(1.99999999999993,65.4999999001042,22.9999999173851));
#1887=CARTESIAN_POINT('Origin',(0.999999989671162,63.9999999001042,20.9999999173851));
#1888=CARTESIAN_POINT('',(1.99999999999993,63.9999999001042,20.9999999173851));
#1889=CARTESIAN_POINT('',(0.999999994835545,63.9999999001042,20.9999999173851));
#1890=CARTESIAN_POINT('',(1.99999999999993,63.9999999001042,25.4999948389214));
#1891=CARTESIAN_POINT('Origin',(0.999999994835545,64.9999999001042,20.9999999173851));
#1892=CARTESIAN_POINT('',(1.99999999999993,64.9999999001042,19.9999999173851));
#1893=CARTESIAN_POINT('Origin',(1.99999999999993,64.9999999001042,20.9999999173851));
#1894=CARTESIAN_POINT('',(0.999999994835545,64.9999999001042,19.9999999173851));
#1895=CARTESIAN_POINT('Origin',(0.999999989671168,63.9999999001042,8.99999976837348));
#1896=CARTESIAN_POINT('',(1.99999999999993,63.9999999001042,8.99999976837348));
#1897=CARTESIAN_POINT('',(0.999999994835547,63.9999999001042,8.99999976837348));
#1898=CARTESIAN_POINT('',(1.99999999999993,63.9999999001042,19.4999947644156));
#1899=CARTESIAN_POINT('Origin',(0.999999994835547,64.9999999001042,8.99999976837348));
#1900=CARTESIAN_POINT('',(1.99999999999993,64.9999999001042,9.99999976837348));
#1901=CARTESIAN_POINT('Origin',(1.99999999999993,64.9999999001042,8.99999976837348));
#1902=CARTESIAN_POINT('',(0.999999994835547,64.9999999001042,9.99999976837348));
#1903=CARTESIAN_POINT('Origin',(1.99999999999993,69.9999999999999,29.9999897604577));
#1904=CARTESIAN_POINT('',(1.99999999999993,54.4999999999999,10.));
#1905=CARTESIAN_POINT('',(1.99999999999993,63.4499999999999,10.));
#1906=CARTESIAN_POINT('',(1.99999999999993,55.4999999999999,9.00000000000001));
#1907=CARTESIAN_POINT('Origin',(1.99999999999993,54.4999999999999,9.00000000000001));
#1908=CARTESIAN_POINT('',(1.99999999999993,55.4999999999999,18.2499948802289));
#1909=CARTESIAN_POINT('',(1.99999999999993,66.9999999999999,9.99999976837347));
#1910=CARTESIAN_POINT('',(1.99999999999993,69.4999999500521,9.99999976837347));
#1911=CARTESIAN_POINT('',(1.99999999999993,66.9999999999999,19.9999999173851));
#1912=CARTESIAN_POINT('',(1.99999999999993,66.9999999999999,29.9999948802289));
#1913=CARTESIAN_POINT('',(1.99999999999993,68.9999999001042,19.9999999173851));
#1914=CARTESIAN_POINT('',(1.99999999999993,66.4999999001042,31.0000102395423));
#1915=CARTESIAN_POINT('',(1.99999999999993,66.4999999001042,27.9999948389214));
#1916=CARTESIAN_POINT('',(1.99999999999993,65.4999999001042,32.0000102395423));
#1917=CARTESIAN_POINT('Origin',(1.99999999999993,65.4999999001042,31.0000102395423));
#1918=CARTESIAN_POINT('',(1.99999999999993,53.9999999999999,32.0000102395423));
#1919=CARTESIAN_POINT('',(1.99999999999993,63.9999999999997,32.0000102395423));
#1920=CARTESIAN_POINT('',(1.99999999999993,52.9999999999999,31.0000102395423));
#1921=CARTESIAN_POINT('Origin',(1.99999999999993,53.9999999999999,31.0000102395423));
#1922=CARTESIAN_POINT('',(1.99999999999993,52.9999999999999,10.4950102395423));
#1923=CARTESIAN_POINT('',(1.99999999999993,55.4999999999999,21.));
#1924=CARTESIAN_POINT('',(1.99999999999993,55.4999999999999,10.7450102395423));
#1925=CARTESIAN_POINT('Origin',(1.99999999999993,54.4999999999999,21.));
#1926=CARTESIAN_POINT('Origin',(2.99999999999993,66.9999999999999,29.9999948802289));
#1927=CARTESIAN_POINT('',(2.99999999999993,67.9999999999999,10.0000104711688));
#1928=CARTESIAN_POINT('Origin',(2.99999999999993,66.9999999999999,9.99999976837348));
#1929=CARTESIAN_POINT('',(2.99999999999993,67.9999999999999,20.0000104711688));
#1930=CARTESIAN_POINT('',(2.99999999999993,67.9999999999999,29.9999948802289));
#1931=CARTESIAN_POINT('Origin',(2.99999999999993,66.9999999999999,19.9999999173851));
#1932=CARTESIAN_POINT('Origin',(42.9999999999999,69.9999999999999,30.));
#1933=CARTESIAN_POINT('',(2.99999999999993,69.9999999999999,10.0000104711688));
#1934=CARTESIAN_POINT('',(17.9999999999999,69.9999999999999,10.0000104711688));
#1935=CARTESIAN_POINT('',(27.4999999999999,69.9999999999999,10.0000104711688));
#1936=CARTESIAN_POINT('',(2.99999999999993,69.9999999999999,20.0000104711688));
#1937=CARTESIAN_POINT('',(2.99999999999993,69.9999999999999,29.9999948802289));
#1938=CARTESIAN_POINT('',(17.9999999999999,69.9999999999999,20.0000104711688));
#1939=CARTESIAN_POINT('',(13.4999999999999,69.9999999999999,20.0000104711688));
#1940=CARTESIAN_POINT('',(22.9999999999999,69.9999999999999,20.0000104711688));
#1941=CARTESIAN_POINT('',(17.9999999999999,69.9999999999999,20.0000104711688));
#1942=CARTESIAN_POINT('',(23.2999999999999,69.9999999999999,20.0000104711688));
#1943=CARTESIAN_POINT('',(22.9999999999999,69.9999999999999,20.0000104711688));
#1944=CARTESIAN_POINT('',(18.7999999999999,69.9999999999999,20.0000104711688));
#1945=CARTESIAN_POINT('',(23.2999999999999,69.9999999999999,10.0000104711688));
#1946=CARTESIAN_POINT('',(32.7999999999999,69.9999999999999,10.0000104711688));
#1947=CARTESIAN_POINT('',(22.9999999999999,69.9999999999999,10.0000104711688));
#1948=CARTESIAN_POINT('',(22.9999999999999,69.9999999999999,10.0000104711688));
#1949=CARTESIAN_POINT('',(17.9999999999999,69.9999999999999,10.0000104711688));
#1950=CARTESIAN_POINT('Origin',(0.999999999999926,68.9999999001042,9.99999976837348));
#1951=CARTESIAN_POINT('',(17.9999999999999,67.9999999999999,10.0000104711688));
#1952=CARTESIAN_POINT('',(27.4999999999999,67.9999999999999,10.0000104711688));
#1953=CARTESIAN_POINT('Origin',(2.99999999999993,66.9999999999999,9.99999976837348));
#1954=CARTESIAN_POINT('',(23.2999999999999,67.9999999999999,10.0000104711688));
#1955=CARTESIAN_POINT('',(32.7999999999999,67.9999999999999,10.0000104711688));
#1956=CARTESIAN_POINT('',(22.9999999999999,67.9999999999999,10.0000104711688));
#1957=CARTESIAN_POINT('',(22.9999999999999,67.9999999999999,10.0000104711688));
#1958=CARTESIAN_POINT('',(17.9999999999999,67.9999999999999,10.0000104711688));
#1959=CARTESIAN_POINT('Origin',(2.99999999999993,66.9999999999999,29.9999948802289));
#1960=CARTESIAN_POINT('Origin',(2.99999999999993,66.9999999999999,19.9999999173851));
#1961=CARTESIAN_POINT('Origin',(3.99999999999993,47.9999999999999,10.));
#1962=CARTESIAN_POINT('',(2.99999999999993,54.4999999999999,10.));
#1963=CARTESIAN_POINT('Origin',(1.99999999999993,55.4999999999999,6.50000000000001));
#1964=CARTESIAN_POINT('',(2.99999999999993,55.4999999999999,9.00000000000001));
#1965=CARTESIAN_POINT('Origin',(2.99999999999993,54.4999999999999,9.00000000000001));
#1966=CARTESIAN_POINT('Origin',(1.99999999999993,55.4999999999999,23.4950102395423));
#1967=CARTESIAN_POINT('',(2.99999999999993,55.4999999999999,21.));
#1968=CARTESIAN_POINT('Origin',(2.99999999999993,54.4999999999999,21.));
#1969=CARTESIAN_POINT('Origin',(11.9999999999999,41.9999999999999,32.0000102395423));
#1970=CARTESIAN_POINT('',(11.9999999999999,53.9999999999999,32.0000102395423));
#1971=CARTESIAN_POINT('',(6.49999999999993,65.4999999001042,32.0000102395423));
#1972=CARTESIAN_POINT('Origin',(0.99999999999993,66.4999999001042,25.9999999173851));
#1973=CARTESIAN_POINT('',(6.49999999999993,66.4999999001042,31.0000102395423));
#1974=CARTESIAN_POINT('Origin',(6.49999999999993,65.4999999001042,31.0000102395423));
#1975=CARTESIAN_POINT('Origin',(11.9999999999999,52.9999999999999,20.9950102395423));
#1976=CARTESIAN_POINT('',(11.9999999999999,52.9999999999999,31.0000102395423));
#1977=CARTESIAN_POINT('Origin',(11.9999999999999,53.9999999999999,31.0000102395423));
#1978=CARTESIAN_POINT('Origin',(0.999999999999929,68.9999999001042,19.9999999173851));
#1979=CARTESIAN_POINT('',(17.9999999999999,67.9999999999999,20.0000104711688));
#1980=CARTESIAN_POINT('',(13.4999999999999,67.9999999999999,20.0000104711688));
#1981=CARTESIAN_POINT('',(22.9999999999999,67.9999999999999,20.0000104711688));
#1982=CARTESIAN_POINT('',(17.9999999999999,67.9999999999999,20.0000104711688));
#1983=CARTESIAN_POINT('',(23.2999999999999,67.9999999999999,20.0000104711688));
#1984=CARTESIAN_POINT('',(22.9999999999999,67.9999999999999,20.0000104711688));
#1985=CARTESIAN_POINT('',(18.7999999999999,67.9999999999999,20.0000104711688));
#1986=CARTESIAN_POINT('Origin',(42.9999999999999,67.9999999999999,30.));
#1987=UNCERTAINTY_MEASURE_WITH_UNIT(LENGTH_MEASURE(0.01),#1991,
'DISTANCE_ACCURACY_VALUE',
'Maximum model space distance between geometric entities at asserted c
onnectivities');
#1988=UNCERTAINTY_MEASURE_WITH_UNIT(LENGTH_MEASURE(0.01),#1991,
'DISTANCE_ACCURACY_VALUE',
'Maximum model space distance between geometric entities at asserted c
onnectivities');
#1989=(
GEOMETRIC_REPRESENTATION_CONTEXT(3)
GLOBAL_UNCERTAINTY_ASSIGNED_CONTEXT((#1987))
GLOBAL_UNIT_ASSIGNED_CONTEXT((#1991,#1993,#1994))
REPRESENTATION_CONTEXT('','3D')
);
#1990=(
GEOMETRIC_REPRESENTATION_CONTEXT(3)
GLOBAL_UNCERTAINTY_ASSIGNED_CONTEXT((#1988))
GLOBAL_UNIT_ASSIGNED_CONTEXT((#1991,#1993,#1994))
REPRESENTATION_CONTEXT('','3D')
);
#1991=(
LENGTH_UNIT()
NAMED_UNIT(*)
SI_UNIT(.MILLI.,.METRE.)
);
#1992=(
LENGTH_UNIT()
NAMED_UNIT(*)
SI_UNIT($,.METRE.)
);
#1993=(
NAMED_UNIT(*)
PLANE_ANGLE_UNIT()
SI_UNIT($,.RADIAN.)
);
#1994=(
NAMED_UNIT(*)
SI_UNIT($,.STERADIAN.)
SOLID_ANGLE_UNIT()
);
#1995=SHAPE_DEFINITION_REPRESENTATION(#1996,#1997);
#1996=PRODUCT_DEFINITION_SHAPE('',$,#1999);
#1997=SHAPE_REPRESENTATION('',(#1201),#1989);
#1998=PRODUCT_DEFINITION_CONTEXT('part definition',#2003,'design');
#1999=PRODUCT_DEFINITION('Dr\X2\017E00E1\X0\k ram\X\EDnka A1',
'Horizontal Mount',#2000,#1998);
#2000=PRODUCT_DEFINITION_FORMATION('',$,#2005);
#2001=PRODUCT_RELATED_PRODUCT_CATEGORY('Horizontal Mount',
'Horizontal Mount',(#2005));
#2002=APPLICATION_PROTOCOL_DEFINITION('international standard',
'automotive_design',2009,#2003);
#2003=APPLICATION_CONTEXT(
'Core Data for Automotive Mechanical Design Process');
#2004=PRODUCT_CONTEXT('part definition',#2003,'mechanical');
#2005=PRODUCT('Dr\X2\017E00E1\X0\k ram\X\EDnka A1','Horizontal Mount',$,
(#2004));
#2006=PRESENTATION_STYLE_ASSIGNMENT((#2008));
#2007=PRESENTATION_STYLE_ASSIGNMENT((#2009));
#2008=SURFACE_STYLE_USAGE(.BOTH.,#2010);
#2009=SURFACE_STYLE_USAGE(.BOTH.,#2011);
#2010=SURFACE_SIDE_STYLE('',(#2012));
#2011=SURFACE_SIDE_STYLE('',(#2013));
#2012=SURFACE_STYLE_FILL_AREA(#2014);
#2013=SURFACE_STYLE_FILL_AREA(#2015);
#2014=FILL_AREA_STYLE('Steel - Satin',(#2016));
#2015=FILL_AREA_STYLE('Aluminum - Anodized Rough (Grey)',(#2017));
#2016=FILL_AREA_STYLE_COLOUR('Steel - Satin',#2018);
#2017=FILL_AREA_STYLE_COLOUR('Aluminum - Anodized Rough (Grey)',#2019);
#2018=COLOUR_RGB('Steel - Satin',0.627450980392157,0.627450980392157,0.627450980392157);
#2019=COLOUR_RGB('Aluminum - Anodized Rough (Grey)',0.258823529411765,0.254901960784314,
0.258823529411765);
ENDSEC;
END-ISO-10303-21;
