ISO-10303-21;
HEADER;
/* Generated by software containing ST-Developer
 * from STEP Tools, Inc. (www.steptools.com) 
 */

FILE_DESCRIPTION(
/* description */ (''),
/* implementation_level */ '2;1');

FILE_NAME(
/* name */ 'Swing Arm.step',
/* time_stamp */ '2025-04-05T18:20:09-07:00',
/* author */ (''),
/* organization */ (''),
/* preprocessor_version */ 'ST-DEVELOPER v20.1',
/* originating_system */ 'Autodesk Translation Framework v14.4.0.0',
/* authorisation */ '');

FILE_SCHEMA (('AUTOMOTIVE_DESIGN { 1 0 10303 214 3 1 1 }'));
ENDSEC;

DATA;
#10=MECHANICAL_DESIGN_GEOMETRIC_PRESENTATION_REPRESENTATION('',(#13),#2600);
#11=SHAPE_REPRESENTATION_RELATIONSHIP('SRR','None',#2607,#12);
#12=ADVANCED_BREP_SHAPE_REPRESENTATION('',(#14),#2599);
#13=STYLED_ITEM('',(#2617),#14);
#14=MANIFOLD_SOLID_BREP('Body1',#1524);
#15=CYLINDRICAL_SURFACE('',#1542,2.);
#16=CYLINDRICAL_SURFACE('',#1550,4.);
#17=CYLINDRICAL_SURFACE('',#1552,2.);
#18=CYLINDRICAL_SURFACE('',#1558,2.);
#19=CYLINDRICAL_SURFACE('',#1559,1.6);
#20=CYLINDRICAL_SURFACE('',#1560,1.9);
#21=CYLINDRICAL_SURFACE('',#1563,1.);
#22=CYLINDRICAL_SURFACE('',#1593,1.);
#23=CYLINDRICAL_SURFACE('',#1595,1.);
#24=CYLINDRICAL_SURFACE('',#1598,1.);
#25=CYLINDRICAL_SURFACE('',#1601,1.);
#26=CYLINDRICAL_SURFACE('',#1604,1.);
#27=CYLINDRICAL_SURFACE('',#1607,1.);
#28=CYLINDRICAL_SURFACE('',#1610,1.);
#29=CYLINDRICAL_SURFACE('',#1612,1.);
#30=CYLINDRICAL_SURFACE('',#1615,1.);
#31=CYLINDRICAL_SURFACE('',#1617,1.);
#32=CYLINDRICAL_SURFACE('',#1620,1.);
#33=CYLINDRICAL_SURFACE('',#1623,1.);
#34=CYLINDRICAL_SURFACE('',#1626,1.);
#35=CYLINDRICAL_SURFACE('',#1628,1.);
#36=CYLINDRICAL_SURFACE('',#1631,1.);
#37=CYLINDRICAL_SURFACE('',#1634,1.);
#38=CYLINDRICAL_SURFACE('',#1637,1.);
#39=CYLINDRICAL_SURFACE('',#1639,1.);
#40=CYLINDRICAL_SURFACE('',#1642,1.);
#41=CYLINDRICAL_SURFACE('',#1645,1.);
#42=CYLINDRICAL_SURFACE('',#1648,1.);
#43=CYLINDRICAL_SURFACE('',#1650,1.);
#44=CYLINDRICAL_SURFACE('',#1653,1.);
#45=CYLINDRICAL_SURFACE('',#1656,1.);
#46=CYLINDRICAL_SURFACE('',#1659,1.);
#47=CYLINDRICAL_SURFACE('',#1671,1.6);
#48=CYLINDRICAL_SURFACE('',#1674,2.);
#49=CYLINDRICAL_SURFACE('',#1680,2.);
#50=CYLINDRICAL_SURFACE('',#1683,4.);
#51=CYLINDRICAL_SURFACE('',#1691,2.);
#52=FACE_BOUND('',#140,.T.);
#53=FACE_BOUND('',#149,.T.);
#54=FACE_BOUND('',#156,.T.);
#55=FACE_BOUND('',#210,.T.);
#56=FACE_BOUND('',#216,.T.);
#57=FACE_BOUND('',#225,.T.);
#58=FACE_OUTER_BOUND('',#139,.T.);
#59=FACE_OUTER_BOUND('',#141,.T.);
#60=FACE_OUTER_BOUND('',#142,.T.);
#61=FACE_OUTER_BOUND('',#143,.T.);
#62=FACE_OUTER_BOUND('',#144,.T.);
#63=FACE_OUTER_BOUND('',#145,.T.);
#64=FACE_OUTER_BOUND('',#146,.T.);
#65=FACE_OUTER_BOUND('',#147,.T.);
#66=FACE_OUTER_BOUND('',#148,.T.);
#67=FACE_OUTER_BOUND('',#150,.T.);
#68=FACE_OUTER_BOUND('',#151,.T.);
#69=FACE_OUTER_BOUND('',#152,.T.);
#70=FACE_OUTER_BOUND('',#153,.T.);
#71=FACE_OUTER_BOUND('',#154,.T.);
#72=FACE_OUTER_BOUND('',#155,.T.);
#73=FACE_OUTER_BOUND('',#157,.T.);
#74=FACE_OUTER_BOUND('',#158,.T.);
#75=FACE_OUTER_BOUND('',#159,.T.);
#76=FACE_OUTER_BOUND('',#160,.T.);
#77=FACE_OUTER_BOUND('',#161,.T.);
#78=FACE_OUTER_BOUND('',#162,.T.);
#79=FACE_OUTER_BOUND('',#163,.T.);
#80=FACE_OUTER_BOUND('',#164,.T.);
#81=FACE_OUTER_BOUND('',#165,.T.);
#82=FACE_OUTER_BOUND('',#166,.T.);
#83=FACE_OUTER_BOUND('',#167,.T.);
#84=FACE_OUTER_BOUND('',#168,.T.);
#85=FACE_OUTER_BOUND('',#169,.T.);
#86=FACE_OUTER_BOUND('',#170,.T.);
#87=FACE_OUTER_BOUND('',#171,.T.);
#88=FACE_OUTER_BOUND('',#172,.T.);
#89=FACE_OUTER_BOUND('',#173,.T.);
#90=FACE_OUTER_BOUND('',#174,.T.);
#91=FACE_OUTER_BOUND('',#175,.T.);
#92=FACE_OUTER_BOUND('',#176,.T.);
#93=FACE_OUTER_BOUND('',#177,.T.);
#94=FACE_OUTER_BOUND('',#178,.T.);
#95=FACE_OUTER_BOUND('',#179,.T.);
#96=FACE_OUTER_BOUND('',#180,.T.);
#97=FACE_OUTER_BOUND('',#181,.T.);
#98=FACE_OUTER_BOUND('',#182,.T.);
#99=FACE_OUTER_BOUND('',#183,.T.);
#100=FACE_OUTER_BOUND('',#184,.T.);
#101=FACE_OUTER_BOUND('',#185,.T.);
#102=FACE_OUTER_BOUND('',#186,.T.);
#103=FACE_OUTER_BOUND('',#187,.T.);
#104=FACE_OUTER_BOUND('',#188,.T.);
#105=FACE_OUTER_BOUND('',#189,.T.);
#106=FACE_OUTER_BOUND('',#190,.T.);
#107=FACE_OUTER_BOUND('',#191,.T.);
#108=FACE_OUTER_BOUND('',#192,.T.);
#109=FACE_OUTER_BOUND('',#193,.T.);
#110=FACE_OUTER_BOUND('',#194,.T.);
#111=FACE_OUTER_BOUND('',#195,.T.);
#112=FACE_OUTER_BOUND('',#196,.T.);
#113=FACE_OUTER_BOUND('',#197,.T.);
#114=FACE_OUTER_BOUND('',#198,.T.);
#115=FACE_OUTER_BOUND('',#199,.T.);
#116=FACE_OUTER_BOUND('',#200,.T.);
#117=FACE_OUTER_BOUND('',#201,.T.);
#118=FACE_OUTER_BOUND('',#202,.T.);
#119=FACE_OUTER_BOUND('',#203,.T.);
#120=FACE_OUTER_BOUND('',#204,.T.);
#121=FACE_OUTER_BOUND('',#205,.T.);
#122=FACE_OUTER_BOUND('',#206,.T.);
#123=FACE_OUTER_BOUND('',#207,.T.);
#124=FACE_OUTER_BOUND('',#208,.T.);
#125=FACE_OUTER_BOUND('',#209,.T.);
#126=FACE_OUTER_BOUND('',#211,.T.);
#127=FACE_OUTER_BOUND('',#212,.T.);
#128=FACE_OUTER_BOUND('',#213,.T.);
#129=FACE_OUTER_BOUND('',#214,.T.);
#130=FACE_OUTER_BOUND('',#215,.T.);
#131=FACE_OUTER_BOUND('',#217,.T.);
#132=FACE_OUTER_BOUND('',#218,.T.);
#133=FACE_OUTER_BOUND('',#219,.T.);
#134=FACE_OUTER_BOUND('',#220,.T.);
#135=FACE_OUTER_BOUND('',#221,.T.);
#136=FACE_OUTER_BOUND('',#222,.T.);
#137=FACE_OUTER_BOUND('',#223,.T.);
#138=FACE_OUTER_BOUND('',#224,.T.);
#139=EDGE_LOOP('',(#957,#958,#959,#960,#961,#962));
#140=EDGE_LOOP('',(#963));
#141=EDGE_LOOP('',(#964,#965,#966,#967));
#142=EDGE_LOOP('',(#968,#969,#970,#971));
#143=EDGE_LOOP('',(#972,#973,#974,#975));
#144=EDGE_LOOP('',(#976,#977,#978,#979));
#145=EDGE_LOOP('',(#980,#981,#982,#983));
#146=EDGE_LOOP('',(#984,#985,#986,#987));
#147=EDGE_LOOP('',(#988,#989,#990,#991));
#148=EDGE_LOOP('',(#992,#993,#994,#995,#996,#997));
#149=EDGE_LOOP('',(#998));
#150=EDGE_LOOP('',(#999,#1000,#1001,#1002));
#151=EDGE_LOOP('',(#1003,#1004,#1005,#1006));
#152=EDGE_LOOP('',(#1007,#1008,#1009,#1010));
#153=EDGE_LOOP('',(#1011,#1012,#1013,#1014));
#154=EDGE_LOOP('',(#1015,#1016,#1017,#1018));
#155=EDGE_LOOP('',(#1019,#1020,#1021,#1022,#1023,#1024,#1025,#1026,#1027,
#1028,#1029,#1030,#1031,#1032,#1033,#1034,#1035,#1036,#1037,#1038,#1039,
#1040,#1041,#1042,#1043,#1044,#1045,#1046,#1047,#1048,#1049,#1050,#1051,
#1052,#1053,#1054,#1055,#1056,#1057,#1058,#1059,#1060,#1061,#1062,#1063,
#1064,#1065,#1066,#1067,#1068,#1069,#1070,#1071,#1072,#1073,#1074));
#156=EDGE_LOOP('',(#1075));
#157=EDGE_LOOP('',(#1076,#1077,#1078,#1079));
#158=EDGE_LOOP('',(#1080,#1081,#1082,#1083));
#159=EDGE_LOOP('',(#1084,#1085,#1086,#1087));
#160=EDGE_LOOP('',(#1088,#1089,#1090,#1091));
#161=EDGE_LOOP('',(#1092,#1093,#1094,#1095));
#162=EDGE_LOOP('',(#1096,#1097,#1098,#1099));
#163=EDGE_LOOP('',(#1100,#1101,#1102,#1103));
#164=EDGE_LOOP('',(#1104,#1105,#1106,#1107));
#165=EDGE_LOOP('',(#1108,#1109,#1110,#1111));
#166=EDGE_LOOP('',(#1112,#1113,#1114,#1115));
#167=EDGE_LOOP('',(#1116,#1117,#1118,#1119));
#168=EDGE_LOOP('',(#1120,#1121,#1122,#1123));
#169=EDGE_LOOP('',(#1124,#1125,#1126,#1127));
#170=EDGE_LOOP('',(#1128,#1129,#1130,#1131));
#171=EDGE_LOOP('',(#1132,#1133,#1134,#1135));
#172=EDGE_LOOP('',(#1136,#1137,#1138,#1139));
#173=EDGE_LOOP('',(#1140,#1141,#1142,#1143));
#174=EDGE_LOOP('',(#1144,#1145,#1146,#1147));
#175=EDGE_LOOP('',(#1148,#1149,#1150,#1151));
#176=EDGE_LOOP('',(#1152,#1153,#1154,#1155));
#177=EDGE_LOOP('',(#1156,#1157,#1158,#1159));
#178=EDGE_LOOP('',(#1160,#1161,#1162,#1163));
#179=EDGE_LOOP('',(#1164,#1165,#1166,#1167));
#180=EDGE_LOOP('',(#1168,#1169,#1170,#1171));
#181=EDGE_LOOP('',(#1172,#1173,#1174,#1175));
#182=EDGE_LOOP('',(#1176,#1177,#1178,#1179));
#183=EDGE_LOOP('',(#1180,#1181,#1182,#1183));
#184=EDGE_LOOP('',(#1184,#1185,#1186,#1187));
#185=EDGE_LOOP('',(#1188,#1189,#1190,#1191));
#186=EDGE_LOOP('',(#1192,#1193,#1194,#1195));
#187=EDGE_LOOP('',(#1196,#1197,#1198,#1199));
#188=EDGE_LOOP('',(#1200,#1201,#1202,#1203));
#189=EDGE_LOOP('',(#1204,#1205,#1206,#1207));
#190=EDGE_LOOP('',(#1208,#1209,#1210,#1211));
#191=EDGE_LOOP('',(#1212,#1213,#1214,#1215));
#192=EDGE_LOOP('',(#1216,#1217,#1218,#1219));
#193=EDGE_LOOP('',(#1220,#1221,#1222,#1223));
#194=EDGE_LOOP('',(#1224,#1225,#1226,#1227));
#195=EDGE_LOOP('',(#1228,#1229,#1230,#1231));
#196=EDGE_LOOP('',(#1232,#1233,#1234,#1235));
#197=EDGE_LOOP('',(#1236,#1237,#1238,#1239));
#198=EDGE_LOOP('',(#1240,#1241,#1242,#1243));
#199=EDGE_LOOP('',(#1244,#1245,#1246,#1247));
#200=EDGE_LOOP('',(#1248,#1249,#1250,#1251));
#201=EDGE_LOOP('',(#1252,#1253,#1254,#1255));
#202=EDGE_LOOP('',(#1256,#1257,#1258,#1259));
#203=EDGE_LOOP('',(#1260,#1261,#1262,#1263));
#204=EDGE_LOOP('',(#1264,#1265,#1266,#1267));
#205=EDGE_LOOP('',(#1268,#1269,#1270,#1271));
#206=EDGE_LOOP('',(#1272,#1273,#1274,#1275));
#207=EDGE_LOOP('',(#1276,#1277,#1278,#1279));
#208=EDGE_LOOP('',(#1280,#1281,#1282,#1283));
#209=EDGE_LOOP('',(#1284,#1285,#1286,#1287,#1288,#1289,#1290,#1291,#1292,
#1293,#1294,#1295,#1296,#1297,#1298,#1299,#1300,#1301,#1302,#1303,#1304,
#1305,#1306,#1307,#1308,#1309,#1310,#1311,#1312,#1313,#1314,#1315,#1316,
#1317,#1318,#1319,#1320,#1321,#1322,#1323,#1324,#1325,#1326,#1327,#1328,
#1329,#1330,#1331,#1332,#1333,#1334,#1335,#1336,#1337,#1338,#1339));
#210=EDGE_LOOP('',(#1340));
#211=EDGE_LOOP('',(#1341,#1342,#1343,#1344));
#212=EDGE_LOOP('',(#1345,#1346,#1347,#1348));
#213=EDGE_LOOP('',(#1349,#1350,#1351,#1352));
#214=EDGE_LOOP('',(#1353,#1354,#1355,#1356));
#215=EDGE_LOOP('',(#1357,#1358,#1359,#1360,#1361,#1362));
#216=EDGE_LOOP('',(#1363));
#217=EDGE_LOOP('',(#1364,#1365,#1366,#1367));
#218=EDGE_LOOP('',(#1368,#1369,#1370,#1371));
#219=EDGE_LOOP('',(#1372,#1373,#1374,#1375));
#220=EDGE_LOOP('',(#1376,#1377,#1378,#1379));
#221=EDGE_LOOP('',(#1380,#1381,#1382,#1383));
#222=EDGE_LOOP('',(#1384,#1385,#1386,#1387));
#223=EDGE_LOOP('',(#1388,#1389,#1390,#1391));
#224=EDGE_LOOP('',(#1392,#1393,#1394,#1395,#1396,#1397));
#225=EDGE_LOOP('',(#1398));
#226=LINE('',#2158,#373);
#227=LINE('',#2162,#374);
#228=LINE('',#2164,#375);
#229=LINE('',#2165,#376);
#230=LINE('',#2171,#377);
#231=LINE('',#2175,#378);
#232=LINE('',#2178,#379);
#233=LINE('',#2181,#380);
#234=LINE('',#2183,#381);
#235=LINE('',#2185,#382);
#236=LINE('',#2189,#383);
#237=LINE('',#2190,#384);
#238=LINE('',#2192,#385);
#239=LINE('',#2195,#386);
#240=LINE('',#2196,#387);
#241=LINE('',#2199,#388);
#242=LINE('',#2204,#389);
#243=LINE('',#2208,#390);
#244=LINE('',#2211,#391);
#245=LINE('',#2216,#392);
#246=LINE('',#2223,#393);
#247=LINE('',#2226,#394);
#248=LINE('',#2229,#395);
#249=LINE('',#2231,#396);
#250=LINE('',#2233,#397);
#251=LINE('',#2237,#398);
#252=LINE('',#2241,#399);
#253=LINE('',#2245,#400);
#254=LINE('',#2249,#401);
#255=LINE('',#2253,#402);
#256=LINE('',#2257,#403);
#257=LINE('',#2261,#404);
#258=LINE('',#2265,#405);
#259=LINE('',#2269,#406);
#260=LINE('',#2273,#407);
#261=LINE('',#2277,#408);
#262=LINE('',#2281,#409);
#263=LINE('',#2285,#410);
#264=LINE('',#2288,#411);
#265=LINE('',#2290,#412);
#266=LINE('',#2294,#413);
#267=LINE('',#2298,#414);
#268=LINE('',#2302,#415);
#269=LINE('',#2306,#416);
#270=LINE('',#2310,#417);
#271=LINE('',#2314,#418);
#272=LINE('',#2318,#419);
#273=LINE('',#2322,#420);
#274=LINE('',#2326,#421);
#275=LINE('',#2330,#422);
#276=LINE('',#2333,#423);
#277=LINE('',#2336,#424);
#278=LINE('',#2337,#425);
#279=LINE('',#2341,#426);
#280=LINE('',#2344,#427);
#281=LINE('',#2347,#428);
#282=LINE('',#2349,#429);
#283=LINE('',#2354,#430);
#284=LINE('',#2355,#431);
#285=LINE('',#2357,#432);
#286=LINE('',#2362,#433);
#287=LINE('',#2363,#434);
#288=LINE('',#2366,#435);
#289=LINE('',#2367,#436);
#290=LINE('',#2370,#437);
#291=LINE('',#2373,#438);
#292=LINE('',#2376,#439);
#293=LINE('',#2377,#440);
#294=LINE('',#2380,#441);
#295=LINE('',#2383,#442);
#296=LINE('',#2386,#443);
#297=LINE('',#2387,#444);
#298=LINE('',#2393,#445);
#299=LINE('',#2396,#446);
#300=LINE('',#2397,#447);
#301=LINE('',#2401,#448);
#302=LINE('',#2404,#449);
#303=LINE('',#2407,#450);
#304=LINE('',#2409,#451);
#305=LINE('',#2414,#452);
#306=LINE('',#2415,#453);
#307=LINE('',#2417,#454);
#308=LINE('',#2420,#455);
#309=LINE('',#2423,#456);
#310=LINE('',#2426,#457);
#311=LINE('',#2427,#458);
#312=LINE('',#2431,#459);
#313=LINE('',#2434,#460);
#314=LINE('',#2437,#461);
#315=LINE('',#2439,#462);
#316=LINE('',#2444,#463);
#317=LINE('',#2445,#464);
#318=LINE('',#2448,#465);
#319=LINE('',#2449,#466);
#320=LINE('',#2453,#467);
#321=LINE('',#2456,#468);
#322=LINE('',#2457,#469);
#323=LINE('',#2461,#470);
#324=LINE('',#2464,#471);
#325=LINE('',#2467,#472);
#326=LINE('',#2469,#473);
#327=LINE('',#2474,#474);
#328=LINE('',#2475,#475);
#329=LINE('',#2478,#476);
#330=LINE('',#2479,#477);
#331=LINE('',#2483,#478);
#332=LINE('',#2486,#479);
#333=LINE('',#2487,#480);
#334=LINE('',#2491,#481);
#335=LINE('',#2494,#482);
#336=LINE('',#2497,#483);
#337=LINE('',#2499,#484);
#338=LINE('',#2504,#485);
#339=LINE('',#2505,#486);
#340=LINE('',#2508,#487);
#341=LINE('',#2509,#488);
#342=LINE('',#2514,#489);
#343=LINE('',#2515,#490);
#344=LINE('',#2517,#491);
#345=LINE('',#2521,#492);
#346=LINE('',#2523,#493);
#347=LINE('',#2525,#494);
#348=LINE('',#2527,#495);
#349=LINE('',#2529,#496);
#350=LINE('',#2531,#497);
#351=LINE('',#2533,#498);
#352=LINE('',#2536,#499);
#353=LINE('',#2537,#500);
#354=LINE('',#2539,#501);
#355=LINE('',#2542,#502);
#356=LINE('',#2543,#503);
#357=LINE('',#2545,#504);
#358=LINE('',#2550,#505);
#359=LINE('',#2557,#506);
#360=LINE('',#2560,#507);
#361=LINE('',#2563,#508);
#362=LINE('',#2565,#509);
#363=LINE('',#2566,#510);
#364=LINE('',#2569,#511);
#365=LINE('',#2573,#512);
#366=LINE('',#2574,#513);
#367=LINE('',#2579,#514);
#368=LINE('',#2580,#515);
#369=LINE('',#2583,#516);
#370=LINE('',#2584,#517);
#371=LINE('',#2586,#518);
#372=LINE('',#2594,#519);
#373=VECTOR('',#1699,10.);
#374=VECTOR('',#1702,10.);
#375=VECTOR('',#1703,10.);
#376=VECTOR('',#1704,2.88);
#377=VECTOR('',#1709,10.);
#378=VECTOR('',#1712,10.);
#379=VECTOR('',#1717,10.);
#380=VECTOR('',#1720,10.);
#381=VECTOR('',#1723,10.);
#382=VECTOR('',#1724,10.);
#383=VECTOR('',#1729,10.);
#384=VECTOR('',#1730,2.88);
#385=VECTOR('',#1733,10.);
#386=VECTOR('',#1736,10.);
#387=VECTOR('',#1737,2.88);
#388=VECTOR('',#1740,10.);
#389=VECTOR('',#1747,10.);
#390=VECTOR('',#1752,10.);
#391=VECTOR('',#1757,1.6);
#392=VECTOR('',#1762,1.9);
#393=VECTOR('',#1769,10.);
#394=VECTOR('',#1772,10.);
#395=VECTOR('',#1775,10.);
#396=VECTOR('',#1776,10.);
#397=VECTOR('',#1777,10.);
#398=VECTOR('',#1780,10.);
#399=VECTOR('',#1783,10.);
#400=VECTOR('',#1786,10.);
#401=VECTOR('',#1789,10.);
#402=VECTOR('',#1792,10.);
#403=VECTOR('',#1795,10.);
#404=VECTOR('',#1798,10.);
#405=VECTOR('',#1801,10.);
#406=VECTOR('',#1804,10.);
#407=VECTOR('',#1807,10.);
#408=VECTOR('',#1810,10.);
#409=VECTOR('',#1813,10.);
#410=VECTOR('',#1816,10.);
#411=VECTOR('',#1819,10.);
#412=VECTOR('',#1820,10.);
#413=VECTOR('',#1823,10.);
#414=VECTOR('',#1826,9.99999999999999);
#415=VECTOR('',#1829,10.);
#416=VECTOR('',#1832,10.);
#417=VECTOR('',#1835,10.);
#418=VECTOR('',#1838,9.99999999999999);
#419=VECTOR('',#1841,10.);
#420=VECTOR('',#1844,10.);
#421=VECTOR('',#1847,10.);
#422=VECTOR('',#1850,9.99999999999999);
#423=VECTOR('',#1853,10.);
#424=VECTOR('',#1856,10.);
#425=VECTOR('',#1857,10.);
#426=VECTOR('',#1862,10.);
#427=VECTOR('',#1865,10.);
#428=VECTOR('',#1868,10.);
#429=VECTOR('',#1871,10.);
#430=VECTOR('',#1876,10.);
#431=VECTOR('',#1877,10.);
#432=VECTOR('',#1880,9.99999999999999);
#433=VECTOR('',#1885,10.);
#434=VECTOR('',#1886,10.);
#435=VECTOR('',#1889,10.);
#436=VECTOR('',#1890,10.);
#437=VECTOR('',#1893,10.);
#438=VECTOR('',#1896,10.);
#439=VECTOR('',#1899,10.);
#440=VECTOR('',#1900,10.);
#441=VECTOR('',#1903,10.);
#442=VECTOR('',#1906,10.);
#443=VECTOR('',#1909,10.);
#444=VECTOR('',#1910,10.);
#445=VECTOR('',#1919,10.);
#446=VECTOR('',#1922,10.);
#447=VECTOR('',#1923,10.);
#448=VECTOR('',#1928,10.);
#449=VECTOR('',#1931,10.);
#450=VECTOR('',#1934,10.);
#451=VECTOR('',#1937,10.);
#452=VECTOR('',#1942,10.);
#453=VECTOR('',#1943,10.);
#454=VECTOR('',#1946,10.);
#455=VECTOR('',#1949,10.);
#456=VECTOR('',#1952,10.);
#457=VECTOR('',#1955,10.);
#458=VECTOR('',#1956,10.);
#459=VECTOR('',#1961,10.);
#460=VECTOR('',#1964,10.);
#461=VECTOR('',#1967,10.);
#462=VECTOR('',#1970,10.);
#463=VECTOR('',#1975,10.);
#464=VECTOR('',#1976,10.);
#465=VECTOR('',#1979,10.);
#466=VECTOR('',#1980,10.);
#467=VECTOR('',#1985,10.);
#468=VECTOR('',#1988,10.);
#469=VECTOR('',#1989,10.);
#470=VECTOR('',#1994,10.);
#471=VECTOR('',#1997,10.);
#472=VECTOR('',#2000,10.);
#473=VECTOR('',#2003,10.);
#474=VECTOR('',#2008,10.);
#475=VECTOR('',#2009,10.);
#476=VECTOR('',#2012,10.);
#477=VECTOR('',#2013,10.);
#478=VECTOR('',#2018,10.);
#479=VECTOR('',#2021,10.);
#480=VECTOR('',#2022,10.);
#481=VECTOR('',#2027,10.);
#482=VECTOR('',#2030,10.);
#483=VECTOR('',#2033,10.);
#484=VECTOR('',#2036,10.);
#485=VECTOR('',#2041,10.);
#486=VECTOR('',#2042,10.);
#487=VECTOR('',#2045,10.);
#488=VECTOR('',#2046,10.);
#489=VECTOR('',#2051,10.);
#490=VECTOR('',#2052,10.);
#491=VECTOR('',#2055,10.);
#492=VECTOR('',#2060,10.);
#493=VECTOR('',#2063,10.);
#494=VECTOR('',#2066,9.99999999999999);
#495=VECTOR('',#2069,10.);
#496=VECTOR('',#2072,10.);
#497=VECTOR('',#2075,10.);
#498=VECTOR('',#2078,9.99999999999999);
#499=VECTOR('',#2081,10.);
#500=VECTOR('',#2082,10.);
#501=VECTOR('',#2085,10.);
#502=VECTOR('',#2088,10.);
#503=VECTOR('',#2089,10.);
#504=VECTOR('',#2092,10.);
#505=VECTOR('',#2097,1.6);
#506=VECTOR('',#2104,10.);
#507=VECTOR('',#2107,10.);
#508=VECTOR('',#2110,2.88);
#509=VECTOR('',#2111,10.);
#510=VECTOR('',#2112,10.);
#511=VECTOR('',#2115,10.);
#512=VECTOR('',#2118,2.88);
#513=VECTOR('',#2119,10.);
#514=VECTOR('',#2124,10.);
#515=VECTOR('',#2125,10.);
#516=VECTOR('',#2128,2.88);
#517=VECTOR('',#2129,10.);
#518=VECTOR('',#2132,10.);
#519=VECTOR('',#2147,10.);
#520=CIRCLE('',#1539,2.);
#521=CIRCLE('',#1540,2.);
#522=CIRCLE('',#1541,1.6);
#523=CIRCLE('',#1543,2.);
#524=CIRCLE('',#1544,2.);
#525=CIRCLE('',#1546,4.);
#526=CIRCLE('',#1548,4.);
#527=CIRCLE('',#1553,2.);
#528=CIRCLE('',#1555,2.);
#529=CIRCLE('',#1556,1.6);
#530=CIRCLE('',#1561,1.9);
#531=CIRCLE('',#1562,1.9);
#532=CIRCLE('',#1564,1.);
#533=CIRCLE('',#1565,1.);
#534=CIRCLE('',#1567,1.);
#535=CIRCLE('',#1568,1.);
#536=CIRCLE('',#1569,1.);
#537=CIRCLE('',#1570,1.);
#538=CIRCLE('',#1571,1.);
#539=CIRCLE('',#1572,1.);
#540=CIRCLE('',#1573,1.);
#541=CIRCLE('',#1574,1.);
#542=CIRCLE('',#1575,1.);
#543=CIRCLE('',#1576,1.);
#544=CIRCLE('',#1577,1.);
#545=CIRCLE('',#1578,1.);
#546=CIRCLE('',#1579,1.);
#547=CIRCLE('',#1580,1.);
#548=CIRCLE('',#1581,1.);
#549=CIRCLE('',#1582,1.);
#550=CIRCLE('',#1583,1.);
#551=CIRCLE('',#1584,1.);
#552=CIRCLE('',#1585,1.);
#553=CIRCLE('',#1586,1.);
#554=CIRCLE('',#1587,1.);
#555=CIRCLE('',#1588,1.);
#556=CIRCLE('',#1589,1.);
#557=CIRCLE('',#1590,1.);
#558=CIRCLE('',#1591,1.);
#559=CIRCLE('',#1594,1.);
#560=CIRCLE('',#1596,1.);
#561=CIRCLE('',#1599,1.);
#562=CIRCLE('',#1602,1.);
#563=CIRCLE('',#1605,1.);
#564=CIRCLE('',#1608,1.);
#565=CIRCLE('',#1611,1.);
#566=CIRCLE('',#1613,1.);
#567=CIRCLE('',#1616,1.);
#568=CIRCLE('',#1618,1.);
#569=CIRCLE('',#1621,1.);
#570=CIRCLE('',#1624,1.);
#571=CIRCLE('',#1627,1.);
#572=CIRCLE('',#1629,1.);
#573=CIRCLE('',#1632,1.);
#574=CIRCLE('',#1635,1.);
#575=CIRCLE('',#1638,1.);
#576=CIRCLE('',#1640,1.);
#577=CIRCLE('',#1643,1.);
#578=CIRCLE('',#1646,1.);
#579=CIRCLE('',#1649,1.);
#580=CIRCLE('',#1651,1.);
#581=CIRCLE('',#1654,1.);
#582=CIRCLE('',#1657,1.);
#583=CIRCLE('',#1660,1.);
#584=CIRCLE('',#1672,1.6);
#585=CIRCLE('',#1673,1.6);
#586=CIRCLE('',#1675,2.);
#587=CIRCLE('',#1676,2.);
#588=CIRCLE('',#1679,2.);
#589=CIRCLE('',#1681,2.);
#590=CIRCLE('',#1684,4.);
#591=CIRCLE('',#1685,4.);
#592=CIRCLE('',#1687,2.);
#593=CIRCLE('',#1689,2.);
#594=VERTEX_POINT('',#2154);
#595=VERTEX_POINT('',#2155);
#596=VERTEX_POINT('',#2157);
#597=VERTEX_POINT('',#2159);
#598=VERTEX_POINT('',#2161);
#599=VERTEX_POINT('',#2163);
#600=VERTEX_POINT('',#2166);
#601=VERTEX_POINT('',#2169);
#602=VERTEX_POINT('',#2170);
#603=VERTEX_POINT('',#2172);
#604=VERTEX_POINT('',#2174);
#605=VERTEX_POINT('',#2179);
#606=VERTEX_POINT('',#2184);
#607=VERTEX_POINT('',#2188);
#608=VERTEX_POINT('',#2194);
#609=VERTEX_POINT('',#2198);
#610=VERTEX_POINT('',#2202);
#611=VERTEX_POINT('',#2205);
#612=VERTEX_POINT('',#2213);
#613=VERTEX_POINT('',#2215);
#614=VERTEX_POINT('',#2219);
#615=VERTEX_POINT('',#2220);
#616=VERTEX_POINT('',#2222);
#617=VERTEX_POINT('',#2224);
#618=VERTEX_POINT('',#2228);
#619=VERTEX_POINT('',#2230);
#620=VERTEX_POINT('',#2232);
#621=VERTEX_POINT('',#2234);
#622=VERTEX_POINT('',#2236);
#623=VERTEX_POINT('',#2238);
#624=VERTEX_POINT('',#2240);
#625=VERTEX_POINT('',#2242);
#626=VERTEX_POINT('',#2244);
#627=VERTEX_POINT('',#2246);
#628=VERTEX_POINT('',#2248);
#629=VERTEX_POINT('',#2250);
#630=VERTEX_POINT('',#2252);
#631=VERTEX_POINT('',#2254);
#632=VERTEX_POINT('',#2256);
#633=VERTEX_POINT('',#2258);
#634=VERTEX_POINT('',#2260);
#635=VERTEX_POINT('',#2262);
#636=VERTEX_POINT('',#2264);
#637=VERTEX_POINT('',#2266);
#638=VERTEX_POINT('',#2268);
#639=VERTEX_POINT('',#2270);
#640=VERTEX_POINT('',#2272);
#641=VERTEX_POINT('',#2274);
#642=VERTEX_POINT('',#2276);
#643=VERTEX_POINT('',#2278);
#644=VERTEX_POINT('',#2280);
#645=VERTEX_POINT('',#2282);
#646=VERTEX_POINT('',#2284);
#647=VERTEX_POINT('',#2286);
#648=VERTEX_POINT('',#2289);
#649=VERTEX_POINT('',#2291);
#650=VERTEX_POINT('',#2293);
#651=VERTEX_POINT('',#2295);
#652=VERTEX_POINT('',#2297);
#653=VERTEX_POINT('',#2299);
#654=VERTEX_POINT('',#2301);
#655=VERTEX_POINT('',#2303);
#656=VERTEX_POINT('',#2305);
#657=VERTEX_POINT('',#2307);
#658=VERTEX_POINT('',#2309);
#659=VERTEX_POINT('',#2311);
#660=VERTEX_POINT('',#2313);
#661=VERTEX_POINT('',#2315);
#662=VERTEX_POINT('',#2317);
#663=VERTEX_POINT('',#2319);
#664=VERTEX_POINT('',#2321);
#665=VERTEX_POINT('',#2323);
#666=VERTEX_POINT('',#2325);
#667=VERTEX_POINT('',#2327);
#668=VERTEX_POINT('',#2329);
#669=VERTEX_POINT('',#2331);
#670=VERTEX_POINT('',#2335);
#671=VERTEX_POINT('',#2339);
#672=VERTEX_POINT('',#2343);
#673=VERTEX_POINT('',#2345);
#674=VERTEX_POINT('',#2351);
#675=VERTEX_POINT('',#2352);
#676=VERTEX_POINT('',#2359);
#677=VERTEX_POINT('',#2360);
#678=VERTEX_POINT('',#2365);
#679=VERTEX_POINT('',#2369);
#680=VERTEX_POINT('',#2371);
#681=VERTEX_POINT('',#2375);
#682=VERTEX_POINT('',#2379);
#683=VERTEX_POINT('',#2381);
#684=VERTEX_POINT('',#2385);
#685=VERTEX_POINT('',#2391);
#686=VERTEX_POINT('',#2395);
#687=VERTEX_POINT('',#2399);
#688=VERTEX_POINT('',#2403);
#689=VERTEX_POINT('',#2405);
#690=VERTEX_POINT('',#2411);
#691=VERTEX_POINT('',#2412);
#692=VERTEX_POINT('',#2419);
#693=VERTEX_POINT('',#2421);
#694=VERTEX_POINT('',#2425);
#695=VERTEX_POINT('',#2429);
#696=VERTEX_POINT('',#2433);
#697=VERTEX_POINT('',#2435);
#698=VERTEX_POINT('',#2441);
#699=VERTEX_POINT('',#2442);
#700=VERTEX_POINT('',#2447);
#701=VERTEX_POINT('',#2451);
#702=VERTEX_POINT('',#2455);
#703=VERTEX_POINT('',#2459);
#704=VERTEX_POINT('',#2463);
#705=VERTEX_POINT('',#2465);
#706=VERTEX_POINT('',#2471);
#707=VERTEX_POINT('',#2472);
#708=VERTEX_POINT('',#2477);
#709=VERTEX_POINT('',#2481);
#710=VERTEX_POINT('',#2485);
#711=VERTEX_POINT('',#2489);
#712=VERTEX_POINT('',#2493);
#713=VERTEX_POINT('',#2495);
#714=VERTEX_POINT('',#2501);
#715=VERTEX_POINT('',#2502);
#716=VERTEX_POINT('',#2507);
#717=VERTEX_POINT('',#2511);
#718=VERTEX_POINT('',#2512);
#719=VERTEX_POINT('',#2519);
#720=VERTEX_POINT('',#2535);
#721=VERTEX_POINT('',#2541);
#722=VERTEX_POINT('',#2547);
#723=VERTEX_POINT('',#2549);
#724=VERTEX_POINT('',#2553);
#725=VERTEX_POINT('',#2554);
#726=VERTEX_POINT('',#2556);
#727=VERTEX_POINT('',#2558);
#728=VERTEX_POINT('',#2562);
#729=VERTEX_POINT('',#2564);
#730=VERTEX_POINT('',#2568);
#731=VERTEX_POINT('',#2570);
#732=VERTEX_POINT('',#2572);
#733=VERTEX_POINT('',#2576);
#734=VERTEX_POINT('',#2577);
#735=VERTEX_POINT('',#2582);
#736=EDGE_CURVE('',#594,#595,#520,.T.);
#737=EDGE_CURVE('',#594,#596,#226,.T.);
#738=EDGE_CURVE('',#597,#596,#521,.T.);
#739=EDGE_CURVE('',#597,#598,#227,.T.);
#740=EDGE_CURVE('',#598,#599,#228,.T.);
#741=EDGE_CURVE('',#599,#595,#229,.T.);
#742=EDGE_CURVE('',#600,#600,#522,.T.);
#743=EDGE_CURVE('',#601,#602,#230,.T.);
#744=EDGE_CURVE('',#601,#603,#523,.T.);
#745=EDGE_CURVE('',#603,#604,#231,.T.);
#746=EDGE_CURVE('',#602,#604,#524,.T.);
#747=EDGE_CURVE('',#599,#601,#232,.T.);
#748=EDGE_CURVE('',#605,#599,#525,.T.);
#749=EDGE_CURVE('',#603,#605,#233,.T.);
#750=EDGE_CURVE('',#602,#598,#234,.T.);
#751=EDGE_CURVE('',#604,#606,#235,.T.);
#752=EDGE_CURVE('',#598,#606,#526,.T.);
#753=EDGE_CURVE('',#595,#607,#236,.T.);
#754=EDGE_CURVE('',#607,#601,#237,.T.);
#755=EDGE_CURVE('',#606,#605,#238,.T.);
#756=EDGE_CURVE('',#608,#597,#239,.T.);
#757=EDGE_CURVE('',#608,#602,#240,.T.);
#758=EDGE_CURVE('',#596,#609,#241,.T.);
#759=EDGE_CURVE('',#609,#608,#527,.T.);
#760=EDGE_CURVE('',#607,#610,#528,.T.);
#761=EDGE_CURVE('',#609,#610,#242,.T.);
#762=EDGE_CURVE('',#611,#611,#529,.T.);
#763=EDGE_CURVE('',#610,#594,#243,.T.);
#764=EDGE_CURVE('',#600,#611,#244,.T.);
#765=EDGE_CURVE('',#612,#612,#530,.T.);
#766=EDGE_CURVE('',#612,#613,#245,.T.);
#767=EDGE_CURVE('',#613,#613,#531,.T.);
#768=EDGE_CURVE('',#614,#615,#532,.T.);
#769=EDGE_CURVE('',#615,#616,#246,.T.);
#770=EDGE_CURVE('',#616,#617,#533,.T.);
#771=EDGE_CURVE('',#617,#614,#247,.T.);
#772=EDGE_CURVE('',#606,#618,#248,.T.);
#773=EDGE_CURVE('',#618,#619,#249,.T.);
#774=EDGE_CURVE('',#619,#620,#250,.T.);
#775=EDGE_CURVE('',#621,#620,#534,.T.);
#776=EDGE_CURVE('',#621,#622,#251,.T.);
#777=EDGE_CURVE('',#623,#622,#535,.T.);
#778=EDGE_CURVE('',#623,#624,#252,.T.);
#779=EDGE_CURVE('',#625,#624,#536,.T.);
#780=EDGE_CURVE('',#625,#626,#253,.T.);
#781=EDGE_CURVE('',#627,#626,#537,.T.);
#782=EDGE_CURVE('',#627,#628,#254,.T.);
#783=EDGE_CURVE('',#629,#628,#538,.T.);
#784=EDGE_CURVE('',#629,#630,#255,.T.);
#785=EDGE_CURVE('',#631,#630,#539,.T.);
#786=EDGE_CURVE('',#631,#632,#256,.T.);
#787=EDGE_CURVE('',#633,#632,#540,.T.);
#788=EDGE_CURVE('',#633,#634,#257,.T.);
#789=EDGE_CURVE('',#635,#634,#541,.T.);
#790=EDGE_CURVE('',#635,#636,#258,.T.);
#791=EDGE_CURVE('',#637,#636,#542,.T.);
#792=EDGE_CURVE('',#637,#638,#259,.T.);
#793=EDGE_CURVE('',#639,#638,#543,.T.);
#794=EDGE_CURVE('',#639,#640,#260,.T.);
#795=EDGE_CURVE('',#641,#640,#544,.T.);
#796=EDGE_CURVE('',#641,#642,#261,.T.);
#797=EDGE_CURVE('',#643,#642,#545,.T.);
#798=EDGE_CURVE('',#643,#644,#262,.T.);
#799=EDGE_CURVE('',#645,#644,#546,.T.);
#800=EDGE_CURVE('',#645,#646,#263,.T.);
#801=EDGE_CURVE('',#647,#646,#547,.T.);
#802=EDGE_CURVE('',#647,#615,#264,.T.);
#803=EDGE_CURVE('',#614,#648,#265,.T.);
#804=EDGE_CURVE('',#649,#648,#548,.T.);
#805=EDGE_CURVE('',#649,#650,#266,.T.);
#806=EDGE_CURVE('',#651,#650,#549,.T.);
#807=EDGE_CURVE('',#651,#652,#267,.T.);
#808=EDGE_CURVE('',#653,#652,#550,.T.);
#809=EDGE_CURVE('',#653,#654,#268,.T.);
#810=EDGE_CURVE('',#655,#654,#551,.T.);
#811=EDGE_CURVE('',#655,#656,#269,.T.);
#812=EDGE_CURVE('',#657,#656,#552,.T.);
#813=EDGE_CURVE('',#657,#658,#270,.T.);
#814=EDGE_CURVE('',#659,#658,#553,.T.);
#815=EDGE_CURVE('',#659,#660,#271,.T.);
#816=EDGE_CURVE('',#661,#660,#554,.T.);
#817=EDGE_CURVE('',#661,#662,#272,.T.);
#818=EDGE_CURVE('',#663,#662,#555,.T.);
#819=EDGE_CURVE('',#663,#664,#273,.T.);
#820=EDGE_CURVE('',#665,#664,#556,.T.);
#821=EDGE_CURVE('',#665,#666,#274,.T.);
#822=EDGE_CURVE('',#667,#666,#557,.T.);
#823=EDGE_CURVE('',#667,#668,#275,.T.);
#824=EDGE_CURVE('',#669,#668,#558,.T.);
#825=EDGE_CURVE('',#605,#669,#276,.T.);
#826=EDGE_CURVE('',#670,#617,#277,.T.);
#827=EDGE_CURVE('',#648,#670,#278,.T.);
#828=EDGE_CURVE('',#670,#671,#559,.T.);
#829=EDGE_CURVE('',#671,#649,#279,.T.);
#830=EDGE_CURVE('',#650,#672,#280,.T.);
#831=EDGE_CURVE('',#672,#673,#560,.T.);
#832=EDGE_CURVE('',#673,#651,#281,.T.);
#833=EDGE_CURVE('',#672,#671,#282,.T.);
#834=EDGE_CURVE('',#674,#675,#561,.T.);
#835=EDGE_CURVE('',#675,#653,#283,.T.);
#836=EDGE_CURVE('',#652,#674,#284,.T.);
#837=EDGE_CURVE('',#674,#673,#285,.T.);
#838=EDGE_CURVE('',#676,#677,#562,.T.);
#839=EDGE_CURVE('',#677,#661,#286,.T.);
#840=EDGE_CURVE('',#660,#676,#287,.T.);
#841=EDGE_CURVE('',#678,#677,#288,.T.);
#842=EDGE_CURVE('',#662,#678,#289,.T.);
#843=EDGE_CURVE('',#658,#679,#290,.T.);
#844=EDGE_CURVE('',#679,#680,#563,.T.);
#845=EDGE_CURVE('',#680,#659,#291,.T.);
#846=EDGE_CURVE('',#681,#657,#292,.T.);
#847=EDGE_CURVE('',#679,#681,#293,.T.);
#848=EDGE_CURVE('',#654,#682,#294,.T.);
#849=EDGE_CURVE('',#682,#683,#564,.T.);
#850=EDGE_CURVE('',#683,#655,#295,.T.);
#851=EDGE_CURVE('',#684,#683,#296,.T.);
#852=EDGE_CURVE('',#656,#684,#297,.T.);
#853=EDGE_CURVE('',#684,#681,#565,.T.);
#854=EDGE_CURVE('',#678,#685,#566,.T.);
#855=EDGE_CURVE('',#685,#663,#298,.T.);
#856=EDGE_CURVE('',#686,#685,#299,.T.);
#857=EDGE_CURVE('',#664,#686,#300,.T.);
#858=EDGE_CURVE('',#686,#687,#567,.T.);
#859=EDGE_CURVE('',#687,#665,#301,.T.);
#860=EDGE_CURVE('',#666,#688,#302,.T.);
#861=EDGE_CURVE('',#688,#689,#568,.T.);
#862=EDGE_CURVE('',#689,#667,#303,.T.);
#863=EDGE_CURVE('',#688,#687,#304,.T.);
#864=EDGE_CURVE('',#690,#691,#569,.T.);
#865=EDGE_CURVE('',#691,#669,#305,.T.);
#866=EDGE_CURVE('',#668,#690,#306,.T.);
#867=EDGE_CURVE('',#691,#603,#307,.T.);
#868=EDGE_CURVE('',#620,#692,#308,.T.);
#869=EDGE_CURVE('',#692,#693,#570,.T.);
#870=EDGE_CURVE('',#693,#621,#309,.T.);
#871=EDGE_CURVE('',#694,#693,#310,.T.);
#872=EDGE_CURVE('',#622,#694,#311,.T.);
#873=EDGE_CURVE('',#694,#695,#571,.T.);
#874=EDGE_CURVE('',#695,#623,#312,.T.);
#875=EDGE_CURVE('',#624,#696,#313,.T.);
#876=EDGE_CURVE('',#696,#697,#572,.T.);
#877=EDGE_CURVE('',#697,#625,#314,.T.);
#878=EDGE_CURVE('',#696,#695,#315,.T.);
#879=EDGE_CURVE('',#698,#699,#573,.T.);
#880=EDGE_CURVE('',#699,#627,#316,.T.);
#881=EDGE_CURVE('',#626,#698,#317,.T.);
#882=EDGE_CURVE('',#700,#699,#318,.T.);
#883=EDGE_CURVE('',#628,#700,#319,.T.);
#884=EDGE_CURVE('',#700,#701,#574,.T.);
#885=EDGE_CURVE('',#701,#629,#320,.T.);
#886=EDGE_CURVE('',#702,#701,#321,.T.);
#887=EDGE_CURVE('',#630,#702,#322,.T.);
#888=EDGE_CURVE('',#702,#703,#575,.T.);
#889=EDGE_CURVE('',#703,#631,#323,.T.);
#890=EDGE_CURVE('',#632,#704,#324,.T.);
#891=EDGE_CURVE('',#704,#705,#576,.T.);
#892=EDGE_CURVE('',#705,#633,#325,.T.);
#893=EDGE_CURVE('',#704,#703,#326,.T.);
#894=EDGE_CURVE('',#706,#707,#577,.T.);
#895=EDGE_CURVE('',#707,#635,#327,.T.);
#896=EDGE_CURVE('',#634,#706,#328,.T.);
#897=EDGE_CURVE('',#708,#707,#329,.T.);
#898=EDGE_CURVE('',#636,#708,#330,.T.);
#899=EDGE_CURVE('',#708,#709,#578,.T.);
#900=EDGE_CURVE('',#709,#637,#331,.T.);
#901=EDGE_CURVE('',#710,#709,#332,.T.);
#902=EDGE_CURVE('',#638,#710,#333,.T.);
#903=EDGE_CURVE('',#710,#711,#579,.T.);
#904=EDGE_CURVE('',#711,#639,#334,.T.);
#905=EDGE_CURVE('',#640,#712,#335,.T.);
#906=EDGE_CURVE('',#712,#713,#580,.T.);
#907=EDGE_CURVE('',#713,#641,#336,.T.);
#908=EDGE_CURVE('',#712,#711,#337,.T.);
#909=EDGE_CURVE('',#714,#715,#581,.T.);
#910=EDGE_CURVE('',#715,#643,#338,.T.);
#911=EDGE_CURVE('',#642,#714,#339,.T.);
#912=EDGE_CURVE('',#716,#715,#340,.T.);
#913=EDGE_CURVE('',#644,#716,#341,.T.);
#914=EDGE_CURVE('',#717,#718,#582,.T.);
#915=EDGE_CURVE('',#718,#647,#342,.T.);
#916=EDGE_CURVE('',#646,#717,#343,.T.);
#917=EDGE_CURVE('',#616,#718,#344,.T.);
#918=EDGE_CURVE('',#716,#719,#583,.T.);
#919=EDGE_CURVE('',#719,#645,#345,.T.);
#920=EDGE_CURVE('',#717,#719,#346,.T.);
#921=EDGE_CURVE('',#676,#680,#347,.T.);
#922=EDGE_CURVE('',#714,#713,#348,.T.);
#923=EDGE_CURVE('',#698,#697,#349,.T.);
#924=EDGE_CURVE('',#706,#705,#350,.T.);
#925=EDGE_CURVE('',#690,#689,#351,.T.);
#926=EDGE_CURVE('',#619,#720,#352,.T.);
#927=EDGE_CURVE('',#692,#720,#353,.T.);
#928=EDGE_CURVE('',#682,#675,#354,.T.);
#929=EDGE_CURVE('',#720,#721,#355,.T.);
#930=EDGE_CURVE('',#721,#604,#356,.T.);
#931=EDGE_CURVE('',#721,#618,#357,.T.);
#932=EDGE_CURVE('',#722,#722,#584,.T.);
#933=EDGE_CURVE('',#722,#723,#358,.T.);
#934=EDGE_CURVE('',#723,#723,#585,.T.);
#935=EDGE_CURVE('',#724,#725,#586,.T.);
#936=EDGE_CURVE('',#725,#726,#359,.T.);
#937=EDGE_CURVE('',#726,#727,#587,.T.);
#938=EDGE_CURVE('',#727,#724,#360,.T.);
#939=EDGE_CURVE('',#727,#728,#361,.T.);
#940=EDGE_CURVE('',#728,#729,#362,.T.);
#941=EDGE_CURVE('',#724,#729,#363,.T.);
#942=EDGE_CURVE('',#726,#730,#364,.T.);
#943=EDGE_CURVE('',#731,#730,#588,.T.);
#944=EDGE_CURVE('',#731,#732,#365,.T.);
#945=EDGE_CURVE('',#732,#728,#366,.T.);
#946=EDGE_CURVE('',#733,#734,#589,.T.);
#947=EDGE_CURVE('',#734,#731,#367,.T.);
#948=EDGE_CURVE('',#730,#733,#368,.T.);
#949=EDGE_CURVE('',#735,#734,#369,.T.);
#950=EDGE_CURVE('',#735,#732,#370,.T.);
#951=EDGE_CURVE('',#729,#735,#371,.T.);
#952=EDGE_CURVE('',#729,#619,#590,.T.);
#953=EDGE_CURVE('',#618,#735,#591,.T.);
#954=EDGE_CURVE('',#728,#720,#592,.T.);
#955=EDGE_CURVE('',#732,#721,#593,.T.);
#956=EDGE_CURVE('',#733,#725,#372,.T.);
#957=ORIENTED_EDGE('',*,*,#736,.F.);
#958=ORIENTED_EDGE('',*,*,#737,.T.);
#959=ORIENTED_EDGE('',*,*,#738,.F.);
#960=ORIENTED_EDGE('',*,*,#739,.T.);
#961=ORIENTED_EDGE('',*,*,#740,.T.);
#962=ORIENTED_EDGE('',*,*,#741,.T.);
#963=ORIENTED_EDGE('',*,*,#742,.T.);
#964=ORIENTED_EDGE('',*,*,#743,.F.);
#965=ORIENTED_EDGE('',*,*,#744,.T.);
#966=ORIENTED_EDGE('',*,*,#745,.T.);
#967=ORIENTED_EDGE('',*,*,#746,.F.);
#968=ORIENTED_EDGE('',*,*,#747,.F.);
#969=ORIENTED_EDGE('',*,*,#748,.F.);
#970=ORIENTED_EDGE('',*,*,#749,.F.);
#971=ORIENTED_EDGE('',*,*,#744,.F.);
#972=ORIENTED_EDGE('',*,*,#750,.F.);
#973=ORIENTED_EDGE('',*,*,#746,.T.);
#974=ORIENTED_EDGE('',*,*,#751,.T.);
#975=ORIENTED_EDGE('',*,*,#752,.F.);
#976=ORIENTED_EDGE('',*,*,#753,.F.);
#977=ORIENTED_EDGE('',*,*,#741,.F.);
#978=ORIENTED_EDGE('',*,*,#747,.T.);
#979=ORIENTED_EDGE('',*,*,#754,.F.);
#980=ORIENTED_EDGE('',*,*,#740,.F.);
#981=ORIENTED_EDGE('',*,*,#752,.T.);
#982=ORIENTED_EDGE('',*,*,#755,.T.);
#983=ORIENTED_EDGE('',*,*,#748,.T.);
#984=ORIENTED_EDGE('',*,*,#756,.F.);
#985=ORIENTED_EDGE('',*,*,#757,.T.);
#986=ORIENTED_EDGE('',*,*,#750,.T.);
#987=ORIENTED_EDGE('',*,*,#739,.F.);
#988=ORIENTED_EDGE('',*,*,#738,.T.);
#989=ORIENTED_EDGE('',*,*,#758,.T.);
#990=ORIENTED_EDGE('',*,*,#759,.T.);
#991=ORIENTED_EDGE('',*,*,#756,.T.);
#992=ORIENTED_EDGE('',*,*,#760,.F.);
#993=ORIENTED_EDGE('',*,*,#754,.T.);
#994=ORIENTED_EDGE('',*,*,#743,.T.);
#995=ORIENTED_EDGE('',*,*,#757,.F.);
#996=ORIENTED_EDGE('',*,*,#759,.F.);
#997=ORIENTED_EDGE('',*,*,#761,.T.);
#998=ORIENTED_EDGE('',*,*,#762,.T.);
#999=ORIENTED_EDGE('',*,*,#763,.F.);
#1000=ORIENTED_EDGE('',*,*,#761,.F.);
#1001=ORIENTED_EDGE('',*,*,#758,.F.);
#1002=ORIENTED_EDGE('',*,*,#737,.F.);
#1003=ORIENTED_EDGE('',*,*,#736,.T.);
#1004=ORIENTED_EDGE('',*,*,#753,.T.);
#1005=ORIENTED_EDGE('',*,*,#760,.T.);
#1006=ORIENTED_EDGE('',*,*,#763,.T.);
#1007=ORIENTED_EDGE('',*,*,#742,.F.);
#1008=ORIENTED_EDGE('',*,*,#764,.T.);
#1009=ORIENTED_EDGE('',*,*,#762,.F.);
#1010=ORIENTED_EDGE('',*,*,#764,.F.);
#1011=ORIENTED_EDGE('',*,*,#765,.F.);
#1012=ORIENTED_EDGE('',*,*,#766,.T.);
#1013=ORIENTED_EDGE('',*,*,#767,.F.);
#1014=ORIENTED_EDGE('',*,*,#766,.F.);
#1015=ORIENTED_EDGE('',*,*,#768,.T.);
#1016=ORIENTED_EDGE('',*,*,#769,.T.);
#1017=ORIENTED_EDGE('',*,*,#770,.T.);
#1018=ORIENTED_EDGE('',*,*,#771,.T.);
#1019=ORIENTED_EDGE('',*,*,#755,.F.);
#1020=ORIENTED_EDGE('',*,*,#772,.T.);
#1021=ORIENTED_EDGE('',*,*,#773,.T.);
#1022=ORIENTED_EDGE('',*,*,#774,.T.);
#1023=ORIENTED_EDGE('',*,*,#775,.F.);
#1024=ORIENTED_EDGE('',*,*,#776,.T.);
#1025=ORIENTED_EDGE('',*,*,#777,.F.);
#1026=ORIENTED_EDGE('',*,*,#778,.T.);
#1027=ORIENTED_EDGE('',*,*,#779,.F.);
#1028=ORIENTED_EDGE('',*,*,#780,.T.);
#1029=ORIENTED_EDGE('',*,*,#781,.F.);
#1030=ORIENTED_EDGE('',*,*,#782,.T.);
#1031=ORIENTED_EDGE('',*,*,#783,.F.);
#1032=ORIENTED_EDGE('',*,*,#784,.T.);
#1033=ORIENTED_EDGE('',*,*,#785,.F.);
#1034=ORIENTED_EDGE('',*,*,#786,.T.);
#1035=ORIENTED_EDGE('',*,*,#787,.F.);
#1036=ORIENTED_EDGE('',*,*,#788,.T.);
#1037=ORIENTED_EDGE('',*,*,#789,.F.);
#1038=ORIENTED_EDGE('',*,*,#790,.T.);
#1039=ORIENTED_EDGE('',*,*,#791,.F.);
#1040=ORIENTED_EDGE('',*,*,#792,.T.);
#1041=ORIENTED_EDGE('',*,*,#793,.F.);
#1042=ORIENTED_EDGE('',*,*,#794,.T.);
#1043=ORIENTED_EDGE('',*,*,#795,.F.);
#1044=ORIENTED_EDGE('',*,*,#796,.T.);
#1045=ORIENTED_EDGE('',*,*,#797,.F.);
#1046=ORIENTED_EDGE('',*,*,#798,.T.);
#1047=ORIENTED_EDGE('',*,*,#799,.F.);
#1048=ORIENTED_EDGE('',*,*,#800,.T.);
#1049=ORIENTED_EDGE('',*,*,#801,.F.);
#1050=ORIENTED_EDGE('',*,*,#802,.T.);
#1051=ORIENTED_EDGE('',*,*,#768,.F.);
#1052=ORIENTED_EDGE('',*,*,#803,.T.);
#1053=ORIENTED_EDGE('',*,*,#804,.F.);
#1054=ORIENTED_EDGE('',*,*,#805,.T.);
#1055=ORIENTED_EDGE('',*,*,#806,.F.);
#1056=ORIENTED_EDGE('',*,*,#807,.T.);
#1057=ORIENTED_EDGE('',*,*,#808,.F.);
#1058=ORIENTED_EDGE('',*,*,#809,.T.);
#1059=ORIENTED_EDGE('',*,*,#810,.F.);
#1060=ORIENTED_EDGE('',*,*,#811,.T.);
#1061=ORIENTED_EDGE('',*,*,#812,.F.);
#1062=ORIENTED_EDGE('',*,*,#813,.T.);
#1063=ORIENTED_EDGE('',*,*,#814,.F.);
#1064=ORIENTED_EDGE('',*,*,#815,.T.);
#1065=ORIENTED_EDGE('',*,*,#816,.F.);
#1066=ORIENTED_EDGE('',*,*,#817,.T.);
#1067=ORIENTED_EDGE('',*,*,#818,.F.);
#1068=ORIENTED_EDGE('',*,*,#819,.T.);
#1069=ORIENTED_EDGE('',*,*,#820,.F.);
#1070=ORIENTED_EDGE('',*,*,#821,.T.);
#1071=ORIENTED_EDGE('',*,*,#822,.F.);
#1072=ORIENTED_EDGE('',*,*,#823,.T.);
#1073=ORIENTED_EDGE('',*,*,#824,.F.);
#1074=ORIENTED_EDGE('',*,*,#825,.F.);
#1075=ORIENTED_EDGE('',*,*,#765,.T.);
#1076=ORIENTED_EDGE('',*,*,#771,.F.);
#1077=ORIENTED_EDGE('',*,*,#826,.F.);
#1078=ORIENTED_EDGE('',*,*,#827,.F.);
#1079=ORIENTED_EDGE('',*,*,#803,.F.);
#1080=ORIENTED_EDGE('',*,*,#804,.T.);
#1081=ORIENTED_EDGE('',*,*,#827,.T.);
#1082=ORIENTED_EDGE('',*,*,#828,.T.);
#1083=ORIENTED_EDGE('',*,*,#829,.T.);
#1084=ORIENTED_EDGE('',*,*,#806,.T.);
#1085=ORIENTED_EDGE('',*,*,#830,.T.);
#1086=ORIENTED_EDGE('',*,*,#831,.T.);
#1087=ORIENTED_EDGE('',*,*,#832,.T.);
#1088=ORIENTED_EDGE('',*,*,#829,.F.);
#1089=ORIENTED_EDGE('',*,*,#833,.F.);
#1090=ORIENTED_EDGE('',*,*,#830,.F.);
#1091=ORIENTED_EDGE('',*,*,#805,.F.);
#1092=ORIENTED_EDGE('',*,*,#834,.T.);
#1093=ORIENTED_EDGE('',*,*,#835,.T.);
#1094=ORIENTED_EDGE('',*,*,#808,.T.);
#1095=ORIENTED_EDGE('',*,*,#836,.T.);
#1096=ORIENTED_EDGE('',*,*,#832,.F.);
#1097=ORIENTED_EDGE('',*,*,#837,.F.);
#1098=ORIENTED_EDGE('',*,*,#836,.F.);
#1099=ORIENTED_EDGE('',*,*,#807,.F.);
#1100=ORIENTED_EDGE('',*,*,#838,.T.);
#1101=ORIENTED_EDGE('',*,*,#839,.T.);
#1102=ORIENTED_EDGE('',*,*,#816,.T.);
#1103=ORIENTED_EDGE('',*,*,#840,.T.);
#1104=ORIENTED_EDGE('',*,*,#839,.F.);
#1105=ORIENTED_EDGE('',*,*,#841,.F.);
#1106=ORIENTED_EDGE('',*,*,#842,.F.);
#1107=ORIENTED_EDGE('',*,*,#817,.F.);
#1108=ORIENTED_EDGE('',*,*,#814,.T.);
#1109=ORIENTED_EDGE('',*,*,#843,.T.);
#1110=ORIENTED_EDGE('',*,*,#844,.T.);
#1111=ORIENTED_EDGE('',*,*,#845,.T.);
#1112=ORIENTED_EDGE('',*,*,#843,.F.);
#1113=ORIENTED_EDGE('',*,*,#813,.F.);
#1114=ORIENTED_EDGE('',*,*,#846,.F.);
#1115=ORIENTED_EDGE('',*,*,#847,.F.);
#1116=ORIENTED_EDGE('',*,*,#810,.T.);
#1117=ORIENTED_EDGE('',*,*,#848,.T.);
#1118=ORIENTED_EDGE('',*,*,#849,.T.);
#1119=ORIENTED_EDGE('',*,*,#850,.T.);
#1120=ORIENTED_EDGE('',*,*,#850,.F.);
#1121=ORIENTED_EDGE('',*,*,#851,.F.);
#1122=ORIENTED_EDGE('',*,*,#852,.F.);
#1123=ORIENTED_EDGE('',*,*,#811,.F.);
#1124=ORIENTED_EDGE('',*,*,#812,.T.);
#1125=ORIENTED_EDGE('',*,*,#852,.T.);
#1126=ORIENTED_EDGE('',*,*,#853,.T.);
#1127=ORIENTED_EDGE('',*,*,#846,.T.);
#1128=ORIENTED_EDGE('',*,*,#818,.T.);
#1129=ORIENTED_EDGE('',*,*,#842,.T.);
#1130=ORIENTED_EDGE('',*,*,#854,.T.);
#1131=ORIENTED_EDGE('',*,*,#855,.T.);
#1132=ORIENTED_EDGE('',*,*,#855,.F.);
#1133=ORIENTED_EDGE('',*,*,#856,.F.);
#1134=ORIENTED_EDGE('',*,*,#857,.F.);
#1135=ORIENTED_EDGE('',*,*,#819,.F.);
#1136=ORIENTED_EDGE('',*,*,#820,.T.);
#1137=ORIENTED_EDGE('',*,*,#857,.T.);
#1138=ORIENTED_EDGE('',*,*,#858,.T.);
#1139=ORIENTED_EDGE('',*,*,#859,.T.);
#1140=ORIENTED_EDGE('',*,*,#822,.T.);
#1141=ORIENTED_EDGE('',*,*,#860,.T.);
#1142=ORIENTED_EDGE('',*,*,#861,.T.);
#1143=ORIENTED_EDGE('',*,*,#862,.T.);
#1144=ORIENTED_EDGE('',*,*,#859,.F.);
#1145=ORIENTED_EDGE('',*,*,#863,.F.);
#1146=ORIENTED_EDGE('',*,*,#860,.F.);
#1147=ORIENTED_EDGE('',*,*,#821,.F.);
#1148=ORIENTED_EDGE('',*,*,#864,.T.);
#1149=ORIENTED_EDGE('',*,*,#865,.T.);
#1150=ORIENTED_EDGE('',*,*,#824,.T.);
#1151=ORIENTED_EDGE('',*,*,#866,.T.);
#1152=ORIENTED_EDGE('',*,*,#749,.T.);
#1153=ORIENTED_EDGE('',*,*,#825,.T.);
#1154=ORIENTED_EDGE('',*,*,#865,.F.);
#1155=ORIENTED_EDGE('',*,*,#867,.T.);
#1156=ORIENTED_EDGE('',*,*,#775,.T.);
#1157=ORIENTED_EDGE('',*,*,#868,.T.);
#1158=ORIENTED_EDGE('',*,*,#869,.T.);
#1159=ORIENTED_EDGE('',*,*,#870,.T.);
#1160=ORIENTED_EDGE('',*,*,#870,.F.);
#1161=ORIENTED_EDGE('',*,*,#871,.F.);
#1162=ORIENTED_EDGE('',*,*,#872,.F.);
#1163=ORIENTED_EDGE('',*,*,#776,.F.);
#1164=ORIENTED_EDGE('',*,*,#777,.T.);
#1165=ORIENTED_EDGE('',*,*,#872,.T.);
#1166=ORIENTED_EDGE('',*,*,#873,.T.);
#1167=ORIENTED_EDGE('',*,*,#874,.T.);
#1168=ORIENTED_EDGE('',*,*,#779,.T.);
#1169=ORIENTED_EDGE('',*,*,#875,.T.);
#1170=ORIENTED_EDGE('',*,*,#876,.T.);
#1171=ORIENTED_EDGE('',*,*,#877,.T.);
#1172=ORIENTED_EDGE('',*,*,#874,.F.);
#1173=ORIENTED_EDGE('',*,*,#878,.F.);
#1174=ORIENTED_EDGE('',*,*,#875,.F.);
#1175=ORIENTED_EDGE('',*,*,#778,.F.);
#1176=ORIENTED_EDGE('',*,*,#879,.T.);
#1177=ORIENTED_EDGE('',*,*,#880,.T.);
#1178=ORIENTED_EDGE('',*,*,#781,.T.);
#1179=ORIENTED_EDGE('',*,*,#881,.T.);
#1180=ORIENTED_EDGE('',*,*,#880,.F.);
#1181=ORIENTED_EDGE('',*,*,#882,.F.);
#1182=ORIENTED_EDGE('',*,*,#883,.F.);
#1183=ORIENTED_EDGE('',*,*,#782,.F.);
#1184=ORIENTED_EDGE('',*,*,#783,.T.);
#1185=ORIENTED_EDGE('',*,*,#883,.T.);
#1186=ORIENTED_EDGE('',*,*,#884,.T.);
#1187=ORIENTED_EDGE('',*,*,#885,.T.);
#1188=ORIENTED_EDGE('',*,*,#885,.F.);
#1189=ORIENTED_EDGE('',*,*,#886,.F.);
#1190=ORIENTED_EDGE('',*,*,#887,.F.);
#1191=ORIENTED_EDGE('',*,*,#784,.F.);
#1192=ORIENTED_EDGE('',*,*,#785,.T.);
#1193=ORIENTED_EDGE('',*,*,#887,.T.);
#1194=ORIENTED_EDGE('',*,*,#888,.T.);
#1195=ORIENTED_EDGE('',*,*,#889,.T.);
#1196=ORIENTED_EDGE('',*,*,#787,.T.);
#1197=ORIENTED_EDGE('',*,*,#890,.T.);
#1198=ORIENTED_EDGE('',*,*,#891,.T.);
#1199=ORIENTED_EDGE('',*,*,#892,.T.);
#1200=ORIENTED_EDGE('',*,*,#889,.F.);
#1201=ORIENTED_EDGE('',*,*,#893,.F.);
#1202=ORIENTED_EDGE('',*,*,#890,.F.);
#1203=ORIENTED_EDGE('',*,*,#786,.F.);
#1204=ORIENTED_EDGE('',*,*,#894,.T.);
#1205=ORIENTED_EDGE('',*,*,#895,.T.);
#1206=ORIENTED_EDGE('',*,*,#789,.T.);
#1207=ORIENTED_EDGE('',*,*,#896,.T.);
#1208=ORIENTED_EDGE('',*,*,#895,.F.);
#1209=ORIENTED_EDGE('',*,*,#897,.F.);
#1210=ORIENTED_EDGE('',*,*,#898,.F.);
#1211=ORIENTED_EDGE('',*,*,#790,.F.);
#1212=ORIENTED_EDGE('',*,*,#791,.T.);
#1213=ORIENTED_EDGE('',*,*,#898,.T.);
#1214=ORIENTED_EDGE('',*,*,#899,.T.);
#1215=ORIENTED_EDGE('',*,*,#900,.T.);
#1216=ORIENTED_EDGE('',*,*,#900,.F.);
#1217=ORIENTED_EDGE('',*,*,#901,.F.);
#1218=ORIENTED_EDGE('',*,*,#902,.F.);
#1219=ORIENTED_EDGE('',*,*,#792,.F.);
#1220=ORIENTED_EDGE('',*,*,#793,.T.);
#1221=ORIENTED_EDGE('',*,*,#902,.T.);
#1222=ORIENTED_EDGE('',*,*,#903,.T.);
#1223=ORIENTED_EDGE('',*,*,#904,.T.);
#1224=ORIENTED_EDGE('',*,*,#795,.T.);
#1225=ORIENTED_EDGE('',*,*,#905,.T.);
#1226=ORIENTED_EDGE('',*,*,#906,.T.);
#1227=ORIENTED_EDGE('',*,*,#907,.T.);
#1228=ORIENTED_EDGE('',*,*,#904,.F.);
#1229=ORIENTED_EDGE('',*,*,#908,.F.);
#1230=ORIENTED_EDGE('',*,*,#905,.F.);
#1231=ORIENTED_EDGE('',*,*,#794,.F.);
#1232=ORIENTED_EDGE('',*,*,#909,.T.);
#1233=ORIENTED_EDGE('',*,*,#910,.T.);
#1234=ORIENTED_EDGE('',*,*,#797,.T.);
#1235=ORIENTED_EDGE('',*,*,#911,.T.);
#1236=ORIENTED_EDGE('',*,*,#910,.F.);
#1237=ORIENTED_EDGE('',*,*,#912,.F.);
#1238=ORIENTED_EDGE('',*,*,#913,.F.);
#1239=ORIENTED_EDGE('',*,*,#798,.F.);
#1240=ORIENTED_EDGE('',*,*,#914,.T.);
#1241=ORIENTED_EDGE('',*,*,#915,.T.);
#1242=ORIENTED_EDGE('',*,*,#801,.T.);
#1243=ORIENTED_EDGE('',*,*,#916,.T.);
#1244=ORIENTED_EDGE('',*,*,#769,.F.);
#1245=ORIENTED_EDGE('',*,*,#802,.F.);
#1246=ORIENTED_EDGE('',*,*,#915,.F.);
#1247=ORIENTED_EDGE('',*,*,#917,.F.);
#1248=ORIENTED_EDGE('',*,*,#918,.T.);
#1249=ORIENTED_EDGE('',*,*,#919,.T.);
#1250=ORIENTED_EDGE('',*,*,#799,.T.);
#1251=ORIENTED_EDGE('',*,*,#913,.T.);
#1252=ORIENTED_EDGE('',*,*,#916,.F.);
#1253=ORIENTED_EDGE('',*,*,#800,.F.);
#1254=ORIENTED_EDGE('',*,*,#919,.F.);
#1255=ORIENTED_EDGE('',*,*,#920,.F.);
#1256=ORIENTED_EDGE('',*,*,#840,.F.);
#1257=ORIENTED_EDGE('',*,*,#815,.F.);
#1258=ORIENTED_EDGE('',*,*,#845,.F.);
#1259=ORIENTED_EDGE('',*,*,#921,.F.);
#1260=ORIENTED_EDGE('',*,*,#907,.F.);
#1261=ORIENTED_EDGE('',*,*,#922,.F.);
#1262=ORIENTED_EDGE('',*,*,#911,.F.);
#1263=ORIENTED_EDGE('',*,*,#796,.F.);
#1264=ORIENTED_EDGE('',*,*,#877,.F.);
#1265=ORIENTED_EDGE('',*,*,#923,.F.);
#1266=ORIENTED_EDGE('',*,*,#881,.F.);
#1267=ORIENTED_EDGE('',*,*,#780,.F.);
#1268=ORIENTED_EDGE('',*,*,#892,.F.);
#1269=ORIENTED_EDGE('',*,*,#924,.F.);
#1270=ORIENTED_EDGE('',*,*,#896,.F.);
#1271=ORIENTED_EDGE('',*,*,#788,.F.);
#1272=ORIENTED_EDGE('',*,*,#862,.F.);
#1273=ORIENTED_EDGE('',*,*,#925,.F.);
#1274=ORIENTED_EDGE('',*,*,#866,.F.);
#1275=ORIENTED_EDGE('',*,*,#823,.F.);
#1276=ORIENTED_EDGE('',*,*,#926,.T.);
#1277=ORIENTED_EDGE('',*,*,#927,.F.);
#1278=ORIENTED_EDGE('',*,*,#868,.F.);
#1279=ORIENTED_EDGE('',*,*,#774,.F.);
#1280=ORIENTED_EDGE('',*,*,#835,.F.);
#1281=ORIENTED_EDGE('',*,*,#928,.F.);
#1282=ORIENTED_EDGE('',*,*,#848,.F.);
#1283=ORIENTED_EDGE('',*,*,#809,.F.);
#1284=ORIENTED_EDGE('',*,*,#867,.F.);
#1285=ORIENTED_EDGE('',*,*,#864,.F.);
#1286=ORIENTED_EDGE('',*,*,#925,.T.);
#1287=ORIENTED_EDGE('',*,*,#861,.F.);
#1288=ORIENTED_EDGE('',*,*,#863,.T.);
#1289=ORIENTED_EDGE('',*,*,#858,.F.);
#1290=ORIENTED_EDGE('',*,*,#856,.T.);
#1291=ORIENTED_EDGE('',*,*,#854,.F.);
#1292=ORIENTED_EDGE('',*,*,#841,.T.);
#1293=ORIENTED_EDGE('',*,*,#838,.F.);
#1294=ORIENTED_EDGE('',*,*,#921,.T.);
#1295=ORIENTED_EDGE('',*,*,#844,.F.);
#1296=ORIENTED_EDGE('',*,*,#847,.T.);
#1297=ORIENTED_EDGE('',*,*,#853,.F.);
#1298=ORIENTED_EDGE('',*,*,#851,.T.);
#1299=ORIENTED_EDGE('',*,*,#849,.F.);
#1300=ORIENTED_EDGE('',*,*,#928,.T.);
#1301=ORIENTED_EDGE('',*,*,#834,.F.);
#1302=ORIENTED_EDGE('',*,*,#837,.T.);
#1303=ORIENTED_EDGE('',*,*,#831,.F.);
#1304=ORIENTED_EDGE('',*,*,#833,.T.);
#1305=ORIENTED_EDGE('',*,*,#828,.F.);
#1306=ORIENTED_EDGE('',*,*,#826,.T.);
#1307=ORIENTED_EDGE('',*,*,#770,.F.);
#1308=ORIENTED_EDGE('',*,*,#917,.T.);
#1309=ORIENTED_EDGE('',*,*,#914,.F.);
#1310=ORIENTED_EDGE('',*,*,#920,.T.);
#1311=ORIENTED_EDGE('',*,*,#918,.F.);
#1312=ORIENTED_EDGE('',*,*,#912,.T.);
#1313=ORIENTED_EDGE('',*,*,#909,.F.);
#1314=ORIENTED_EDGE('',*,*,#922,.T.);
#1315=ORIENTED_EDGE('',*,*,#906,.F.);
#1316=ORIENTED_EDGE('',*,*,#908,.T.);
#1317=ORIENTED_EDGE('',*,*,#903,.F.);
#1318=ORIENTED_EDGE('',*,*,#901,.T.);
#1319=ORIENTED_EDGE('',*,*,#899,.F.);
#1320=ORIENTED_EDGE('',*,*,#897,.T.);
#1321=ORIENTED_EDGE('',*,*,#894,.F.);
#1322=ORIENTED_EDGE('',*,*,#924,.T.);
#1323=ORIENTED_EDGE('',*,*,#891,.F.);
#1324=ORIENTED_EDGE('',*,*,#893,.T.);
#1325=ORIENTED_EDGE('',*,*,#888,.F.);
#1326=ORIENTED_EDGE('',*,*,#886,.T.);
#1327=ORIENTED_EDGE('',*,*,#884,.F.);
#1328=ORIENTED_EDGE('',*,*,#882,.T.);
#1329=ORIENTED_EDGE('',*,*,#879,.F.);
#1330=ORIENTED_EDGE('',*,*,#923,.T.);
#1331=ORIENTED_EDGE('',*,*,#876,.F.);
#1332=ORIENTED_EDGE('',*,*,#878,.T.);
#1333=ORIENTED_EDGE('',*,*,#873,.F.);
#1334=ORIENTED_EDGE('',*,*,#871,.T.);
#1335=ORIENTED_EDGE('',*,*,#869,.F.);
#1336=ORIENTED_EDGE('',*,*,#927,.T.);
#1337=ORIENTED_EDGE('',*,*,#929,.T.);
#1338=ORIENTED_EDGE('',*,*,#930,.T.);
#1339=ORIENTED_EDGE('',*,*,#745,.F.);
#1340=ORIENTED_EDGE('',*,*,#767,.T.);
#1341=ORIENTED_EDGE('',*,*,#751,.F.);
#1342=ORIENTED_EDGE('',*,*,#930,.F.);
#1343=ORIENTED_EDGE('',*,*,#931,.T.);
#1344=ORIENTED_EDGE('',*,*,#772,.F.);
#1345=ORIENTED_EDGE('',*,*,#932,.F.);
#1346=ORIENTED_EDGE('',*,*,#933,.T.);
#1347=ORIENTED_EDGE('',*,*,#934,.F.);
#1348=ORIENTED_EDGE('',*,*,#933,.F.);
#1349=ORIENTED_EDGE('',*,*,#935,.T.);
#1350=ORIENTED_EDGE('',*,*,#936,.T.);
#1351=ORIENTED_EDGE('',*,*,#937,.T.);
#1352=ORIENTED_EDGE('',*,*,#938,.T.);
#1353=ORIENTED_EDGE('',*,*,#938,.F.);
#1354=ORIENTED_EDGE('',*,*,#939,.T.);
#1355=ORIENTED_EDGE('',*,*,#940,.T.);
#1356=ORIENTED_EDGE('',*,*,#941,.F.);
#1357=ORIENTED_EDGE('',*,*,#937,.F.);
#1358=ORIENTED_EDGE('',*,*,#942,.T.);
#1359=ORIENTED_EDGE('',*,*,#943,.F.);
#1360=ORIENTED_EDGE('',*,*,#944,.T.);
#1361=ORIENTED_EDGE('',*,*,#945,.T.);
#1362=ORIENTED_EDGE('',*,*,#939,.F.);
#1363=ORIENTED_EDGE('',*,*,#934,.T.);
#1364=ORIENTED_EDGE('',*,*,#946,.T.);
#1365=ORIENTED_EDGE('',*,*,#947,.T.);
#1366=ORIENTED_EDGE('',*,*,#943,.T.);
#1367=ORIENTED_EDGE('',*,*,#948,.T.);
#1368=ORIENTED_EDGE('',*,*,#947,.F.);
#1369=ORIENTED_EDGE('',*,*,#949,.F.);
#1370=ORIENTED_EDGE('',*,*,#950,.T.);
#1371=ORIENTED_EDGE('',*,*,#944,.F.);
#1372=ORIENTED_EDGE('',*,*,#951,.F.);
#1373=ORIENTED_EDGE('',*,*,#952,.T.);
#1374=ORIENTED_EDGE('',*,*,#773,.F.);
#1375=ORIENTED_EDGE('',*,*,#953,.T.);
#1376=ORIENTED_EDGE('',*,*,#940,.F.);
#1377=ORIENTED_EDGE('',*,*,#954,.T.);
#1378=ORIENTED_EDGE('',*,*,#926,.F.);
#1379=ORIENTED_EDGE('',*,*,#952,.F.);
#1380=ORIENTED_EDGE('',*,*,#950,.F.);
#1381=ORIENTED_EDGE('',*,*,#953,.F.);
#1382=ORIENTED_EDGE('',*,*,#931,.F.);
#1383=ORIENTED_EDGE('',*,*,#955,.F.);
#1384=ORIENTED_EDGE('',*,*,#936,.F.);
#1385=ORIENTED_EDGE('',*,*,#956,.F.);
#1386=ORIENTED_EDGE('',*,*,#948,.F.);
#1387=ORIENTED_EDGE('',*,*,#942,.F.);
#1388=ORIENTED_EDGE('',*,*,#945,.F.);
#1389=ORIENTED_EDGE('',*,*,#955,.T.);
#1390=ORIENTED_EDGE('',*,*,#929,.F.);
#1391=ORIENTED_EDGE('',*,*,#954,.F.);
#1392=ORIENTED_EDGE('',*,*,#935,.F.);
#1393=ORIENTED_EDGE('',*,*,#941,.T.);
#1394=ORIENTED_EDGE('',*,*,#951,.T.);
#1395=ORIENTED_EDGE('',*,*,#949,.T.);
#1396=ORIENTED_EDGE('',*,*,#946,.F.);
#1397=ORIENTED_EDGE('',*,*,#956,.T.);
#1398=ORIENTED_EDGE('',*,*,#932,.T.);
#1399=PLANE('',#1538);
#1400=PLANE('',#1545);
#1401=PLANE('',#1547);
#1402=PLANE('',#1549);
#1403=PLANE('',#1551);
#1404=PLANE('',#1554);
#1405=PLANE('',#1557);
#1406=PLANE('',#1566);
#1407=PLANE('',#1592);
#1408=PLANE('',#1597);
#1409=PLANE('',#1600);
#1410=PLANE('',#1603);
#1411=PLANE('',#1606);
#1412=PLANE('',#1609);
#1413=PLANE('',#1614);
#1414=PLANE('',#1619);
#1415=PLANE('',#1622);
#1416=PLANE('',#1625);
#1417=PLANE('',#1630);
#1418=PLANE('',#1633);
#1419=PLANE('',#1636);
#1420=PLANE('',#1641);
#1421=PLANE('',#1644);
#1422=PLANE('',#1647);
#1423=PLANE('',#1652);
#1424=PLANE('',#1655);
#1425=PLANE('',#1658);
#1426=PLANE('',#1661);
#1427=PLANE('',#1662);
#1428=PLANE('',#1663);
#1429=PLANE('',#1664);
#1430=PLANE('',#1665);
#1431=PLANE('',#1666);
#1432=PLANE('',#1667);
#1433=PLANE('',#1668);
#1434=PLANE('',#1669);
#1435=PLANE('',#1670);
#1436=PLANE('',#1677);
#1437=PLANE('',#1678);
#1438=PLANE('',#1682);
#1439=PLANE('',#1686);
#1440=PLANE('',#1688);
#1441=PLANE('',#1690);
#1442=PLANE('',#1692);
#1443=ADVANCED_FACE('',(#58,#52),#1399,.T.);
#1444=ADVANCED_FACE('',(#59),#15,.F.);
#1445=ADVANCED_FACE('',(#60),#1400,.T.);
#1446=ADVANCED_FACE('',(#61),#1401,.T.);
#1447=ADVANCED_FACE('',(#62),#1402,.T.);
#1448=ADVANCED_FACE('',(#63),#16,.T.);
#1449=ADVANCED_FACE('',(#64),#1403,.T.);
#1450=ADVANCED_FACE('',(#65),#17,.T.);
#1451=ADVANCED_FACE('',(#66,#53),#1404,.F.);
#1452=ADVANCED_FACE('',(#67),#1405,.T.);
#1453=ADVANCED_FACE('',(#68),#18,.T.);
#1454=ADVANCED_FACE('',(#69),#19,.F.);
#1455=ADVANCED_FACE('',(#70),#20,.F.);
#1456=ADVANCED_FACE('',(#71),#21,.T.);
#1457=ADVANCED_FACE('',(#72,#54),#1406,.T.);
#1458=ADVANCED_FACE('',(#73),#1407,.F.);
#1459=ADVANCED_FACE('',(#74),#22,.F.);
#1460=ADVANCED_FACE('',(#75),#23,.F.);
#1461=ADVANCED_FACE('',(#76),#1408,.F.);
#1462=ADVANCED_FACE('',(#77),#24,.T.);
#1463=ADVANCED_FACE('',(#78),#1409,.F.);
#1464=ADVANCED_FACE('',(#79),#25,.T.);
#1465=ADVANCED_FACE('',(#80),#1410,.T.);
#1466=ADVANCED_FACE('',(#81),#26,.F.);
#1467=ADVANCED_FACE('',(#82),#1411,.F.);
#1468=ADVANCED_FACE('',(#83),#27,.T.);
#1469=ADVANCED_FACE('',(#84),#1412,.F.);
#1470=ADVANCED_FACE('',(#85),#28,.F.);
#1471=ADVANCED_FACE('',(#86),#29,.T.);
#1472=ADVANCED_FACE('',(#87),#1413,.F.);
#1473=ADVANCED_FACE('',(#88),#30,.F.);
#1474=ADVANCED_FACE('',(#89),#31,.F.);
#1475=ADVANCED_FACE('',(#90),#1414,.F.);
#1476=ADVANCED_FACE('',(#91),#32,.T.);
#1477=ADVANCED_FACE('',(#92),#1415,.T.);
#1478=ADVANCED_FACE('',(#93),#33,.T.);
#1479=ADVANCED_FACE('',(#94),#1416,.F.);
#1480=ADVANCED_FACE('',(#95),#34,.F.);
#1481=ADVANCED_FACE('',(#96),#35,.F.);
#1482=ADVANCED_FACE('',(#97),#1417,.F.);
#1483=ADVANCED_FACE('',(#98),#36,.T.);
#1484=ADVANCED_FACE('',(#99),#1418,.T.);
#1485=ADVANCED_FACE('',(#100),#37,.T.);
#1486=ADVANCED_FACE('',(#101),#1419,.F.);
#1487=ADVANCED_FACE('',(#102),#38,.F.);
#1488=ADVANCED_FACE('',(#103),#39,.F.);
#1489=ADVANCED_FACE('',(#104),#1420,.F.);
#1490=ADVANCED_FACE('',(#105),#40,.T.);
#1491=ADVANCED_FACE('',(#106),#1421,.T.);
#1492=ADVANCED_FACE('',(#107),#41,.T.);
#1493=ADVANCED_FACE('',(#108),#1422,.F.);
#1494=ADVANCED_FACE('',(#109),#42,.F.);
#1495=ADVANCED_FACE('',(#110),#43,.F.);
#1496=ADVANCED_FACE('',(#111),#1423,.F.);
#1497=ADVANCED_FACE('',(#112),#44,.T.);
#1498=ADVANCED_FACE('',(#113),#1424,.T.);
#1499=ADVANCED_FACE('',(#114),#45,.T.);
#1500=ADVANCED_FACE('',(#115),#1425,.T.);
#1501=ADVANCED_FACE('',(#116),#46,.T.);
#1502=ADVANCED_FACE('',(#117),#1426,.T.);
#1503=ADVANCED_FACE('',(#118),#1427,.F.);
#1504=ADVANCED_FACE('',(#119),#1428,.F.);
#1505=ADVANCED_FACE('',(#120),#1429,.F.);
#1506=ADVANCED_FACE('',(#121),#1430,.F.);
#1507=ADVANCED_FACE('',(#122),#1431,.F.);
#1508=ADVANCED_FACE('',(#123),#1432,.T.);
#1509=ADVANCED_FACE('',(#124),#1433,.T.);
#1510=ADVANCED_FACE('',(#125,#55),#1434,.F.);
#1511=ADVANCED_FACE('',(#126),#1435,.T.);
#1512=ADVANCED_FACE('',(#127),#47,.F.);
#1513=ADVANCED_FACE('',(#128),#48,.T.);
#1514=ADVANCED_FACE('',(#129),#1436,.T.);
#1515=ADVANCED_FACE('',(#130,#56),#1437,.T.);
#1516=ADVANCED_FACE('',(#131),#49,.T.);
#1517=ADVANCED_FACE('',(#132),#1438,.T.);
#1518=ADVANCED_FACE('',(#133),#50,.T.);
#1519=ADVANCED_FACE('',(#134),#1439,.T.);
#1520=ADVANCED_FACE('',(#135),#1440,.T.);
#1521=ADVANCED_FACE('',(#136),#1441,.T.);
#1522=ADVANCED_FACE('',(#137),#51,.F.);
#1523=ADVANCED_FACE('',(#138,#57),#1442,.T.);
#1524=CLOSED_SHELL('',(#1443,#1444,#1445,#1446,#1447,#1448,#1449,#1450,
#1451,#1452,#1453,#1454,#1455,#1456,#1457,#1458,#1459,#1460,#1461,#1462,
#1463,#1464,#1465,#1466,#1467,#1468,#1469,#1470,#1471,#1472,#1473,#1474,
#1475,#1476,#1477,#1478,#1479,#1480,#1481,#1482,#1483,#1484,#1485,#1486,
#1487,#1488,#1489,#1490,#1491,#1492,#1493,#1494,#1495,#1496,#1497,#1498,
#1499,#1500,#1501,#1502,#1503,#1504,#1505,#1506,#1507,#1508,#1509,#1510,
#1511,#1512,#1513,#1514,#1515,#1516,#1517,#1518,#1519,#1520,#1521,#1522,
#1523));
#1525=DERIVED_UNIT_ELEMENT(#1527,1.);
#1526=DERIVED_UNIT_ELEMENT(#2602,-3.);
#1527=(
MASS_UNIT()
NAMED_UNIT(*)
SI_UNIT(.KILO.,.GRAM.)
);
#1528=DERIVED_UNIT((#1525,#1526));
#1529=MEASURE_REPRESENTATION_ITEM('density measure',
POSITIVE_RATIO_MEASURE(7850.),#1528);
#1530=PROPERTY_DEFINITION_REPRESENTATION(#1535,#1532);
#1531=PROPERTY_DEFINITION_REPRESENTATION(#1536,#1533);
#1532=REPRESENTATION('material name',(#1534),#2599);
#1533=REPRESENTATION('density',(#1529),#2599);
#1534=DESCRIPTIVE_REPRESENTATION_ITEM('Steel','Steel');
#1535=PROPERTY_DEFINITION('material property','material name',#2609);
#1536=PROPERTY_DEFINITION('material property','density of part',#2609);
#1537=AXIS2_PLACEMENT_3D('',#2152,#1693,#1694);
#1538=AXIS2_PLACEMENT_3D('',#2153,#1695,#1696);
#1539=AXIS2_PLACEMENT_3D('',#2156,#1697,#1698);
#1540=AXIS2_PLACEMENT_3D('',#2160,#1700,#1701);
#1541=AXIS2_PLACEMENT_3D('',#2167,#1705,#1706);
#1542=AXIS2_PLACEMENT_3D('',#2168,#1707,#1708);
#1543=AXIS2_PLACEMENT_3D('',#2173,#1710,#1711);
#1544=AXIS2_PLACEMENT_3D('',#2176,#1713,#1714);
#1545=AXIS2_PLACEMENT_3D('',#2177,#1715,#1716);
#1546=AXIS2_PLACEMENT_3D('',#2180,#1718,#1719);
#1547=AXIS2_PLACEMENT_3D('',#2182,#1721,#1722);
#1548=AXIS2_PLACEMENT_3D('',#2186,#1725,#1726);
#1549=AXIS2_PLACEMENT_3D('',#2187,#1727,#1728);
#1550=AXIS2_PLACEMENT_3D('',#2191,#1731,#1732);
#1551=AXIS2_PLACEMENT_3D('',#2193,#1734,#1735);
#1552=AXIS2_PLACEMENT_3D('',#2197,#1738,#1739);
#1553=AXIS2_PLACEMENT_3D('',#2200,#1741,#1742);
#1554=AXIS2_PLACEMENT_3D('',#2201,#1743,#1744);
#1555=AXIS2_PLACEMENT_3D('',#2203,#1745,#1746);
#1556=AXIS2_PLACEMENT_3D('',#2206,#1748,#1749);
#1557=AXIS2_PLACEMENT_3D('',#2207,#1750,#1751);
#1558=AXIS2_PLACEMENT_3D('',#2209,#1753,#1754);
#1559=AXIS2_PLACEMENT_3D('',#2210,#1755,#1756);
#1560=AXIS2_PLACEMENT_3D('',#2212,#1758,#1759);
#1561=AXIS2_PLACEMENT_3D('',#2214,#1760,#1761);
#1562=AXIS2_PLACEMENT_3D('',#2217,#1763,#1764);
#1563=AXIS2_PLACEMENT_3D('',#2218,#1765,#1766);
#1564=AXIS2_PLACEMENT_3D('',#2221,#1767,#1768);
#1565=AXIS2_PLACEMENT_3D('',#2225,#1770,#1771);
#1566=AXIS2_PLACEMENT_3D('',#2227,#1773,#1774);
#1567=AXIS2_PLACEMENT_3D('',#2235,#1778,#1779);
#1568=AXIS2_PLACEMENT_3D('',#2239,#1781,#1782);
#1569=AXIS2_PLACEMENT_3D('',#2243,#1784,#1785);
#1570=AXIS2_PLACEMENT_3D('',#2247,#1787,#1788);
#1571=AXIS2_PLACEMENT_3D('',#2251,#1790,#1791);
#1572=AXIS2_PLACEMENT_3D('',#2255,#1793,#1794);
#1573=AXIS2_PLACEMENT_3D('',#2259,#1796,#1797);
#1574=AXIS2_PLACEMENT_3D('',#2263,#1799,#1800);
#1575=AXIS2_PLACEMENT_3D('',#2267,#1802,#1803);
#1576=AXIS2_PLACEMENT_3D('',#2271,#1805,#1806);
#1577=AXIS2_PLACEMENT_3D('',#2275,#1808,#1809);
#1578=AXIS2_PLACEMENT_3D('',#2279,#1811,#1812);
#1579=AXIS2_PLACEMENT_3D('',#2283,#1814,#1815);
#1580=AXIS2_PLACEMENT_3D('',#2287,#1817,#1818);
#1581=AXIS2_PLACEMENT_3D('',#2292,#1821,#1822);
#1582=AXIS2_PLACEMENT_3D('',#2296,#1824,#1825);
#1583=AXIS2_PLACEMENT_3D('',#2300,#1827,#1828);
#1584=AXIS2_PLACEMENT_3D('',#2304,#1830,#1831);
#1585=AXIS2_PLACEMENT_3D('',#2308,#1833,#1834);
#1586=AXIS2_PLACEMENT_3D('',#2312,#1836,#1837);
#1587=AXIS2_PLACEMENT_3D('',#2316,#1839,#1840);
#1588=AXIS2_PLACEMENT_3D('',#2320,#1842,#1843);
#1589=AXIS2_PLACEMENT_3D('',#2324,#1845,#1846);
#1590=AXIS2_PLACEMENT_3D('',#2328,#1848,#1849);
#1591=AXIS2_PLACEMENT_3D('',#2332,#1851,#1852);
#1592=AXIS2_PLACEMENT_3D('',#2334,#1854,#1855);
#1593=AXIS2_PLACEMENT_3D('',#2338,#1858,#1859);
#1594=AXIS2_PLACEMENT_3D('',#2340,#1860,#1861);
#1595=AXIS2_PLACEMENT_3D('',#2342,#1863,#1864);
#1596=AXIS2_PLACEMENT_3D('',#2346,#1866,#1867);
#1597=AXIS2_PLACEMENT_3D('',#2348,#1869,#1870);
#1598=AXIS2_PLACEMENT_3D('',#2350,#1872,#1873);
#1599=AXIS2_PLACEMENT_3D('',#2353,#1874,#1875);
#1600=AXIS2_PLACEMENT_3D('',#2356,#1878,#1879);
#1601=AXIS2_PLACEMENT_3D('',#2358,#1881,#1882);
#1602=AXIS2_PLACEMENT_3D('',#2361,#1883,#1884);
#1603=AXIS2_PLACEMENT_3D('',#2364,#1887,#1888);
#1604=AXIS2_PLACEMENT_3D('',#2368,#1891,#1892);
#1605=AXIS2_PLACEMENT_3D('',#2372,#1894,#1895);
#1606=AXIS2_PLACEMENT_3D('',#2374,#1897,#1898);
#1607=AXIS2_PLACEMENT_3D('',#2378,#1901,#1902);
#1608=AXIS2_PLACEMENT_3D('',#2382,#1904,#1905);
#1609=AXIS2_PLACEMENT_3D('',#2384,#1907,#1908);
#1610=AXIS2_PLACEMENT_3D('',#2388,#1911,#1912);
#1611=AXIS2_PLACEMENT_3D('',#2389,#1913,#1914);
#1612=AXIS2_PLACEMENT_3D('',#2390,#1915,#1916);
#1613=AXIS2_PLACEMENT_3D('',#2392,#1917,#1918);
#1614=AXIS2_PLACEMENT_3D('',#2394,#1920,#1921);
#1615=AXIS2_PLACEMENT_3D('',#2398,#1924,#1925);
#1616=AXIS2_PLACEMENT_3D('',#2400,#1926,#1927);
#1617=AXIS2_PLACEMENT_3D('',#2402,#1929,#1930);
#1618=AXIS2_PLACEMENT_3D('',#2406,#1932,#1933);
#1619=AXIS2_PLACEMENT_3D('',#2408,#1935,#1936);
#1620=AXIS2_PLACEMENT_3D('',#2410,#1938,#1939);
#1621=AXIS2_PLACEMENT_3D('',#2413,#1940,#1941);
#1622=AXIS2_PLACEMENT_3D('',#2416,#1944,#1945);
#1623=AXIS2_PLACEMENT_3D('',#2418,#1947,#1948);
#1624=AXIS2_PLACEMENT_3D('',#2422,#1950,#1951);
#1625=AXIS2_PLACEMENT_3D('',#2424,#1953,#1954);
#1626=AXIS2_PLACEMENT_3D('',#2428,#1957,#1958);
#1627=AXIS2_PLACEMENT_3D('',#2430,#1959,#1960);
#1628=AXIS2_PLACEMENT_3D('',#2432,#1962,#1963);
#1629=AXIS2_PLACEMENT_3D('',#2436,#1965,#1966);
#1630=AXIS2_PLACEMENT_3D('',#2438,#1968,#1969);
#1631=AXIS2_PLACEMENT_3D('',#2440,#1971,#1972);
#1632=AXIS2_PLACEMENT_3D('',#2443,#1973,#1974);
#1633=AXIS2_PLACEMENT_3D('',#2446,#1977,#1978);
#1634=AXIS2_PLACEMENT_3D('',#2450,#1981,#1982);
#1635=AXIS2_PLACEMENT_3D('',#2452,#1983,#1984);
#1636=AXIS2_PLACEMENT_3D('',#2454,#1986,#1987);
#1637=AXIS2_PLACEMENT_3D('',#2458,#1990,#1991);
#1638=AXIS2_PLACEMENT_3D('',#2460,#1992,#1993);
#1639=AXIS2_PLACEMENT_3D('',#2462,#1995,#1996);
#1640=AXIS2_PLACEMENT_3D('',#2466,#1998,#1999);
#1641=AXIS2_PLACEMENT_3D('',#2468,#2001,#2002);
#1642=AXIS2_PLACEMENT_3D('',#2470,#2004,#2005);
#1643=AXIS2_PLACEMENT_3D('',#2473,#2006,#2007);
#1644=AXIS2_PLACEMENT_3D('',#2476,#2010,#2011);
#1645=AXIS2_PLACEMENT_3D('',#2480,#2014,#2015);
#1646=AXIS2_PLACEMENT_3D('',#2482,#2016,#2017);
#1647=AXIS2_PLACEMENT_3D('',#2484,#2019,#2020);
#1648=AXIS2_PLACEMENT_3D('',#2488,#2023,#2024);
#1649=AXIS2_PLACEMENT_3D('',#2490,#2025,#2026);
#1650=AXIS2_PLACEMENT_3D('',#2492,#2028,#2029);
#1651=AXIS2_PLACEMENT_3D('',#2496,#2031,#2032);
#1652=AXIS2_PLACEMENT_3D('',#2498,#2034,#2035);
#1653=AXIS2_PLACEMENT_3D('',#2500,#2037,#2038);
#1654=AXIS2_PLACEMENT_3D('',#2503,#2039,#2040);
#1655=AXIS2_PLACEMENT_3D('',#2506,#2043,#2044);
#1656=AXIS2_PLACEMENT_3D('',#2510,#2047,#2048);
#1657=AXIS2_PLACEMENT_3D('',#2513,#2049,#2050);
#1658=AXIS2_PLACEMENT_3D('',#2516,#2053,#2054);
#1659=AXIS2_PLACEMENT_3D('',#2518,#2056,#2057);
#1660=AXIS2_PLACEMENT_3D('',#2520,#2058,#2059);
#1661=AXIS2_PLACEMENT_3D('',#2522,#2061,#2062);
#1662=AXIS2_PLACEMENT_3D('',#2524,#2064,#2065);
#1663=AXIS2_PLACEMENT_3D('',#2526,#2067,#2068);
#1664=AXIS2_PLACEMENT_3D('',#2528,#2070,#2071);
#1665=AXIS2_PLACEMENT_3D('',#2530,#2073,#2074);
#1666=AXIS2_PLACEMENT_3D('',#2532,#2076,#2077);
#1667=AXIS2_PLACEMENT_3D('',#2534,#2079,#2080);
#1668=AXIS2_PLACEMENT_3D('',#2538,#2083,#2084);
#1669=AXIS2_PLACEMENT_3D('',#2540,#2086,#2087);
#1670=AXIS2_PLACEMENT_3D('',#2544,#2090,#2091);
#1671=AXIS2_PLACEMENT_3D('',#2546,#2093,#2094);
#1672=AXIS2_PLACEMENT_3D('',#2548,#2095,#2096);
#1673=AXIS2_PLACEMENT_3D('',#2551,#2098,#2099);
#1674=AXIS2_PLACEMENT_3D('',#2552,#2100,#2101);
#1675=AXIS2_PLACEMENT_3D('',#2555,#2102,#2103);
#1676=AXIS2_PLACEMENT_3D('',#2559,#2105,#2106);
#1677=AXIS2_PLACEMENT_3D('',#2561,#2108,#2109);
#1678=AXIS2_PLACEMENT_3D('',#2567,#2113,#2114);
#1679=AXIS2_PLACEMENT_3D('',#2571,#2116,#2117);
#1680=AXIS2_PLACEMENT_3D('',#2575,#2120,#2121);
#1681=AXIS2_PLACEMENT_3D('',#2578,#2122,#2123);
#1682=AXIS2_PLACEMENT_3D('',#2581,#2126,#2127);
#1683=AXIS2_PLACEMENT_3D('',#2585,#2130,#2131);
#1684=AXIS2_PLACEMENT_3D('',#2587,#2133,#2134);
#1685=AXIS2_PLACEMENT_3D('',#2588,#2135,#2136);
#1686=AXIS2_PLACEMENT_3D('',#2589,#2137,#2138);
#1687=AXIS2_PLACEMENT_3D('',#2590,#2139,#2140);
#1688=AXIS2_PLACEMENT_3D('',#2591,#2141,#2142);
#1689=AXIS2_PLACEMENT_3D('',#2592,#2143,#2144);
#1690=AXIS2_PLACEMENT_3D('',#2593,#2145,#2146);
#1691=AXIS2_PLACEMENT_3D('',#2595,#2148,#2149);
#1692=AXIS2_PLACEMENT_3D('',#2596,#2150,#2151);
#1693=DIRECTION('axis',(0.,0.,1.));
#1694=DIRECTION('refdir',(1.,0.,0.));
#1695=DIRECTION('center_axis',(3.55271367880049E-15,-1.,6.12323399573687E-17));
#1696=DIRECTION('ref_axis',(1.,3.55271367880049E-15,-3.55271367880049E-15));
#1697=DIRECTION('center_axis',(-3.55271367880049E-15,1.,-6.12323399573687E-17));
#1698=DIRECTION('ref_axis',(-0.707106781186547,-2.55544573670581E-15,-0.707106781186548));
#1699=DIRECTION('',(1.,3.55271367880049E-15,8.84019762713973E-31));
#1700=DIRECTION('center_axis',(-3.55271367880049E-15,1.,-6.12323399573687E-17));
#1701=DIRECTION('ref_axis',(0.707106781186548,2.46885013108226E-15,-0.707106781186547));
#1702=DIRECTION('',(-4.89589310103471E-31,6.12323399573687E-17,1.));
#1703=DIRECTION('',(-1.,-3.55271367880049E-15,-9.51588574929611E-32));
#1704=DIRECTION('',(-1.22382114258537E-31,-9.75376520724113E-31,-1.));
#1705=DIRECTION('center_axis',(-3.55271367880049E-15,1.,-6.12323399573687E-17));
#1706=DIRECTION('ref_axis',(9.51588574929646E-32,-6.12323399573687E-17,
-1.));
#1707=DIRECTION('center_axis',(1.,3.55271367880049E-15,9.51588574929611E-32));
#1708=DIRECTION('ref_axis',(-9.51588574929646E-32,9.86076131526265E-31,
1.));
#1709=DIRECTION('',(1.,3.55271367880049E-15,9.51588574929611E-32));
#1710=DIRECTION('center_axis',(-1.,-3.55271367880049E-15,-9.51588574929611E-32));
#1711=DIRECTION('ref_axis',(3.55271367880049E-15,-1.,9.86076131526265E-31));
#1712=DIRECTION('',(1.,7.03754085578413E-63,4.75794287464823E-32));
#1713=DIRECTION('center_axis',(-1.,-3.55271367880049E-15,-9.51588574929611E-32));
#1714=DIRECTION('ref_axis',(3.55271367880049E-15,-1.,9.86076131526265E-31));
#1715=DIRECTION('center_axis',(-1.,-3.55271367880049E-15,-9.51588574929611E-32));
#1716=DIRECTION('ref_axis',(-9.51588574929646E-32,9.86076131526265E-31,
1.));
#1717=DIRECTION('',(-3.55271367880049E-15,1.,-6.12323399573687E-17));
#1718=DIRECTION('center_axis',(1.,3.55271367880049E-15,9.51588574929611E-32));
#1719=DIRECTION('ref_axis',(-9.51588574929646E-32,9.86076131526265E-31,
1.));
#1720=DIRECTION('',(-9.51588574929625E-32,3.94430452610506E-31,1.));
#1721=DIRECTION('center_axis',(1.,3.55271367880049E-15,9.51588574929611E-32));
#1722=DIRECTION('ref_axis',(9.51588574929646E-32,-9.86076131526265E-31,
-1.));
#1723=DIRECTION('',(3.55271367880049E-15,-1.,6.12323399573687E-17));
#1724=DIRECTION('',(-4.75794287464823E-32,3.94430452610506E-31,1.));
#1725=DIRECTION('center_axis',(-1.,-3.55271367880049E-15,-9.51588574929611E-32));
#1726=DIRECTION('ref_axis',(3.55271367880049E-15,-1.,6.93889390390733E-17));
#1727=DIRECTION('center_axis',(-1.,-3.55271367880049E-15,2.99271595117545E-31));
#1728=DIRECTION('ref_axis',(-2.99271595117542E-31,-9.86076131526265E-31,
-1.));
#1729=DIRECTION('',(-3.55271367880049E-15,1.,-6.12323399573687E-17));
#1730=DIRECTION('',(1.22382114258537E-31,9.75376520724113E-31,1.));
#1731=DIRECTION('center_axis',(1.,3.55271367880049E-15,9.51588574929611E-32));
#1732=DIRECTION('ref_axis',(-9.51588574929646E-32,9.86076131526265E-31,
1.));
#1733=DIRECTION('',(-1.,-7.03754085578413E-63,-4.75794287464823E-32));
#1734=DIRECTION('center_axis',(1.,3.55271367880049E-15,9.51588574929611E-32));
#1735=DIRECTION('ref_axis',(-3.12699829244467E-31,6.12323399573687E-17,
1.));
#1736=DIRECTION('',(3.55271367880049E-15,-1.,6.12323399573687E-17));
#1737=DIRECTION('',(1.22382114258537E-31,9.75376520724113E-31,1.));
#1738=DIRECTION('center_axis',(3.55271367880049E-15,-1.,6.12323399573687E-17));
#1739=DIRECTION('ref_axis',(0.707106781186548,2.46885013108226E-15,-0.707106781186547));
#1740=DIRECTION('',(-3.55271367880049E-15,1.,-6.12323399573687E-17));
#1741=DIRECTION('center_axis',(3.55271367880049E-15,-1.,3.06161699786848E-17));
#1742=DIRECTION('ref_axis',(0.707106781186548,2.49049903248815E-15,-0.707106781186547));
#1743=DIRECTION('center_axis',(3.55271367880049E-15,-1.,3.06161699786848E-17));
#1744=DIRECTION('ref_axis',(1.,3.55271367880049E-15,-3.55271367880049E-15));
#1745=DIRECTION('center_axis',(3.55271367880049E-15,-1.,3.06161699786848E-17));
#1746=DIRECTION('ref_axis',(-0.707106781186547,-2.53379683529992E-15,-0.707106781186548));
#1747=DIRECTION('',(-1.,-3.55271367880049E-15,-8.84019762713973E-31));
#1748=DIRECTION('center_axis',(3.55271367880049E-15,-1.,3.06161699786848E-17));
#1749=DIRECTION('ref_axis',(-1.36116283827866E-32,-3.06161699786848E-17,
-1.));
#1750=DIRECTION('center_axis',(1.27845021532448E-30,-6.12323399573687E-17,
-1.));
#1751=DIRECTION('ref_axis',(1.,3.55271367880049E-15,1.06090924357297E-30));
#1752=DIRECTION('',(3.55271367880049E-15,-1.,6.12323399573687E-17));
#1753=DIRECTION('center_axis',(3.55271367880049E-15,-1.,6.12323399573687E-17));
#1754=DIRECTION('ref_axis',(-0.707106781186547,-2.55544573670581E-15,-0.707106781186548));
#1755=DIRECTION('center_axis',(-3.55271367880049E-15,1.,-6.12323399573687E-17));
#1756=DIRECTION('ref_axis',(9.51588574929646E-32,-6.12323399573687E-17,
-1.));
#1757=DIRECTION('',(-3.55271367880049E-15,1.,-6.12323399573687E-17));
#1758=DIRECTION('center_axis',(4.75794287464823E-32,-3.94430452610506E-31,
-1.));
#1759=DIRECTION('ref_axis',(1.,7.03754085578413E-63,4.75794287464823E-32));
#1760=DIRECTION('center_axis',(4.75794287464823E-32,-3.94430452610506E-31,
-1.));
#1761=DIRECTION('ref_axis',(1.,7.03754085578413E-63,4.75794287464823E-32));
#1762=DIRECTION('',(4.75794287464823E-32,-3.94430452610506E-31,-1.));
#1763=DIRECTION('center_axis',(-4.75794287464823E-32,3.94430452610506E-31,
1.));
#1764=DIRECTION('ref_axis',(1.,7.03754085578413E-63,4.75794287464823E-32));
#1765=DIRECTION('center_axis',(-4.75794287464823E-32,3.94430452610506E-31,
1.));
#1766=DIRECTION('ref_axis',(0.289784148688426,-0.957092026489054,3.91294005452365E-31));
#1767=DIRECTION('center_axis',(4.75794287464823E-32,-3.94430452610506E-31,
-1.));
#1768=DIRECTION('ref_axis',(0.289784148688426,-0.957092026489054,3.91294005452365E-31));
#1769=DIRECTION('',(4.75794287464823E-32,-3.94430452610506E-31,-1.));
#1770=DIRECTION('center_axis',(-4.75794287464823E-32,3.94430452610506E-31,
1.));
#1771=DIRECTION('ref_axis',(0.289784148688426,-0.957092026489054,3.91294005452365E-31));
#1772=DIRECTION('',(-4.75794287464823E-32,3.94430452610506E-31,1.));
#1773=DIRECTION('center_axis',(-4.75794287464823E-32,3.94430452610506E-31,
1.));
#1774=DIRECTION('ref_axis',(1.,7.03754085578413E-63,4.75794287464823E-32));
#1775=DIRECTION('',(-1.11022302462516E-15,1.,-3.94430452610506E-31));
#1776=DIRECTION('',(-1.,-7.03754085578413E-63,-4.75794287464823E-32));
#1777=DIRECTION('',(-1.,-7.03754085578413E-63,-4.75794287464823E-32));
#1778=DIRECTION('center_axis',(4.75794287464823E-32,-3.94430452610506E-31,
-1.));
#1779=DIRECTION('ref_axis',(-0.289784148688421,0.957092026489056,-3.91294005452365E-31));
#1780=DIRECTION('',(-0.832050294337854,-0.554700196225213,1.7920217176731E-31));
#1781=DIRECTION('center_axis',(-4.75794287464823E-32,3.94430452610506E-31,
1.));
#1782=DIRECTION('ref_axis',(0.289784148688424,-0.957092026489055,3.91294005452365E-31));
#1783=DIRECTION('',(-1.,-4.93432455388959E-15,-4.75794287464804E-32));
#1784=DIRECTION('center_axis',(-4.75794287464823E-32,3.94430452610506E-31,
1.));
#1785=DIRECTION('ref_axis',(-0.289784148688429,-0.957092026489053,3.63718476943603E-31));
#1786=DIRECTION('',(-0.832050294337843,0.55470019622523,-2.58379127153191E-31));
#1787=DIRECTION('center_axis',(4.75794287464823E-32,-3.94430452610506E-31,
-1.));
#1788=DIRECTION('ref_axis',(0.28978414868843,0.957092026489053,-3.63718476943602E-31));
#1789=DIRECTION('',(-1.,-7.03754085578413E-63,-4.75794287464823E-32));
#1790=DIRECTION('center_axis',(4.75794287464823E-32,-3.94430452610506E-31,
-1.));
#1791=DIRECTION('ref_axis',(-0.289784148688426,0.957092026489054,-3.91294005452365E-31));
#1792=DIRECTION('',(-0.832050294337854,-0.554700196225213,1.7920217176731E-31));
#1793=DIRECTION('center_axis',(-4.75794287464823E-32,3.94430452610506E-31,
1.));
#1794=DIRECTION('ref_axis',(0.289784148688424,-0.957092026489055,3.91294005452365E-31));
#1795=DIRECTION('',(-1.,-4.93432455388959E-15,-4.75794287464804E-32));
#1796=DIRECTION('center_axis',(-4.75794287464823E-32,3.94430452610506E-31,
1.));
#1797=DIRECTION('ref_axis',(-0.289784148688426,-0.957092026489054,3.63718476943603E-31));
#1798=DIRECTION('',(-0.832050294337843,0.55470019622523,-2.58379127153191E-31));
#1799=DIRECTION('center_axis',(4.75794287464823E-32,-3.94430452610506E-31,
-1.));
#1800=DIRECTION('ref_axis',(0.289784148688426,0.957092026489054,-3.63718476943603E-31));
#1801=DIRECTION('',(-1.,-7.03754085578413E-63,-4.75794287464823E-32));
#1802=DIRECTION('center_axis',(4.75794287464823E-32,-3.94430452610506E-31,
-1.));
#1803=DIRECTION('ref_axis',(-0.28978414868842,0.957092026489056,-3.91294005452365E-31));
#1804=DIRECTION('',(-0.832050294337854,-0.554700196225213,1.7920217176731E-31));
#1805=DIRECTION('center_axis',(-4.75794287464823E-32,3.94430452610506E-31,
1.));
#1806=DIRECTION('ref_axis',(0.289784148688424,-0.957092026489055,3.91294005452365E-31));
#1807=DIRECTION('',(-1.,-4.93432455388959E-15,-4.75794287464804E-32));
#1808=DIRECTION('center_axis',(-4.75794287464823E-32,3.94430452610506E-31,
1.));
#1809=DIRECTION('ref_axis',(-0.289784148688443,-0.957092026489049,3.637184769436E-31));
#1810=DIRECTION('',(-0.832050294337843,0.55470019622523,-2.58379127153191E-31));
#1811=DIRECTION('center_axis',(4.75794287464823E-32,-3.94430452610506E-31,
-1.));
#1812=DIRECTION('ref_axis',(0.28978414868844,0.95709202648905,-3.63718476943601E-31));
#1813=DIRECTION('',(-1.,-7.03754085578413E-63,-4.75794287464823E-32));
#1814=DIRECTION('center_axis',(4.75794287464823E-32,-3.94430452610506E-31,
-1.));
#1815=DIRECTION('ref_axis',(-0.707106781186554,0.707106781186541,-3.12548184458986E-31));
#1816=DIRECTION('',(-1.17292347596402E-62,-1.,3.94430452610506E-31));
#1817=DIRECTION('center_axis',(4.75794287464823E-32,-3.94430452610506E-31,
-1.));
#1818=DIRECTION('ref_axis',(-0.707106781186554,-0.707106781186541,2.45260711035745E-31));
#1819=DIRECTION('',(1.,7.03754085578413E-63,4.75794287464823E-32));
#1820=DIRECTION('',(0.832050294337844,0.554700196225229,-1.79202171767316E-31));
#1821=DIRECTION('center_axis',(-4.75794287464823E-32,3.94430452610506E-31,
1.));
#1822=DIRECTION('ref_axis',(-0.289784148688441,0.957092026489049,-3.91294005452364E-31));
#1823=DIRECTION('',(1.,1.97372982155584E-15,4.75794287464815E-32));
#1824=DIRECTION('center_axis',(-4.75794287464823E-32,3.94430452610506E-31,
1.));
#1825=DIRECTION('ref_axis',(0.289784148688443,0.957092026489049,-3.637184769436E-31));
#1826=DIRECTION('',(0.83205029433784,-0.554700196225235,2.58379127153193E-31));
#1827=DIRECTION('center_axis',(4.75794287464823E-32,-3.94430452610506E-31,
-1.));
#1828=DIRECTION('ref_axis',(-0.289784148688426,-0.957092026489054,3.63718476943603E-31));
#1829=DIRECTION('',(1.,7.03754085578413E-63,4.75794287464823E-32));
#1830=DIRECTION('center_axis',(4.75794287464823E-32,-3.94430452610506E-31,
-1.));
#1831=DIRECTION('ref_axis',(0.289784148688426,-0.957092026489054,3.91294005452365E-31));
#1832=DIRECTION('',(0.832050294337844,0.554700196225229,-1.79202171767316E-31));
#1833=DIRECTION('center_axis',(-4.75794287464823E-32,3.94430452610506E-31,
1.));
#1834=DIRECTION('ref_axis',(-0.289784148688433,0.957092026489052,-3.91294005452365E-31));
#1835=DIRECTION('',(1.,1.97372982155584E-15,4.75794287464815E-32));
#1836=DIRECTION('center_axis',(-4.75794287464823E-32,3.94430452610506E-31,
1.));
#1837=DIRECTION('ref_axis',(0.289784148688435,0.957092026489051,-3.63718476943602E-31));
#1838=DIRECTION('',(0.83205029433784,-0.554700196225235,2.58379127153193E-31));
#1839=DIRECTION('center_axis',(4.75794287464823E-32,-3.94430452610506E-31,
-1.));
#1840=DIRECTION('ref_axis',(-0.289784148688434,-0.957092026489052,3.63718476943602E-31));
#1841=DIRECTION('',(1.,7.03754085578413E-63,4.75794287464823E-32));
#1842=DIRECTION('center_axis',(4.75794287464823E-32,-3.94430452610506E-31,
-1.));
#1843=DIRECTION('ref_axis',(0.28978414868843,-0.957092026489053,3.91294005452365E-31));
#1844=DIRECTION('',(0.832050294337844,0.554700196225229,-1.79202171767316E-31));
#1845=DIRECTION('center_axis',(-4.75794287464823E-32,3.94430452610506E-31,
1.));
#1846=DIRECTION('ref_axis',(-0.289784148688431,0.957092026489053,-3.91294005452365E-31));
#1847=DIRECTION('',(1.,1.97372982155584E-15,4.75794287464815E-32));
#1848=DIRECTION('center_axis',(-4.75794287464823E-32,3.94430452610506E-31,
1.));
#1849=DIRECTION('ref_axis',(0.289784148688433,0.957092026489052,-3.63718476943602E-31));
#1850=DIRECTION('',(0.83205029433784,-0.554700196225235,2.58379127153193E-31));
#1851=DIRECTION('center_axis',(4.75794287464823E-32,-3.94430452610506E-31,
-1.));
#1852=DIRECTION('ref_axis',(-0.289784148688436,-0.957092026489051,3.63718476943601E-31));
#1853=DIRECTION('',(-1.,-7.03754085578413E-63,-4.75794287464823E-32));
#1854=DIRECTION('center_axis',(-0.554700196225229,0.832050294337844,-3.54578292652338E-31));
#1855=DIRECTION('ref_axis',(0.832050294337844,0.554700196225229,-1.79202171767316E-31));
#1856=DIRECTION('',(-0.832050294337844,-0.554700196225229,1.79202171767316E-31));
#1857=DIRECTION('',(4.75794287464823E-32,-3.94430452610506E-31,-1.));
#1858=DIRECTION('center_axis',(4.75794287464823E-32,-3.94430452610506E-31,
-1.));
#1859=DIRECTION('ref_axis',(-0.289784148688441,0.957092026489049,-3.91294005452364E-31));
#1860=DIRECTION('center_axis',(4.75794287464823E-32,-3.94430452610506E-31,
-1.));
#1861=DIRECTION('ref_axis',(-0.289784148688441,0.957092026489049,-3.91294005452364E-31));
#1862=DIRECTION('',(-4.75794287464823E-32,3.94430452610506E-31,1.));
#1863=DIRECTION('center_axis',(4.75794287464823E-32,-3.94430452610506E-31,
-1.));
#1864=DIRECTION('ref_axis',(0.289784148688443,0.957092026489049,-3.637184769436E-31));
#1865=DIRECTION('',(4.75794287464823E-32,-3.94430452610506E-31,-1.));
#1866=DIRECTION('center_axis',(4.75794287464823E-32,-3.94430452610506E-31,
-1.));
#1867=DIRECTION('ref_axis',(0.289784148688443,0.957092026489049,-3.637184769436E-31));
#1868=DIRECTION('',(-4.75794287464823E-32,3.94430452610506E-31,1.));
#1869=DIRECTION('center_axis',(-1.97372982155584E-15,1.,-3.94430452610506E-31));
#1870=DIRECTION('ref_axis',(1.,1.97372982155584E-15,4.75794287464815E-32));
#1871=DIRECTION('',(-1.,-1.97372982155584E-15,-4.75794287464815E-32));
#1872=DIRECTION('center_axis',(4.75794287464823E-32,-3.94430452610506E-31,
-1.));
#1873=DIRECTION('ref_axis',(-0.289784148688426,-0.957092026489054,3.63718476943603E-31));
#1874=DIRECTION('center_axis',(-4.75794287464823E-32,3.94430452610506E-31,
1.));
#1875=DIRECTION('ref_axis',(-0.289784148688426,-0.957092026489054,3.63718476943603E-31));
#1876=DIRECTION('',(-4.75794287464823E-32,3.94430452610506E-31,1.));
#1877=DIRECTION('',(4.75794287464823E-32,-3.94430452610506E-31,-1.));
#1878=DIRECTION('center_axis',(0.554700196225235,0.83205029433784,-3.0179365572842E-31));
#1879=DIRECTION('ref_axis',(0.83205029433784,-0.554700196225235,2.58379127153193E-31));
#1880=DIRECTION('',(-0.83205029433784,0.554700196225235,-2.58379127153193E-31));
#1881=DIRECTION('center_axis',(4.75794287464823E-32,-3.94430452610506E-31,
-1.));
#1882=DIRECTION('ref_axis',(-0.289784148688434,-0.957092026489052,3.63718476943602E-31));
#1883=DIRECTION('center_axis',(-4.75794287464823E-32,3.94430452610506E-31,
1.));
#1884=DIRECTION('ref_axis',(-0.289784148688434,-0.957092026489052,3.63718476943602E-31));
#1885=DIRECTION('',(-4.75794287464823E-32,3.94430452610506E-31,1.));
#1886=DIRECTION('',(4.75794287464823E-32,-3.94430452610506E-31,-1.));
#1887=DIRECTION('center_axis',(-1.17292347596402E-62,-1.,3.94430452610506E-31));
#1888=DIRECTION('ref_axis',(1.,7.03754085578413E-63,4.75794287464823E-32));
#1889=DIRECTION('',(-1.,-7.03754085578413E-63,-4.75794287464823E-32));
#1890=DIRECTION('',(4.75794287464823E-32,-3.94430452610506E-31,-1.));
#1891=DIRECTION('center_axis',(4.75794287464823E-32,-3.94430452610506E-31,
-1.));
#1892=DIRECTION('ref_axis',(0.289784148688435,0.957092026489051,-3.63718476943602E-31));
#1893=DIRECTION('',(4.75794287464823E-32,-3.94430452610506E-31,-1.));
#1894=DIRECTION('center_axis',(4.75794287464823E-32,-3.94430452610506E-31,
-1.));
#1895=DIRECTION('ref_axis',(0.289784148688435,0.957092026489051,-3.63718476943602E-31));
#1896=DIRECTION('',(-4.75794287464823E-32,3.94430452610506E-31,1.));
#1897=DIRECTION('center_axis',(-1.97372982155584E-15,1.,-3.94430452610506E-31));
#1898=DIRECTION('ref_axis',(1.,1.97372982155584E-15,4.75794287464815E-32));
#1899=DIRECTION('',(-4.75794287464823E-32,3.94430452610506E-31,1.));
#1900=DIRECTION('',(-1.,-1.97372982155584E-15,-4.75794287464815E-32));
#1901=DIRECTION('center_axis',(-4.75794287464823E-32,3.94430452610506E-31,
1.));
#1902=DIRECTION('ref_axis',(0.289784148688426,-0.957092026489054,3.91294005452365E-31));
#1903=DIRECTION('',(4.75794287464823E-32,-3.94430452610506E-31,-1.));
#1904=DIRECTION('center_axis',(-4.75794287464823E-32,3.94430452610506E-31,
1.));
#1905=DIRECTION('ref_axis',(0.289784148688426,-0.957092026489054,3.91294005452365E-31));
#1906=DIRECTION('',(-4.75794287464823E-32,3.94430452610506E-31,1.));
#1907=DIRECTION('center_axis',(-0.554700196225229,0.832050294337844,-3.54578292652338E-31));
#1908=DIRECTION('ref_axis',(0.832050294337844,0.554700196225229,-1.79202171767316E-31));
#1909=DIRECTION('',(-0.832050294337844,-0.554700196225229,1.79202171767316E-31));
#1910=DIRECTION('',(4.75794287464823E-32,-3.94430452610506E-31,-1.));
#1911=DIRECTION('center_axis',(4.75794287464823E-32,-3.94430452610506E-31,
-1.));
#1912=DIRECTION('ref_axis',(-0.289784148688433,0.957092026489052,-3.91294005452365E-31));
#1913=DIRECTION('center_axis',(4.75794287464823E-32,-3.94430452610506E-31,
-1.));
#1914=DIRECTION('ref_axis',(-0.289784148688433,0.957092026489052,-3.91294005452365E-31));
#1915=DIRECTION('center_axis',(-4.75794287464823E-32,3.94430452610506E-31,
1.));
#1916=DIRECTION('ref_axis',(0.28978414868843,-0.957092026489053,3.91294005452365E-31));
#1917=DIRECTION('center_axis',(-4.75794287464823E-32,3.94430452610506E-31,
1.));
#1918=DIRECTION('ref_axis',(0.28978414868843,-0.957092026489053,3.91294005452365E-31));
#1919=DIRECTION('',(-4.75794287464823E-32,3.94430452610506E-31,1.));
#1920=DIRECTION('center_axis',(-0.554700196225229,0.832050294337844,-3.54578292652338E-31));
#1921=DIRECTION('ref_axis',(0.832050294337844,0.554700196225229,-1.79202171767316E-31));
#1922=DIRECTION('',(-0.832050294337844,-0.554700196225229,1.79202171767316E-31));
#1923=DIRECTION('',(4.75794287464823E-32,-3.94430452610506E-31,-1.));
#1924=DIRECTION('center_axis',(4.75794287464823E-32,-3.94430452610506E-31,
-1.));
#1925=DIRECTION('ref_axis',(-0.289784148688431,0.957092026489053,-3.91294005452365E-31));
#1926=DIRECTION('center_axis',(4.75794287464823E-32,-3.94430452610506E-31,
-1.));
#1927=DIRECTION('ref_axis',(-0.289784148688431,0.957092026489053,-3.91294005452365E-31));
#1928=DIRECTION('',(-4.75794287464823E-32,3.94430452610506E-31,1.));
#1929=DIRECTION('center_axis',(4.75794287464823E-32,-3.94430452610506E-31,
-1.));
#1930=DIRECTION('ref_axis',(0.289784148688433,0.957092026489052,-3.63718476943602E-31));
#1931=DIRECTION('',(4.75794287464823E-32,-3.94430452610506E-31,-1.));
#1932=DIRECTION('center_axis',(4.75794287464823E-32,-3.94430452610506E-31,
-1.));
#1933=DIRECTION('ref_axis',(0.289784148688433,0.957092026489052,-3.63718476943602E-31));
#1934=DIRECTION('',(-4.75794287464823E-32,3.94430452610506E-31,1.));
#1935=DIRECTION('center_axis',(-1.97372982155584E-15,1.,-3.94430452610506E-31));
#1936=DIRECTION('ref_axis',(1.,1.97372982155584E-15,4.75794287464815E-32));
#1937=DIRECTION('',(-1.,-1.97372982155584E-15,-4.75794287464815E-32));
#1938=DIRECTION('center_axis',(4.75794287464823E-32,-3.94430452610506E-31,
-1.));
#1939=DIRECTION('ref_axis',(-0.289784148688436,-0.957092026489051,3.63718476943601E-31));
#1940=DIRECTION('center_axis',(-4.75794287464823E-32,3.94430452610506E-31,
1.));
#1941=DIRECTION('ref_axis',(-0.289784148688436,-0.957092026489051,3.63718476943601E-31));
#1942=DIRECTION('',(-4.75794287464823E-32,3.94430452610506E-31,1.));
#1943=DIRECTION('',(4.75794287464823E-32,-3.94430452610506E-31,-1.));
#1944=DIRECTION('center_axis',(-1.17292347596402E-62,-1.,3.94430452610506E-31));
#1945=DIRECTION('ref_axis',(1.,7.03754085578413E-63,4.75794287464823E-32));
#1946=DIRECTION('',(1.,7.03754085578413E-63,4.75794287464823E-32));
#1947=DIRECTION('center_axis',(-4.75794287464823E-32,3.94430452610506E-31,
1.));
#1948=DIRECTION('ref_axis',(-0.289784148688421,0.957092026489056,-3.91294005452365E-31));
#1949=DIRECTION('',(4.75794287464823E-32,-3.94430452610506E-31,-1.));
#1950=DIRECTION('center_axis',(-4.75794287464823E-32,3.94430452610506E-31,
1.));
#1951=DIRECTION('ref_axis',(-0.289784148688421,0.957092026489056,-3.91294005452365E-31));
#1952=DIRECTION('',(-4.75794287464823E-32,3.94430452610506E-31,1.));
#1953=DIRECTION('center_axis',(0.554700196225213,-0.832050294337854,3.54578292652342E-31));
#1954=DIRECTION('ref_axis',(-0.832050294337854,-0.554700196225213,1.7920217176731E-31));
#1955=DIRECTION('',(0.832050294337854,0.554700196225213,-1.7920217176731E-31));
#1956=DIRECTION('',(4.75794287464823E-32,-3.94430452610506E-31,-1.));
#1957=DIRECTION('center_axis',(4.75794287464823E-32,-3.94430452610506E-31,
-1.));
#1958=DIRECTION('ref_axis',(0.289784148688424,-0.957092026489055,3.91294005452365E-31));
#1959=DIRECTION('center_axis',(4.75794287464823E-32,-3.94430452610506E-31,
-1.));
#1960=DIRECTION('ref_axis',(0.289784148688424,-0.957092026489055,3.91294005452365E-31));
#1961=DIRECTION('',(-4.75794287464823E-32,3.94430452610506E-31,1.));
#1962=DIRECTION('center_axis',(4.75794287464823E-32,-3.94430452610506E-31,
-1.));
#1963=DIRECTION('ref_axis',(-0.289784148688429,-0.957092026489053,3.63718476943603E-31));
#1964=DIRECTION('',(4.75794287464823E-32,-3.94430452610506E-31,-1.));
#1965=DIRECTION('center_axis',(4.75794287464823E-32,-3.94430452610506E-31,
-1.));
#1966=DIRECTION('ref_axis',(-0.289784148688429,-0.957092026489053,3.63718476943603E-31));
#1967=DIRECTION('',(-4.75794287464823E-32,3.94430452610506E-31,1.));
#1968=DIRECTION('center_axis',(4.93432455388959E-15,-1.,3.94430452610506E-31));
#1969=DIRECTION('ref_axis',(-1.,-4.93432455388959E-15,-4.75794287464804E-32));
#1970=DIRECTION('',(1.,4.93432455388959E-15,4.75794287464804E-32));
#1971=DIRECTION('center_axis',(4.75794287464823E-32,-3.94430452610506E-31,
-1.));
#1972=DIRECTION('ref_axis',(0.28978414868843,0.957092026489053,-3.63718476943602E-31));
#1973=DIRECTION('center_axis',(-4.75794287464823E-32,3.94430452610506E-31,
1.));
#1974=DIRECTION('ref_axis',(0.28978414868843,0.957092026489053,-3.63718476943602E-31));
#1975=DIRECTION('',(-4.75794287464823E-32,3.94430452610506E-31,1.));
#1976=DIRECTION('',(4.75794287464823E-32,-3.94430452610506E-31,-1.));
#1977=DIRECTION('center_axis',(1.17292347596402E-62,1.,-3.94430452610506E-31));
#1978=DIRECTION('ref_axis',(-1.,-7.03754085578413E-63,-4.75794287464823E-32));
#1979=DIRECTION('',(1.,7.03754085578413E-63,4.75794287464823E-32));
#1980=DIRECTION('',(4.75794287464823E-32,-3.94430452610506E-31,-1.));
#1981=DIRECTION('center_axis',(-4.75794287464823E-32,3.94430452610506E-31,
1.));
#1982=DIRECTION('ref_axis',(-0.289784148688426,0.957092026489054,-3.91294005452365E-31));
#1983=DIRECTION('center_axis',(-4.75794287464823E-32,3.94430452610506E-31,
1.));
#1984=DIRECTION('ref_axis',(-0.289784148688426,0.957092026489054,-3.91294005452365E-31));
#1985=DIRECTION('',(-4.75794287464823E-32,3.94430452610506E-31,1.));
#1986=DIRECTION('center_axis',(0.554700196225213,-0.832050294337854,3.54578292652342E-31));
#1987=DIRECTION('ref_axis',(-0.832050294337854,-0.554700196225213,1.7920217176731E-31));
#1988=DIRECTION('',(0.832050294337854,0.554700196225213,-1.7920217176731E-31));
#1989=DIRECTION('',(4.75794287464823E-32,-3.94430452610506E-31,-1.));
#1990=DIRECTION('center_axis',(4.75794287464823E-32,-3.94430452610506E-31,
-1.));
#1991=DIRECTION('ref_axis',(0.289784148688424,-0.957092026489055,3.91294005452365E-31));
#1992=DIRECTION('center_axis',(4.75794287464823E-32,-3.94430452610506E-31,
-1.));
#1993=DIRECTION('ref_axis',(0.289784148688424,-0.957092026489055,3.91294005452365E-31));
#1994=DIRECTION('',(-4.75794287464823E-32,3.94430452610506E-31,1.));
#1995=DIRECTION('center_axis',(4.75794287464823E-32,-3.94430452610506E-31,
-1.));
#1996=DIRECTION('ref_axis',(-0.289784148688426,-0.957092026489054,3.63718476943603E-31));
#1997=DIRECTION('',(4.75794287464823E-32,-3.94430452610506E-31,-1.));
#1998=DIRECTION('center_axis',(4.75794287464823E-32,-3.94430452610506E-31,
-1.));
#1999=DIRECTION('ref_axis',(-0.289784148688426,-0.957092026489054,3.63718476943603E-31));
#2000=DIRECTION('',(-4.75794287464823E-32,3.94430452610506E-31,1.));
#2001=DIRECTION('center_axis',(4.93432455388959E-15,-1.,3.94430452610506E-31));
#2002=DIRECTION('ref_axis',(-1.,-4.93432455388959E-15,-4.75794287464804E-32));
#2003=DIRECTION('',(1.,4.93432455388959E-15,4.75794287464804E-32));
#2004=DIRECTION('center_axis',(4.75794287464823E-32,-3.94430452610506E-31,
-1.));
#2005=DIRECTION('ref_axis',(0.289784148688426,0.957092026489054,-3.63718476943603E-31));
#2006=DIRECTION('center_axis',(-4.75794287464823E-32,3.94430452610506E-31,
1.));
#2007=DIRECTION('ref_axis',(0.289784148688426,0.957092026489054,-3.63718476943603E-31));
#2008=DIRECTION('',(-4.75794287464823E-32,3.94430452610506E-31,1.));
#2009=DIRECTION('',(4.75794287464823E-32,-3.94430452610506E-31,-1.));
#2010=DIRECTION('center_axis',(1.17292347596402E-62,1.,-3.94430452610506E-31));
#2011=DIRECTION('ref_axis',(-1.,-7.03754085578413E-63,-4.75794287464823E-32));
#2012=DIRECTION('',(1.,7.03754085578413E-63,4.75794287464823E-32));
#2013=DIRECTION('',(4.75794287464823E-32,-3.94430452610506E-31,-1.));
#2014=DIRECTION('center_axis',(-4.75794287464823E-32,3.94430452610506E-31,
1.));
#2015=DIRECTION('ref_axis',(-0.28978414868842,0.957092026489056,-3.91294005452365E-31));
#2016=DIRECTION('center_axis',(-4.75794287464823E-32,3.94430452610506E-31,
1.));
#2017=DIRECTION('ref_axis',(-0.28978414868842,0.957092026489056,-3.91294005452365E-31));
#2018=DIRECTION('',(-4.75794287464823E-32,3.94430452610506E-31,1.));
#2019=DIRECTION('center_axis',(0.554700196225213,-0.832050294337854,3.54578292652342E-31));
#2020=DIRECTION('ref_axis',(-0.832050294337854,-0.554700196225213,1.7920217176731E-31));
#2021=DIRECTION('',(0.832050294337854,0.554700196225213,-1.7920217176731E-31));
#2022=DIRECTION('',(4.75794287464823E-32,-3.94430452610506E-31,-1.));
#2023=DIRECTION('center_axis',(4.75794287464823E-32,-3.94430452610506E-31,
-1.));
#2024=DIRECTION('ref_axis',(0.289784148688424,-0.957092026489055,3.91294005452365E-31));
#2025=DIRECTION('center_axis',(4.75794287464823E-32,-3.94430452610506E-31,
-1.));
#2026=DIRECTION('ref_axis',(0.289784148688424,-0.957092026489055,3.91294005452365E-31));
#2027=DIRECTION('',(-4.75794287464823E-32,3.94430452610506E-31,1.));
#2028=DIRECTION('center_axis',(4.75794287464823E-32,-3.94430452610506E-31,
-1.));
#2029=DIRECTION('ref_axis',(-0.289784148688443,-0.957092026489049,3.637184769436E-31));
#2030=DIRECTION('',(4.75794287464823E-32,-3.94430452610506E-31,-1.));
#2031=DIRECTION('center_axis',(4.75794287464823E-32,-3.94430452610506E-31,
-1.));
#2032=DIRECTION('ref_axis',(-0.289784148688443,-0.957092026489049,3.637184769436E-31));
#2033=DIRECTION('',(-4.75794287464823E-32,3.94430452610506E-31,1.));
#2034=DIRECTION('center_axis',(4.93432455388959E-15,-1.,3.94430452610506E-31));
#2035=DIRECTION('ref_axis',(-1.,-4.93432455388959E-15,-4.75794287464804E-32));
#2036=DIRECTION('',(1.,4.93432455388959E-15,4.75794287464804E-32));
#2037=DIRECTION('center_axis',(4.75794287464823E-32,-3.94430452610506E-31,
-1.));
#2038=DIRECTION('ref_axis',(0.28978414868844,0.95709202648905,-3.63718476943601E-31));
#2039=DIRECTION('center_axis',(-4.75794287464823E-32,3.94430452610506E-31,
1.));
#2040=DIRECTION('ref_axis',(0.28978414868844,0.95709202648905,-3.63718476943601E-31));
#2041=DIRECTION('',(-4.75794287464823E-32,3.94430452610506E-31,1.));
#2042=DIRECTION('',(4.75794287464823E-32,-3.94430452610506E-31,-1.));
#2043=DIRECTION('center_axis',(1.17292347596402E-62,1.,-3.94430452610506E-31));
#2044=DIRECTION('ref_axis',(-1.,-7.03754085578413E-63,-4.75794287464823E-32));
#2045=DIRECTION('',(1.,7.03754085578413E-63,4.75794287464823E-32));
#2046=DIRECTION('',(4.75794287464823E-32,-3.94430452610506E-31,-1.));
#2047=DIRECTION('center_axis',(4.75794287464823E-32,-3.94430452610506E-31,
-1.));
#2048=DIRECTION('ref_axis',(-0.707106781186554,-0.707106781186541,2.45260711035745E-31));
#2049=DIRECTION('center_axis',(-4.75794287464823E-32,3.94430452610506E-31,
1.));
#2050=DIRECTION('ref_axis',(-0.707106781186554,-0.707106781186541,2.45260711035745E-31));
#2051=DIRECTION('',(-4.75794287464823E-32,3.94430452610506E-31,1.));
#2052=DIRECTION('',(4.75794287464823E-32,-3.94430452610506E-31,-1.));
#2053=DIRECTION('center_axis',(-1.17292347596402E-62,-1.,3.94430452610506E-31));
#2054=DIRECTION('ref_axis',(1.,7.03754085578413E-63,4.75794287464823E-32));
#2055=DIRECTION('',(-1.,-7.03754085578413E-63,-4.75794287464823E-32));
#2056=DIRECTION('center_axis',(4.75794287464823E-32,-3.94430452610506E-31,
-1.));
#2057=DIRECTION('ref_axis',(-0.707106781186554,0.707106781186541,-3.12548184458986E-31));
#2058=DIRECTION('center_axis',(-4.75794287464823E-32,3.94430452610506E-31,
1.));
#2059=DIRECTION('ref_axis',(-0.707106781186554,0.707106781186541,-3.12548184458986E-31));
#2060=DIRECTION('',(-4.75794287464823E-32,3.94430452610506E-31,1.));
#2061=DIRECTION('center_axis',(-1.,-7.03754085578413E-63,-4.75794287464823E-32));
#2062=DIRECTION('ref_axis',(1.17292347596402E-62,1.,-3.94430452610506E-31));
#2063=DIRECTION('',(1.17292347596402E-62,1.,-3.94430452610506E-31));
#2064=DIRECTION('center_axis',(0.554700196225235,0.83205029433784,-3.0179365572842E-31));
#2065=DIRECTION('ref_axis',(0.83205029433784,-0.554700196225235,2.58379127153193E-31));
#2066=DIRECTION('',(-0.83205029433784,0.554700196225235,-2.58379127153193E-31));
#2067=DIRECTION('center_axis',(-0.55470019622523,-0.832050294337843,3.01793655728422E-31));
#2068=DIRECTION('ref_axis',(-0.832050294337843,0.55470019622523,-2.58379127153191E-31));
#2069=DIRECTION('',(0.832050294337843,-0.55470019622523,2.58379127153191E-31));
#2070=DIRECTION('center_axis',(-0.55470019622523,-0.832050294337843,3.01793655728422E-31));
#2071=DIRECTION('ref_axis',(-0.832050294337843,0.55470019622523,-2.58379127153191E-31));
#2072=DIRECTION('',(0.832050294337843,-0.55470019622523,2.58379127153191E-31));
#2073=DIRECTION('center_axis',(-0.55470019622523,-0.832050294337843,3.01793655728422E-31));
#2074=DIRECTION('ref_axis',(-0.832050294337843,0.55470019622523,-2.58379127153191E-31));
#2075=DIRECTION('',(0.832050294337843,-0.55470019622523,2.58379127153191E-31));
#2076=DIRECTION('center_axis',(0.554700196225235,0.83205029433784,-3.0179365572842E-31));
#2077=DIRECTION('ref_axis',(0.83205029433784,-0.554700196225235,2.58379127153193E-31));
#2078=DIRECTION('',(-0.83205029433784,0.554700196225235,-2.58379127153193E-31));
#2079=DIRECTION('center_axis',(1.17292347596402E-62,1.,-3.94430452610506E-31));
#2080=DIRECTION('ref_axis',(-1.,-7.03754085578413E-63,-4.75794287464823E-32));
#2081=DIRECTION('',(4.75794287464823E-32,-3.94430452610506E-31,-1.));
#2082=DIRECTION('',(1.,7.03754085578413E-63,4.75794287464823E-32));
#2083=DIRECTION('center_axis',(-1.17292347596402E-62,-1.,3.94430452610506E-31));
#2084=DIRECTION('ref_axis',(1.,7.03754085578413E-63,4.75794287464823E-32));
#2085=DIRECTION('',(-1.,-7.03754085578413E-63,-4.75794287464823E-32));
#2086=DIRECTION('center_axis',(-4.75794287464823E-32,3.94430452610506E-31,
1.));
#2087=DIRECTION('ref_axis',(1.,7.03754085578413E-63,4.75794287464823E-32));
#2088=DIRECTION('',(1.,7.03754085578413E-63,4.75794287464823E-32));
#2089=DIRECTION('',(1.11022302462516E-15,-1.,3.94430452610506E-31));
#2090=DIRECTION('center_axis',(1.,-4.44089209850063E-16,4.75794287464825E-32));
#2091=DIRECTION('ref_axis',(4.44089209850063E-16,1.,-3.94430452610506E-31));
#2092=DIRECTION('',(-4.75794287464823E-32,3.94430452610506E-31,1.));
#2093=DIRECTION('center_axis',(3.20144104805191E-48,-1.,-6.72862439166757E-17));
#2094=DIRECTION('ref_axis',(-1.,-1.03311777073867E-62,-4.75794287464823E-32));
#2095=DIRECTION('center_axis',(2.91339975598195E-48,-1.,-6.12323399573673E-17));
#2096=DIRECTION('ref_axis',(-1.,-1.09388940431153E-62,-4.75794287464823E-32));
#2097=DIRECTION('',(3.20144104805191E-48,-1.,-6.72862439166757E-17));
#2098=DIRECTION('center_axis',(-1.45669987799096E-48,1.,3.06161699786834E-17));
#2099=DIRECTION('ref_axis',(-1.,-2.73472351077882E-63,-4.75794287464823E-32));
#2100=DIRECTION('center_axis',(-2.91339975598195E-48,1.,6.12323399573673E-17));
#2101=DIRECTION('ref_axis',(-0.707106781186548,4.32978028117744E-17,-0.707106781186547));
#2102=DIRECTION('center_axis',(2.91339975598195E-48,-1.,-6.12323399573673E-17));
#2103=DIRECTION('ref_axis',(-0.707106781186548,4.32978028117744E-17,-0.707106781186547));
#2104=DIRECTION('',(2.91339975598195E-48,-1.,-6.12323399573673E-17));
#2105=DIRECTION('center_axis',(-1.45669987799096E-48,1.,3.06161699786834E-17));
#2106=DIRECTION('ref_axis',(-0.707106781186548,2.1648901405887E-17,-0.707106781186547));
#2107=DIRECTION('',(-2.91339975598195E-48,1.,6.12323399573673E-17));
#2108=DIRECTION('center_axis',(-1.,-7.03754085578413E-63,-4.75794287464823E-32));
#2109=DIRECTION('ref_axis',(-4.75794287464823E-32,-6.12323399573673E-17,
1.));
#2110=DIRECTION('',(-4.75794287464823E-32,3.94430452610506E-31,1.));
#2111=DIRECTION('',(-2.91339975598195E-48,1.,6.12323399573673E-17));
#2112=DIRECTION('',(-4.75794287464823E-32,-6.12323399573673E-17,1.));
#2113=DIRECTION('center_axis',(1.45669987799096E-48,-1.,-3.06161699786834E-17));
#2114=DIRECTION('ref_axis',(-1.,-2.73472351077882E-63,-4.75794287464823E-32));
#2115=DIRECTION('',(1.,7.03754085578413E-63,4.75794287464823E-32));
#2116=DIRECTION('center_axis',(-1.45669987799096E-48,1.,3.06161699786834E-17));
#2117=DIRECTION('ref_axis',(0.707106781186548,2.1648901405887E-17,-0.707106781186547));
#2118=DIRECTION('',(-4.75794287464823E-32,3.94430452610506E-31,1.));
#2119=DIRECTION('',(-1.,-7.03754085578413E-63,-4.75794287464823E-32));
#2120=DIRECTION('center_axis',(-2.91339975598195E-48,1.,6.12323399573673E-17));
#2121=DIRECTION('ref_axis',(0.707106781186548,4.32978028117744E-17,-0.707106781186547));
#2122=DIRECTION('center_axis',(2.91339975598195E-48,-1.,-6.12323399573673E-17));
#2123=DIRECTION('ref_axis',(0.707106781186548,4.32978028117744E-17,-0.707106781186547));
#2124=DIRECTION('',(2.91339975598195E-48,-1.,-6.12323399573673E-17));
#2125=DIRECTION('',(-2.91339975598195E-48,1.,6.12323399573673E-17));
#2126=DIRECTION('center_axis',(1.,7.03754085578413E-63,4.75794287464823E-32));
#2127=DIRECTION('ref_axis',(4.75794287464823E-32,-3.94430452610506E-31,
-1.));
#2128=DIRECTION('',(4.75794287464823E-32,-3.94430452610506E-31,-1.));
#2129=DIRECTION('',(2.91339975598195E-48,-1.,-6.12323399573673E-17));
#2130=DIRECTION('center_axis',(-1.,-7.03754085578413E-63,-4.75794287464823E-32));
#2131=DIRECTION('ref_axis',(-4.75794287464823E-32,3.94430452610506E-31,
1.));
#2132=DIRECTION('',(1.,7.03754085578413E-63,4.75794287464823E-32));
#2133=DIRECTION('center_axis',(1.,7.03754085578413E-63,4.75794287464823E-32));
#2134=DIRECTION('ref_axis',(-3.30148608080353E-48,1.,6.93889390390719E-17));
#2135=DIRECTION('center_axis',(-1.,-7.03754085578413E-63,-4.75794287464823E-32));
#2136=DIRECTION('ref_axis',(-4.75794287464823E-32,3.94430452610506E-31,
1.));
#2137=DIRECTION('center_axis',(-1.,-7.03754085578413E-63,-4.75794287464823E-32));
#2138=DIRECTION('ref_axis',(-4.75794287464823E-32,3.94430452610506E-31,
1.));
#2139=DIRECTION('center_axis',(1.,7.03754085578413E-63,4.75794287464823E-32));
#2140=DIRECTION('ref_axis',(1.17292347596402E-62,1.,-3.94430452610506E-31));
#2141=DIRECTION('center_axis',(1.,7.03754085578413E-63,4.75794287464823E-32));
#2142=DIRECTION('ref_axis',(4.75794287464823E-32,-3.94430452610506E-31,
-1.));
#2143=DIRECTION('center_axis',(1.,7.03754085578413E-63,4.75794287464823E-32));
#2144=DIRECTION('ref_axis',(1.17292347596402E-62,1.,-3.94430452610506E-31));
#2145=DIRECTION('center_axis',(4.75794287464823E-32,6.12323399573673E-17,
-1.));
#2146=DIRECTION('ref_axis',(-1.,-6.88468985740159E-63,-4.75794287464823E-32));
#2147=DIRECTION('',(-1.,-7.03754085578413E-63,-4.75794287464823E-32));
#2148=DIRECTION('center_axis',(-1.,-7.03754085578413E-63,-4.75794287464823E-32));
#2149=DIRECTION('ref_axis',(-4.75794287464823E-32,3.94430452610506E-31,
1.));
#2150=DIRECTION('center_axis',(-2.91339975598195E-48,1.,6.12323399573673E-17));
#2151=DIRECTION('ref_axis',(1.,1.09388940431153E-62,4.75794287464823E-32));
#2152=CARTESIAN_POINT('',(0.,0.,0.));
#2153=CARTESIAN_POINT('Origin',(25.,16.,-4.23805328941535));
#2154=CARTESIAN_POINT('',(22.,16.,-11.));
#2155=CARTESIAN_POINT('',(20.,16.,-9.));
#2156=CARTESIAN_POINT('Origin',(22.,16.,-9.));
#2157=CARTESIAN_POINT('',(28.,16.,-11.));
#2158=CARTESIAN_POINT('',(30.,16.,-11.));
#2159=CARTESIAN_POINT('',(30.,16.,-9.));
#2160=CARTESIAN_POINT('Origin',(28.,16.,-9.));
#2161=CARTESIAN_POINT('',(30.,16.,-2.));
#2162=CARTESIAN_POINT('',(30.,16.,-2.));
#2163=CARTESIAN_POINT('',(20.,16.,-2.));
#2164=CARTESIAN_POINT('',(25.,16.,-2.));
#2165=CARTESIAN_POINT('',(20.,16.,7.04778684233861));
#2166=CARTESIAN_POINT('',(25.,16.,-4.4));
#2167=CARTESIAN_POINT('Origin',(25.,16.,-6.));
#2168=CARTESIAN_POINT('Origin',(25.,20.,-2.));
#2169=CARTESIAN_POINT('',(20.,18.,-2.));
#2170=CARTESIAN_POINT('',(30.,18.,-2.));
#2171=CARTESIAN_POINT('',(25.,18.,-2.));
#2172=CARTESIAN_POINT('',(20.,20.,-2.00863205831764E-29));
#2173=CARTESIAN_POINT('Origin',(20.,20.,-2.));
#2174=CARTESIAN_POINT('',(30.,20.,-8.82780890547868E-30));
#2175=CARTESIAN_POINT('',(-101.25,20.,-1.50726089284545E-29));
#2176=CARTESIAN_POINT('Origin',(30.,20.,-2.));
#2177=CARTESIAN_POINT('Origin',(20.,16.,-2.));
#2178=CARTESIAN_POINT('',(20.,17.56,-2.));
#2179=CARTESIAN_POINT('',(20.,20.,2.));
#2180=CARTESIAN_POINT('Origin',(20.,20.,-2.));
#2181=CARTESIAN_POINT('',(20.,20.,-1.));
#2182=CARTESIAN_POINT('Origin',(30.,18.,-2.));
#2183=CARTESIAN_POINT('',(30.,17.56,-2.));
#2184=CARTESIAN_POINT('',(30.,20.,2.));
#2185=CARTESIAN_POINT('',(30.,20.,-8.82780890547868E-30));
#2186=CARTESIAN_POINT('Origin',(30.,20.,-2.));
#2187=CARTESIAN_POINT('Origin',(20.,18.,2.5238934211693));
#2188=CARTESIAN_POINT('',(20.,18.,-9.));
#2189=CARTESIAN_POINT('',(20.,18.,-9.));
#2190=CARTESIAN_POINT('',(20.,18.,7.04778684233861));
#2191=CARTESIAN_POINT('Origin',(25.,20.,-2.));
#2192=CARTESIAN_POINT('',(-101.25,20.,2.));
#2193=CARTESIAN_POINT('Origin',(30.,18.,-11.));
#2194=CARTESIAN_POINT('',(30.,18.,-9.));
#2195=CARTESIAN_POINT('',(30.,18.,-9.));
#2196=CARTESIAN_POINT('',(30.,18.,7.04778684233861));
#2197=CARTESIAN_POINT('Origin',(28.,18.,-9.));
#2198=CARTESIAN_POINT('',(28.,18.,-11.));
#2199=CARTESIAN_POINT('',(28.,18.,-11.));
#2200=CARTESIAN_POINT('Origin',(28.,18.,-9.));
#2201=CARTESIAN_POINT('Origin',(25.,18.,-4.23805328941535));
#2202=CARTESIAN_POINT('',(22.,18.,-11.));
#2203=CARTESIAN_POINT('Origin',(22.,18.,-9.));
#2204=CARTESIAN_POINT('',(30.,18.,-11.));
#2205=CARTESIAN_POINT('',(25.,18.,-4.4));
#2206=CARTESIAN_POINT('Origin',(25.,18.,-6.));
#2207=CARTESIAN_POINT('Origin',(20.,18.,-11.));
#2208=CARTESIAN_POINT('',(22.,18.,-11.));
#2209=CARTESIAN_POINT('Origin',(22.,18.,-9.));
#2210=CARTESIAN_POINT('Origin',(25.,18.,-6.));
#2211=CARTESIAN_POINT('',(25.,18.,-4.4));
#2212=CARTESIAN_POINT('Origin',(20.2,25.,-2.5));
#2213=CARTESIAN_POINT('',(18.3,25.,2.));
#2214=CARTESIAN_POINT('Origin',(20.2,25.,2.));
#2215=CARTESIAN_POINT('',(18.3,25.,-1.13566404848651E-29));
#2216=CARTESIAN_POINT('',(18.3,25.,-2.5));
#2217=CARTESIAN_POINT('Origin',(20.2,25.,-1.12662395702467E-29));
#2218=CARTESIAN_POINT('Origin',(-144.302775637732,21.,1.));
#2219=CARTESIAN_POINT('',(-143.748075441507,20.1679497056622,2.));
#2220=CARTESIAN_POINT('',(-144.302775637732,20.,2.));
#2221=CARTESIAN_POINT('Origin',(-144.302775637732,21.,2.));
#2222=CARTESIAN_POINT('',(-144.302775637732,20.,-1.71210353992482E-29));
#2223=CARTESIAN_POINT('',(-144.302775637732,20.,1.));
#2224=CARTESIAN_POINT('',(-143.748075441507,20.1679497056622,-1.38777878078162E-16));
#2225=CARTESIAN_POINT('Origin',(-144.302775637732,21.,-1.75154658518588E-29));
#2226=CARTESIAN_POINT('',(-143.748075441507,20.1679497056622,1.));
#2227=CARTESIAN_POINT('Origin',(-57.5,25.,2.));
#2228=CARTESIAN_POINT('',(30.,30.,2.));
#2229=CARTESIAN_POINT('',(30.,34.,2.));
#2230=CARTESIAN_POINT('',(20.,30.,2.));
#2231=CARTESIAN_POINT('',(-145.,30.,2.));
#2232=CARTESIAN_POINT('',(8.30277563773198,30.,2.));
#2233=CARTESIAN_POINT('',(-145.,30.,2.));
#2234=CARTESIAN_POINT('',(7.74807544150676,29.8320502943379,2.));
#2235=CARTESIAN_POINT('Origin',(8.30277563773197,29.,2.));
#2236=CARTESIAN_POINT('',(6.7519245584932,29.1679497056622,2.));
#2237=CARTESIAN_POINT('',(-15.8269230769236,14.1153846153849,2.));
#2238=CARTESIAN_POINT('',(6.197224362268,29.,2.));
#2239=CARTESIAN_POINT('Origin',(6.19722436226799,30.,2.));
#2240=CARTESIAN_POINT('',(-2.197224362268,29.,2.));
#2241=CARTESIAN_POINT('',(-25.5,28.9999999999999,2.));
#2242=CARTESIAN_POINT('',(-2.75192455849324,29.1679497056622,2.));
#2243=CARTESIAN_POINT('Origin',(-2.197224362268,30.,2.));
#2244=CARTESIAN_POINT('',(-3.74807544150676,29.8320502943378,2.));
#2245=CARTESIAN_POINT('',(-20.6153846153846,41.0769230769231,2.));
#2246=CARTESIAN_POINT('',(-4.30277563773199,30.,2.));
#2247=CARTESIAN_POINT('Origin',(-4.30277563773199,29.,2.));
#2248=CARTESIAN_POINT('',(-61.697224362268,30.,2.));
#2249=CARTESIAN_POINT('',(-145.,30.,2.));
#2250=CARTESIAN_POINT('',(-62.2519245584933,29.8320502943378,2.));
#2251=CARTESIAN_POINT('Origin',(-61.697224362268,29.,2.));
#2252=CARTESIAN_POINT('',(-63.2480754415068,29.1679497056622,2.));
#2253=CARTESIAN_POINT('',(-61.5961538461538,30.2692307692308,2.));
#2254=CARTESIAN_POINT('',(-63.802775637732,29.,2.));
#2255=CARTESIAN_POINT('Origin',(-63.802775637732,30.,2.));
#2256=CARTESIAN_POINT('',(-72.197224362268,29.,2.));
#2257=CARTESIAN_POINT('',(-60.5,29.0000000000001,2.));
#2258=CARTESIAN_POINT('',(-72.7519245584932,29.1679497056622,2.));
#2259=CARTESIAN_POINT('Origin',(-72.197224362268,30.,2.));
#2260=CARTESIAN_POINT('',(-73.7480754415068,29.8320502943378,2.));
#2261=CARTESIAN_POINT('',(-66.3846153846154,24.9230769230769,2.));
#2262=CARTESIAN_POINT('',(-74.302775637732,30.,2.));
#2263=CARTESIAN_POINT('Origin',(-74.302775637732,29.,2.));
#2264=CARTESIAN_POINT('',(-131.697224362268,30.,2.));
#2265=CARTESIAN_POINT('',(-145.,30.,2.));
#2266=CARTESIAN_POINT('',(-132.251924558493,29.8320502943379,2.));
#2267=CARTESIAN_POINT('Origin',(-131.697224362268,29.,2.));
#2268=CARTESIAN_POINT('',(-133.248075441507,29.1679497056622,2.));
#2269=CARTESIAN_POINT('',(-107.365384615384,46.4230769230767,2.));
#2270=CARTESIAN_POINT('',(-133.802775637732,29.,2.));
#2271=CARTESIAN_POINT('Origin',(-133.802775637732,30.,2.));
#2272=CARTESIAN_POINT('',(-142.197224362268,29.,2.));
#2273=CARTESIAN_POINT('',(-95.5,29.0000000000002,2.));
#2274=CARTESIAN_POINT('',(-142.751924558493,29.1679497056621,2.));
#2275=CARTESIAN_POINT('Origin',(-142.197224362268,30.,2.));
#2276=CARTESIAN_POINT('',(-143.748075441507,29.8320502943379,2.));
#2277=CARTESIAN_POINT('',(-112.153846153846,8.7692307692307,2.));
#2278=CARTESIAN_POINT('',(-144.302775637732,30.,2.));
#2279=CARTESIAN_POINT('Origin',(-144.302775637732,29.,2.));
#2280=CARTESIAN_POINT('',(-145.,30.,2.));
#2281=CARTESIAN_POINT('',(-145.,30.,2.));
#2282=CARTESIAN_POINT('',(-146.,29.,2.));
#2283=CARTESIAN_POINT('Origin',(-145.,29.,2.));
#2284=CARTESIAN_POINT('',(-146.,21.,2.));
#2285=CARTESIAN_POINT('',(-146.,30.,2.));
#2286=CARTESIAN_POINT('',(-145.,20.,2.));
#2287=CARTESIAN_POINT('Origin',(-145.,21.,2.));
#2288=CARTESIAN_POINT('',(-146.,20.,2.));
#2289=CARTESIAN_POINT('',(-142.751924558493,20.8320502943378,2.));
#2290=CARTESIAN_POINT('',(-112.903846153846,40.7307692307692,2.));
#2291=CARTESIAN_POINT('',(-142.197224362268,21.,2.));
#2292=CARTESIAN_POINT('Origin',(-142.197224362268,20.,2.));
#2293=CARTESIAN_POINT('',(-133.802775637732,21.,2.));
#2294=CARTESIAN_POINT('',(-100.,21.0000000000001,2.));
#2295=CARTESIAN_POINT('',(-133.248075441507,20.8320502943379,2.));
#2296=CARTESIAN_POINT('Origin',(-133.802775637732,20.,2.));
#2297=CARTESIAN_POINT('',(-132.251924558493,20.1679497056622,2.));
#2298=CARTESIAN_POINT('',(-108.115384615385,4.076923076923,2.));
#2299=CARTESIAN_POINT('',(-131.697224362268,20.,2.));
#2300=CARTESIAN_POINT('Origin',(-131.697224362268,21.,2.));
#2301=CARTESIAN_POINT('',(-74.302775637732,20.,2.));
#2302=CARTESIAN_POINT('',(30.,20.,2.));
#2303=CARTESIAN_POINT('',(-73.7480754415068,20.1679497056622,2.));
#2304=CARTESIAN_POINT('Origin',(-74.302775637732,21.,2.));
#2305=CARTESIAN_POINT('',(-72.7519245584932,20.8320502943378,2.));
#2306=CARTESIAN_POINT('',(-67.1346153846154,24.5769230769231,2.));
#2307=CARTESIAN_POINT('',(-72.197224362268,21.,2.));
#2308=CARTESIAN_POINT('Origin',(-72.197224362268,20.,2.));
#2309=CARTESIAN_POINT('',(-63.802775637732,21.,2.));
#2310=CARTESIAN_POINT('',(-65.,21.,2.));
#2311=CARTESIAN_POINT('',(-63.2480754415068,20.8320502943379,2.));
#2312=CARTESIAN_POINT('Origin',(-63.802775637732,20.,2.));
#2313=CARTESIAN_POINT('',(-62.2519245584932,20.1679497056622,2.));
#2314=CARTESIAN_POINT('',(-62.3461538461539,20.2307692307693,2.));
#2315=CARTESIAN_POINT('',(-61.697224362268,20.,2.));
#2316=CARTESIAN_POINT('Origin',(-61.697224362268,21.,2.));
#2317=CARTESIAN_POINT('',(-4.302775637732,20.,2.));
#2318=CARTESIAN_POINT('',(30.,20.,2.));
#2319=CARTESIAN_POINT('',(-3.74807544150677,20.1679497056622,2.));
#2320=CARTESIAN_POINT('Origin',(-4.302775637732,21.,2.));
#2321=CARTESIAN_POINT('',(-2.75192455849323,20.8320502943378,2.));
#2322=CARTESIAN_POINT('',(-21.3653846153846,8.4230769230769,2.));
#2323=CARTESIAN_POINT('',(-2.19722436226801,21.,2.));
#2324=CARTESIAN_POINT('Origin',(-2.19722436226801,20.,2.));
#2325=CARTESIAN_POINT('',(6.19722436226799,21.,2.));
#2326=CARTESIAN_POINT('',(-30.,21.,2.));
#2327=CARTESIAN_POINT('',(6.75192455849324,20.8320502943379,2.));
#2328=CARTESIAN_POINT('Origin',(6.19722436226799,20.,2.));
#2329=CARTESIAN_POINT('',(7.74807544150677,20.1679497056622,2.));
#2330=CARTESIAN_POINT('',(-16.5769230769229,36.3846153846155,2.));
#2331=CARTESIAN_POINT('',(8.302775637732,20.,2.));
#2332=CARTESIAN_POINT('Origin',(8.302775637732,21.,2.));
#2333=CARTESIAN_POINT('',(-101.25,20.,2.));
#2334=CARTESIAN_POINT('Origin',(-144.,20.,2.));
#2335=CARTESIAN_POINT('',(-142.751924558493,20.8320502943378,-1.38777878078162E-16));
#2336=CARTESIAN_POINT('',(-112.903846153846,40.7307692307692,-1.38777878078169E-16));
#2337=CARTESIAN_POINT('',(-142.751924558493,20.8320502943379,2.));
#2338=CARTESIAN_POINT('Origin',(-142.197224362268,20.,2.));
#2339=CARTESIAN_POINT('',(-142.197224362268,21.,-1.74152849249757E-29));
#2340=CARTESIAN_POINT('Origin',(-142.197224362268,20.,-1.70208544723652E-29));
#2341=CARTESIAN_POINT('',(-142.197224362268,21.,2.));
#2342=CARTESIAN_POINT('Origin',(-133.802775637732,20.,2.));
#2343=CARTESIAN_POINT('',(-133.802775637732,21.,-1.70158818500207E-29));
#2344=CARTESIAN_POINT('',(-133.802775637732,21.,2.));
#2345=CARTESIAN_POINT('',(-133.248075441507,20.8320502943379,-1.38777878078162E-16));
#2346=CARTESIAN_POINT('Origin',(-133.802775637732,20.,-1.66214513974102E-29));
#2347=CARTESIAN_POINT('',(-133.248075441507,20.8320502943379,2.));
#2348=CARTESIAN_POINT('Origin',(-142.5,21.,2.));
#2349=CARTESIAN_POINT('',(-100.,21.0000000000001,-1.54075650951319E-29));
#2350=CARTESIAN_POINT('Origin',(-131.697224362268,21.,1.));
#2351=CARTESIAN_POINT('',(-132.251924558493,20.1679497056622,-1.38777878078162E-16));
#2352=CARTESIAN_POINT('',(-131.697224362268,20.,-1.65212704705272E-29));
#2353=CARTESIAN_POINT('Origin',(-131.697224362268,21.,-1.69157009231377E-29));
#2354=CARTESIAN_POINT('',(-131.697224362268,20.,1.));
#2355=CARTESIAN_POINT('',(-132.251924558493,20.1679497056622,1.));
#2356=CARTESIAN_POINT('Origin',(-133.5,21.,2.));
#2357=CARTESIAN_POINT('',(-108.115384615385,4.076923076923,-1.38777878078154E-16));
#2358=CARTESIAN_POINT('Origin',(-61.697224362268,21.,1.));
#2359=CARTESIAN_POINT('',(-62.2519245584932,20.1679497056622,-1.38777878078158E-16));
#2360=CARTESIAN_POINT('',(-61.697224362268,20.,-1.31907104582734E-29));
#2361=CARTESIAN_POINT('Origin',(-61.697224362268,21.,-1.35851409108839E-29));
#2362=CARTESIAN_POINT('',(-61.697224362268,20.,1.));
#2363=CARTESIAN_POINT('',(-62.2519245584932,20.1679497056622,1.));
#2364=CARTESIAN_POINT('Origin',(-145.,20.,-1.71542089361131E-29));
#2365=CARTESIAN_POINT('',(-4.302775637732,20.,-1.04599153747407E-29));
#2366=CARTESIAN_POINT('',(30.,20.,-8.82780890547868E-30));
#2367=CARTESIAN_POINT('',(-4.302775637732,20.,1.));
#2368=CARTESIAN_POINT('Origin',(-63.802775637732,20.,2.));
#2369=CARTESIAN_POINT('',(-63.802775637732,21.,-1.36853218377669E-29));
#2370=CARTESIAN_POINT('',(-63.802775637732,21.,2.));
#2371=CARTESIAN_POINT('',(-63.2480754415068,20.8320502943379,-1.38777878078159E-16));
#2372=CARTESIAN_POINT('Origin',(-63.802775637732,20.,-1.32908913851564E-29));
#2373=CARTESIAN_POINT('',(-63.2480754415068,20.8320502943379,2.));
#2374=CARTESIAN_POINT('Origin',(-72.5,21.,2.));
#2375=CARTESIAN_POINT('',(-72.197224362268,21.,-1.4084724912722E-29));
#2376=CARTESIAN_POINT('',(-72.197224362268,21.,2.));
#2377=CARTESIAN_POINT('',(-65.,21.,-1.3742285089005E-29));
#2378=CARTESIAN_POINT('Origin',(-74.302775637732,21.,1.));
#2379=CARTESIAN_POINT('',(-74.302775637732,20.,-1.37904753869945E-29));
#2380=CARTESIAN_POINT('',(-74.302775637732,20.,1.));
#2381=CARTESIAN_POINT('',(-73.7480754415068,20.1679497056622,-1.38777878078159E-16));
#2382=CARTESIAN_POINT('Origin',(-74.302775637732,21.,-1.4184905839605E-29));
#2383=CARTESIAN_POINT('',(-73.7480754415068,20.1679497056622,1.));
#2384=CARTESIAN_POINT('Origin',(-74.,20.,2.));
#2385=CARTESIAN_POINT('',(-72.7519245584932,20.8320502943378,-1.38777878078159E-16));
#2386=CARTESIAN_POINT('',(-67.1346153846154,24.5769230769231,-1.3877787807816E-16));
#2387=CARTESIAN_POINT('',(-72.7519245584932,20.8320502943378,2.));
#2388=CARTESIAN_POINT('Origin',(-72.197224362268,20.,2.));
#2389=CARTESIAN_POINT('Origin',(-72.197224362268,20.,-1.36902944601115E-29));
#2390=CARTESIAN_POINT('Origin',(-4.302775637732,21.,1.));
#2391=CARTESIAN_POINT('',(-3.74807544150677,20.1679497056622,-1.38777878078156E-16));
#2392=CARTESIAN_POINT('Origin',(-4.302775637732,21.,-1.08543458273512E-29));
#2393=CARTESIAN_POINT('',(-3.74807544150677,20.1679497056622,1.));
#2394=CARTESIAN_POINT('Origin',(-4.,20.,2.));
#2395=CARTESIAN_POINT('',(-2.75192455849323,20.8320502943378,-1.38777878078156E-16));
#2396=CARTESIAN_POINT('',(-21.3653846153846,8.4230769230769,-1.38777878078152E-16));
#2397=CARTESIAN_POINT('',(-2.75192455849324,20.8320502943378,2.));
#2398=CARTESIAN_POINT('Origin',(-2.19722436226801,20.,2.));
#2399=CARTESIAN_POINT('',(-2.19722436226801,21.,-1.07541649004682E-29));
#2400=CARTESIAN_POINT('Origin',(-2.19722436226801,20.,-1.03597344478577E-29));
#2401=CARTESIAN_POINT('',(-2.19722436226801,21.,2.));
#2402=CARTESIAN_POINT('Origin',(6.19722436226799,20.,2.));
#2403=CARTESIAN_POINT('',(6.19722436226799,21.,-1.03547618255132E-29));
#2404=CARTESIAN_POINT('',(6.19722436226799,21.,2.));
#2405=CARTESIAN_POINT('',(6.75192455849324,20.8320502943379,-1.38777878078155E-16));
#2406=CARTESIAN_POINT('Origin',(6.19722436226799,20.,-9.96033137290266E-30));
#2407=CARTESIAN_POINT('',(6.75192455849323,20.8320502943379,2.));
#2408=CARTESIAN_POINT('Origin',(-2.5,21.,2.));
#2409=CARTESIAN_POINT('',(-30.,21.,-1.20770050828781E-29));
#2410=CARTESIAN_POINT('Origin',(8.302775637732,21.,1.));
#2411=CARTESIAN_POINT('',(7.74807544150677,20.1679497056622,-1.38777878078155E-16));
#2412=CARTESIAN_POINT('',(8.302775637732,20.,-9.86015044601965E-30));
#2413=CARTESIAN_POINT('Origin',(8.302775637732,21.,-1.02545808986302E-29));
#2414=CARTESIAN_POINT('',(8.302775637732,20.,1.));
#2415=CARTESIAN_POINT('',(7.74807544150676,20.1679497056622,1.));
#2416=CARTESIAN_POINT('Origin',(-145.,20.,-1.71542089361131E-29));
#2417=CARTESIAN_POINT('',(-101.25,20.,-1.50726089284545E-29));
#2418=CARTESIAN_POINT('Origin',(8.30277563773197,29.,1.));
#2419=CARTESIAN_POINT('',(8.30277563773197,30.,-1.38044549721247E-29));
#2420=CARTESIAN_POINT('',(8.30277563773197,30.,1.));
#2421=CARTESIAN_POINT('',(7.74807544150676,29.8320502943379,-1.37646028121666E-29));
#2422=CARTESIAN_POINT('Origin',(8.30277563773197,29.,-1.34100245195142E-29));
#2423=CARTESIAN_POINT('',(7.74807544150676,29.8320502943379,1.));
#2424=CARTESIAN_POINT('Origin',(7.99999999999999,30.,2.));
#2425=CARTESIAN_POINT('',(6.7519245584932,29.1679497056622,-1.35500576063554E-29));
#2426=CARTESIAN_POINT('',(-15.8269230769236,14.1153846153849,-8.68715621709522E-30));
#2427=CARTESIAN_POINT('',(6.75192455849321,29.1679497056622,2.));
#2428=CARTESIAN_POINT('Origin',(6.19722436226799,30.,2.));
#2429=CARTESIAN_POINT('',(6.197224362268,29.,-1.35102054463972E-29));
#2430=CARTESIAN_POINT('Origin',(6.19722436226799,30.,-1.39046358990077E-29));
#2431=CARTESIAN_POINT('',(6.197224362268,29.,2.));
#2432=CARTESIAN_POINT('Origin',(-2.197224362268,30.,2.));
#2433=CARTESIAN_POINT('',(-2.197224362268,29.,-1.39096085213523E-29));
#2434=CARTESIAN_POINT('',(-2.197224362268,29.,2.));
#2435=CARTESIAN_POINT('',(-2.75192455849324,29.1679497056622,1.38777878078131E-16));
#2436=CARTESIAN_POINT('Origin',(-2.197224362268,30.,-1.43040389739628E-29));
#2437=CARTESIAN_POINT('',(-2.75192455849324,29.1679497056622,2.));
#2438=CARTESIAN_POINT('Origin',(6.49999999999999,29.,2.));
#2439=CARTESIAN_POINT('',(-25.5,28.9999999999999,-1.5018341274403E-29));
#2440=CARTESIAN_POINT('Origin',(-4.30277563773199,29.,1.));
#2441=CARTESIAN_POINT('',(-3.74807544150676,29.8320502943378,1.38777878078131E-16));
#2442=CARTESIAN_POINT('',(-4.30277563773199,30.,-1.44042199008458E-29));
#2443=CARTESIAN_POINT('Origin',(-4.30277563773199,29.,-1.40097894482353E-29));
#2444=CARTESIAN_POINT('',(-4.30277563773199,30.,1.));
#2445=CARTESIAN_POINT('',(-3.74807544150677,29.8320502943378,1.));
#2446=CARTESIAN_POINT('Origin',(30.,30.,-1.27721134315837E-29));
#2447=CARTESIAN_POINT('',(-61.697224362268,30.,-1.71350149843785E-29));
#2448=CARTESIAN_POINT('',(-18.75,30.,-1.50916105829748E-29));
#2449=CARTESIAN_POINT('',(-61.697224362268,30.,1.));
#2450=CARTESIAN_POINT('Origin',(-61.697224362268,29.,1.));
#2451=CARTESIAN_POINT('',(-62.2519245584933,29.8320502943378,-1.70951628244203E-29));
#2452=CARTESIAN_POINT('Origin',(-61.697224362268,29.,-1.6740584531768E-29));
#2453=CARTESIAN_POINT('',(-62.2519245584933,29.8320502943378,1.));
#2454=CARTESIAN_POINT('Origin',(-62.,30.,2.));
#2455=CARTESIAN_POINT('',(-63.2480754415068,29.1679497056622,-1.68806176186092E-29));
#2456=CARTESIAN_POINT('',(-61.5961538461538,30.2692307692308,-1.7236398921123E-29));
#2457=CARTESIAN_POINT('',(-63.2480754415068,29.1679497056622,2.));
#2458=CARTESIAN_POINT('Origin',(-63.802775637732,30.,2.));
#2459=CARTESIAN_POINT('',(-63.802775637732,29.,-1.6840765458651E-29));
#2460=CARTESIAN_POINT('Origin',(-63.802775637732,30.,-1.72351959112615E-29));
#2461=CARTESIAN_POINT('',(-63.802775637732,29.,2.));
#2462=CARTESIAN_POINT('Origin',(-72.197224362268,30.,2.));
#2463=CARTESIAN_POINT('',(-72.197224362268,29.,-1.7240168533606E-29));
#2464=CARTESIAN_POINT('',(-72.197224362268,29.,2.));
#2465=CARTESIAN_POINT('',(-72.7519245584932,29.1679497056622,1.38777878078128E-16));
#2466=CARTESIAN_POINT('Origin',(-72.197224362268,30.,-1.76345989862165E-29));
#2467=CARTESIAN_POINT('',(-72.7519245584932,29.1679497056622,2.));
#2468=CARTESIAN_POINT('Origin',(-63.5,29.,2.));
#2469=CARTESIAN_POINT('',(-60.5,29.0000000000001,-1.66836212805299E-29));
#2470=CARTESIAN_POINT('Origin',(-74.302775637732,29.,1.));
#2471=CARTESIAN_POINT('',(-73.7480754415068,29.8320502943378,1.38777878078127E-16));
#2472=CARTESIAN_POINT('',(-74.302775637732,30.,-1.77347799130995E-29));
#2473=CARTESIAN_POINT('Origin',(-74.302775637732,29.,-1.7340349460489E-29));
#2474=CARTESIAN_POINT('',(-74.302775637732,30.,1.));
#2475=CARTESIAN_POINT('',(-73.7480754415068,29.8320502943378,1.));
#2476=CARTESIAN_POINT('Origin',(30.,30.,-1.27721134315837E-29));
#2477=CARTESIAN_POINT('',(-131.697224362268,30.,-2.04655749966322E-29));
#2478=CARTESIAN_POINT('',(-18.75,30.,-1.50916105829748E-29));
#2479=CARTESIAN_POINT('',(-131.697224362268,30.,1.));
#2480=CARTESIAN_POINT('Origin',(-131.697224362268,29.,1.));
#2481=CARTESIAN_POINT('',(-132.251924558493,29.8320502943379,-2.04257228366741E-29));
#2482=CARTESIAN_POINT('Origin',(-131.697224362268,29.,-2.00711445440217E-29));
#2483=CARTESIAN_POINT('',(-132.251924558493,29.8320502943379,1.));
#2484=CARTESIAN_POINT('Origin',(-132.,30.,2.));
#2485=CARTESIAN_POINT('',(-133.248075441507,29.1679497056622,-2.02111776308629E-29));
#2486=CARTESIAN_POINT('',(-107.365384615384,46.4230769230767,-2.57856416251508E-29));
#2487=CARTESIAN_POINT('',(-133.248075441507,29.1679497056622,2.));
#2488=CARTESIAN_POINT('Origin',(-133.802775637732,30.,2.));
#2489=CARTESIAN_POINT('',(-133.802775637732,29.,-2.01713254709047E-29));
#2490=CARTESIAN_POINT('Origin',(-133.802775637732,30.,-2.05657559235152E-29));
#2491=CARTESIAN_POINT('',(-133.802775637732,29.,2.));
#2492=CARTESIAN_POINT('Origin',(-142.197224362268,30.,2.));
#2493=CARTESIAN_POINT('',(-142.197224362268,29.,-2.05707285458598E-29));
#2494=CARTESIAN_POINT('',(-142.197224362268,29.,2.));
#2495=CARTESIAN_POINT('',(-142.751924558493,29.1679497056621,1.38777878078124E-16));
#2496=CARTESIAN_POINT('Origin',(-142.197224362268,30.,-2.09651589984703E-29));
#2497=CARTESIAN_POINT('',(-142.751924558493,29.1679497056622,2.));
#2498=CARTESIAN_POINT('Origin',(-133.5,29.,2.));
#2499=CARTESIAN_POINT('',(-95.5,29.0000000000002,-1.83489012866568E-29));
#2500=CARTESIAN_POINT('Origin',(-144.302775637732,29.,1.));
#2501=CARTESIAN_POINT('',(-143.748075441507,29.8320502943379,1.38777878078124E-16));
#2502=CARTESIAN_POINT('',(-144.302775637732,30.,-2.10653399253533E-29));
#2503=CARTESIAN_POINT('Origin',(-144.302775637732,29.,-2.06709094727428E-29));
#2504=CARTESIAN_POINT('',(-144.302775637732,30.,1.));
#2505=CARTESIAN_POINT('',(-143.748075441507,29.8320502943379,1.));
#2506=CARTESIAN_POINT('Origin',(30.,30.,-1.27721134315837E-29));
#2507=CARTESIAN_POINT('',(-145.,30.,-2.10985134622181E-29));
#2508=CARTESIAN_POINT('',(-18.75,30.,-1.50916105829748E-29));
#2509=CARTESIAN_POINT('',(-145.,30.,1.));
#2510=CARTESIAN_POINT('Origin',(-145.,21.,1.));
#2511=CARTESIAN_POINT('',(-146.,21.,-1.75962188174701E-29));
#2512=CARTESIAN_POINT('',(-145.,20.,-1.71542089361131E-29));
#2513=CARTESIAN_POINT('Origin',(-145.,21.,-1.75486393887236E-29));
#2514=CARTESIAN_POINT('',(-145.,20.,1.));
#2515=CARTESIAN_POINT('',(-146.,21.,1.));
#2516=CARTESIAN_POINT('Origin',(-145.,20.,-1.71542089361131E-29));
#2517=CARTESIAN_POINT('',(30.,20.,-8.82780890547868E-30));
#2518=CARTESIAN_POINT('Origin',(-145.,29.,1.));
#2519=CARTESIAN_POINT('',(-146.,29.,-2.07516624383541E-29));
#2520=CARTESIAN_POINT('Origin',(-145.,29.,-2.07040830096076E-29));
#2521=CARTESIAN_POINT('',(-146.,29.,1.));
#2522=CARTESIAN_POINT('Origin',(-146.,20.,2.));
#2523=CARTESIAN_POINT('',(-146.,30.,-2.11460928909646E-29));
#2524=CARTESIAN_POINT('Origin',(-63.5,21.,2.));
#2525=CARTESIAN_POINT('',(-62.3461538461539,20.2307692307693,-1.38777878078158E-16));
#2526=CARTESIAN_POINT('Origin',(-142.5,29.,2.));
#2527=CARTESIAN_POINT('',(-112.153846153846,8.7692307692307,1.38777878078134E-16));
#2528=CARTESIAN_POINT('Origin',(-2.5,29.,2.));
#2529=CARTESIAN_POINT('',(-20.6153846153846,41.0769230769231,1.38777878078125E-16));
#2530=CARTESIAN_POINT('Origin',(-72.5,29.,2.));
#2531=CARTESIAN_POINT('',(-66.3846153846154,24.9230769230769,1.3877787807813E-16));
#2532=CARTESIAN_POINT('Origin',(6.49999999999999,21.,2.));
#2533=CARTESIAN_POINT('',(-16.5769230769229,36.3846153846155,-1.38777878078163E-16));
#2534=CARTESIAN_POINT('Origin',(30.,30.,-1.27721134315837E-29));
#2535=CARTESIAN_POINT('',(20.,30.,1.94289029309401E-15));
#2536=CARTESIAN_POINT('',(20.,30.,-1.));
#2537=CARTESIAN_POINT('',(-18.75,30.,-1.50916105829748E-29));
#2538=CARTESIAN_POINT('Origin',(-145.,20.,-1.71542089361131E-29));
#2539=CARTESIAN_POINT('',(30.,20.,-8.82780890547868E-30));
#2540=CARTESIAN_POINT('Origin',(-57.5,25.,-1.49631611838484E-29));
#2541=CARTESIAN_POINT('',(30.,30.,-1.27721134315837E-29));
#2542=CARTESIAN_POINT('',(-18.75,30.,-1.50916105829748E-29));
#2543=CARTESIAN_POINT('',(30.,34.,-1.43498352420258E-29));
#2544=CARTESIAN_POINT('Origin',(30.,20.,-8.82780890547868E-30));
#2545=CARTESIAN_POINT('',(30.,30.,-1.27721134315837E-29));
#2546=CARTESIAN_POINT('Origin',(25.000000372529,34.,-6.00000008940697));
#2547=CARTESIAN_POINT('',(26.600000372529,34.,-6.00000008940697));
#2548=CARTESIAN_POINT('Origin',(25.000000372529,34.,-6.00000008940697));
#2549=CARTESIAN_POINT('',(26.600000372529,32.,-6.00000008940697));
#2550=CARTESIAN_POINT('',(26.600000372529,34.,-6.00000008940697));
#2551=CARTESIAN_POINT('Origin',(25.000000372529,32.,-6.00000008940697));
#2552=CARTESIAN_POINT('Origin',(22.,32.,-9.00000000000001));
#2553=CARTESIAN_POINT('',(20.,34.,-9.00000000000001));
#2554=CARTESIAN_POINT('',(22.,34.,-11.));
#2555=CARTESIAN_POINT('Origin',(22.,34.,-9.00000000000001));
#2556=CARTESIAN_POINT('',(22.,32.,-11.));
#2557=CARTESIAN_POINT('',(22.,32.,-11.));
#2558=CARTESIAN_POINT('',(20.,32.,-9.));
#2559=CARTESIAN_POINT('Origin',(22.,32.,-9.00000000000001));
#2560=CARTESIAN_POINT('',(20.,32.,-9.00000000000001));
#2561=CARTESIAN_POINT('Origin',(20.,32.,-11.));
#2562=CARTESIAN_POINT('',(20.,32.,-2.));
#2563=CARTESIAN_POINT('',(20.,32.,7.04778684233861));
#2564=CARTESIAN_POINT('',(20.,34.,-2.));
#2565=CARTESIAN_POINT('',(20.,32.44,-2.));
#2566=CARTESIAN_POINT('',(20.,34.,-2.));
#2567=CARTESIAN_POINT('Origin',(25.,32.,-4.23805328941535));
#2568=CARTESIAN_POINT('',(28.,32.,-11.));
#2569=CARTESIAN_POINT('',(20.,32.,-11.));
#2570=CARTESIAN_POINT('',(30.,32.,-9.00000000000001));
#2571=CARTESIAN_POINT('Origin',(28.,32.,-9.00000000000001));
#2572=CARTESIAN_POINT('',(30.,32.,-2.));
#2573=CARTESIAN_POINT('',(30.,32.,7.04778684233861));
#2574=CARTESIAN_POINT('',(25.,32.,-2.));
#2575=CARTESIAN_POINT('Origin',(28.,32.,-9.00000000000001));
#2576=CARTESIAN_POINT('',(28.,34.,-11.));
#2577=CARTESIAN_POINT('',(30.,34.,-9.00000000000001));
#2578=CARTESIAN_POINT('Origin',(28.,34.,-9.00000000000001));
#2579=CARTESIAN_POINT('',(30.,32.,-9.00000000000001));
#2580=CARTESIAN_POINT('',(28.,32.,-11.));
#2581=CARTESIAN_POINT('Origin',(30.,32.,2.5238934211693));
#2582=CARTESIAN_POINT('',(30.,34.,-2.));
#2583=CARTESIAN_POINT('',(30.,34.,7.04778684233861));
#2584=CARTESIAN_POINT('',(30.,32.44,-2.));
#2585=CARTESIAN_POINT('Origin',(25.,30.,-2.));
#2586=CARTESIAN_POINT('',(25.,34.,-2.));
#2587=CARTESIAN_POINT('Origin',(20.,30.,-2.));
#2588=CARTESIAN_POINT('Origin',(30.,30.,-2.));
#2589=CARTESIAN_POINT('Origin',(20.,32.,-2.));
#2590=CARTESIAN_POINT('Origin',(20.,30.,-2.));
#2591=CARTESIAN_POINT('Origin',(30.,34.,-2.));
#2592=CARTESIAN_POINT('Origin',(30.,30.,-2.));
#2593=CARTESIAN_POINT('Origin',(30.,32.,-11.));
#2594=CARTESIAN_POINT('',(20.,34.,-11.));
#2595=CARTESIAN_POINT('Origin',(25.,30.,-2.));
#2596=CARTESIAN_POINT('Origin',(25.,34.,-4.23805328941535));
#2597=UNCERTAINTY_MEASURE_WITH_UNIT(LENGTH_MEASURE(0.01),#2601,
'DISTANCE_ACCURACY_VALUE',
'Maximum model space distance between geometric entities at asserted c
onnectivities');
#2598=UNCERTAINTY_MEASURE_WITH_UNIT(LENGTH_MEASURE(0.01),#2601,
'DISTANCE_ACCURACY_VALUE',
'Maximum model space distance between geometric entities at asserted c
onnectivities');
#2599=(
GEOMETRIC_REPRESENTATION_CONTEXT(3)
GLOBAL_UNCERTAINTY_ASSIGNED_CONTEXT((#2597))
GLOBAL_UNIT_ASSIGNED_CONTEXT((#2601,#2603,#2604))
REPRESENTATION_CONTEXT('','3D')
);
#2600=(
GEOMETRIC_REPRESENTATION_CONTEXT(3)
GLOBAL_UNCERTAINTY_ASSIGNED_CONTEXT((#2598))
GLOBAL_UNIT_ASSIGNED_CONTEXT((#2601,#2603,#2604))
REPRESENTATION_CONTEXT('','3D')
);
#2601=(
LENGTH_UNIT()
NAMED_UNIT(*)
SI_UNIT(.MILLI.,.METRE.)
);
#2602=(
LENGTH_UNIT()
NAMED_UNIT(*)
SI_UNIT($,.METRE.)
);
#2603=(
NAMED_UNIT(*)
PLANE_ANGLE_UNIT()
SI_UNIT($,.RADIAN.)
);
#2604=(
NAMED_UNIT(*)
SI_UNIT($,.STERADIAN.)
SOLID_ANGLE_UNIT()
);
#2605=SHAPE_DEFINITION_REPRESENTATION(#2606,#2607);
#2606=PRODUCT_DEFINITION_SHAPE('',$,#2609);
#2607=SHAPE_REPRESENTATION('',(#1537),#2599);
#2608=PRODUCT_DEFINITION_CONTEXT('part definition',#2613,'design');
#2609=PRODUCT_DEFINITION('Swing Arm','Swing Arm',#2610,#2608);
#2610=PRODUCT_DEFINITION_FORMATION('',$,#2615);
#2611=PRODUCT_RELATED_PRODUCT_CATEGORY('Swing Arm','Swing Arm',(#2615));
#2612=APPLICATION_PROTOCOL_DEFINITION('international standard',
'automotive_design',2009,#2613);
#2613=APPLICATION_CONTEXT(
'Core Data for Automotive Mechanical Design Process');
#2614=PRODUCT_CONTEXT('part definition',#2613,'mechanical');
#2615=PRODUCT('Swing Arm','Swing Arm',$,(#2614));
#2616=PRESENTATION_STYLE_ASSIGNMENT((#2618));
#2617=PRESENTATION_STYLE_ASSIGNMENT((#2619));
#2618=SURFACE_STYLE_USAGE(.BOTH.,#2620);
#2619=SURFACE_STYLE_USAGE(.BOTH.,#2621);
#2620=SURFACE_SIDE_STYLE('',(#2622));
#2621=SURFACE_SIDE_STYLE('',(#2623));
#2622=SURFACE_STYLE_FILL_AREA(#2624);
#2623=SURFACE_STYLE_FILL_AREA(#2625);
#2624=FILL_AREA_STYLE('Steel - Satin',(#2626));
#2625=FILL_AREA_STYLE('Opaque(66,65,66)',(#2627));
#2626=FILL_AREA_STYLE_COLOUR('Steel - Satin',#2628);
#2627=FILL_AREA_STYLE_COLOUR('Opaque(66,65,66)',#2629);
#2628=COLOUR_RGB('Steel - Satin',0.627450980392157,0.627450980392157,0.627450980392157);
#2629=COLOUR_RGB('Opaque(66,65,66)',0.258823529411765,0.254901960784314,
0.258823529411765);
ENDSEC;
END-ISO-10303-21;
