ISO-10303-21;
HEADER;
/* Generated by software containing ST-Developer
 * from STEP Tools, Inc. (www.steptools.com) 
 */

FILE_DESCRIPTION(
/* description */ (''),
/* implementation_level */ '2;1');

FILE_NAME(
/* name */ 'VORON SwingArm - 2020 Mount.step',
/* time_stamp */ '2025-11-27T00:00:09-08:00',
/* author */ (''),
/* organization */ (''),
/* preprocessor_version */ 'ST-DEVELOPER v20.1',
/* originating_system */ 'Autodesk Translation Framework v14.21.0.0',
/* authorisation */ '');

FILE_SCHEMA (('AUTOMOTIVE_DESIGN { 1 0 10303 214 3 1 1 }'));
ENDSEC;

DATA;
#10=MECHANICAL_DESIGN_GEOMETRIC_PRESENTATION_REPRESENTATION('',(#190,#191,
#192,#193,#194,#195,#196,#197,#198,#199,#200),#12915);
#11=CONTEXT_DEPENDENT_OVER_RIDING_STYLED_ITEM('',(#13042),#12977,#200,(#134,
#131));
#12=CONTEXT_DEPENDENT_OVER_RIDING_STYLED_ITEM('',(#13042),#12976,#200,(#134,
#130));
#13=CONTEXT_DEPENDENT_OVER_RIDING_STYLED_ITEM('',(#13041),#12970,#200,(#133,
#123));
#14=MAPPED_ITEM('',#15,#8058);
#15=REPRESENTATION_MAP(#8058,#12965);
#16=B_SPLINE_SURFACE_WITH_KNOTS('',3,3,((#11737,#11738,#11739,#11740,#11741,
#11742),(#11743,#11744,#11745,#11746,#11747,#11748),(#11749,#11750,#11751,
#11752,#11753,#11754),(#11755,#11756,#11757,#11758,#11759,#11760)),
 .UNSPECIFIED.,.F.,.F.,.F.,(4,4),(4,1,1,4),(-0.00042751983013746,1.),(0.879460546992185,
0.957041519844615,1.0087621684129,1.06048281698119),.UNSPECIFIED.);
#17=B_SPLINE_SURFACE_WITH_KNOTS('',3,3,((#11837,#11838,#11839,#11840,#11841,
#11842),(#11843,#11844,#11845,#11846,#11847,#11848),(#11849,#11850,#11851,
#11852,#11853,#11854),(#11855,#11856,#11857,#11858,#11859,#11860)),
 .UNSPECIFIED.,.F.,.F.,.F.,(4,4),(4,1,1,4),(-8.73297913075045E-9,1.0000000000002),
(1.37554098155377,1.45295268932254,1.50456049450171,1.55616829968089),
 .UNSPECIFIED.);
#18=SPHERICAL_SURFACE('',#7762,2.50823053436198);
#19=SPHERICAL_SURFACE('',#7769,2.72500000000001);
#20=SPHERICAL_SURFACE('',#7827,3.17192226735973);
#21=(
BOUNDED_CURVE()
B_SPLINE_CURVE(2,(#11055,#11056,#11057,#11058),.UNSPECIFIED.,.F.,.F.)
B_SPLINE_CURVE_WITH_KNOTS((3,1,3),(-0.152491501908141,-0.110799097173974,
-0.0909832394674177),.UNSPECIFIED.)
CURVE()
GEOMETRIC_REPRESENTATION_ITEM()
RATIONAL_B_SPLINE_CURVE((3.53299718002692,3.22612302696622,2.74161379165358,
2.58065502724175))
REPRESENTATION_ITEM('')
);
#22=(
BOUNDED_CURVE()
B_SPLINE_CURVE(2,(#11089,#11090,#11091,#11092),.UNSPECIFIED.,.F.,.F.)
B_SPLINE_CURVE_WITH_KNOTS((3,1,3),(-1.40180553463104,-1.39836082082112,
-1.34029727218926),.UNSPECIFIED.)
CURVE()
GEOMETRIC_REPRESENTATION_ITEM()
RATIONAL_B_SPLINE_CURVE((2.58065502724178,2.60863549050545,3.10562431863812,
3.53299718004249))
REPRESENTATION_ITEM('')
);
#23=(
BOUNDED_CURVE()
B_SPLINE_CURVE(2,(#11108,#11109,#11110,#11111),.UNSPECIFIED.,.F.,.F.)
B_SPLINE_CURVE_WITH_KNOTS((3,1,3),(-0.152491501908141,-0.110799097173974,
-0.0909832394674178),.UNSPECIFIED.)
CURVE()
GEOMETRIC_REPRESENTATION_ITEM()
RATIONAL_B_SPLINE_CURVE((3.53299718002692,3.22612302696622,2.74161379165359,
2.58065502724175))
REPRESENTATION_ITEM('')
);
#24=(
BOUNDED_CURVE()
B_SPLINE_CURVE(2,(#11142,#11143,#11144,#11145),.UNSPECIFIED.,.F.,.F.)
B_SPLINE_CURVE_WITH_KNOTS((3,1,3),(-1.40180553463104,-1.39836082082112,
-1.34029727218926),.UNSPECIFIED.)
CURVE()
GEOMETRIC_REPRESENTATION_ITEM()
RATIONAL_B_SPLINE_CURVE((2.58065502724177,2.60863549050544,3.10562431863812,
3.53299718004249))
REPRESENTATION_ITEM('')
);
#25=(
BOUNDED_CURVE()
B_SPLINE_CURVE(2,(#11161,#11162,#11163,#11164),.UNSPECIFIED.,.F.,.F.)
B_SPLINE_CURVE_WITH_KNOTS((3,1,3),(-0.152491501908141,-0.110799097173974,
-0.0909832394674177),.UNSPECIFIED.)
CURVE()
GEOMETRIC_REPRESENTATION_ITEM()
RATIONAL_B_SPLINE_CURVE((3.53299718002692,3.22612302696622,2.74161379165358,
2.58065502724175))
REPRESENTATION_ITEM('')
);
#26=(
BOUNDED_CURVE()
B_SPLINE_CURVE(2,(#11195,#11196,#11197,#11198),.UNSPECIFIED.,.F.,.F.)
B_SPLINE_CURVE_WITH_KNOTS((3,1,3),(-1.40180553463104,-1.39836082082112,
-1.34029727218926),.UNSPECIFIED.)
CURVE()
GEOMETRIC_REPRESENTATION_ITEM()
RATIONAL_B_SPLINE_CURVE((2.58065502724177,2.60863549050544,3.10562431863812,
3.53299718004249))
REPRESENTATION_ITEM('')
);
#27=(
BOUNDED_CURVE()
B_SPLINE_CURVE(2,(#11214,#11215,#11216,#11217),.UNSPECIFIED.,.F.,.F.)
B_SPLINE_CURVE_WITH_KNOTS((3,1,3),(-0.152491501908141,-0.110799097173973,
-0.0909832394674179),.UNSPECIFIED.)
CURVE()
GEOMETRIC_REPRESENTATION_ITEM()
RATIONAL_B_SPLINE_CURVE((3.53299718002691,3.22612302696621,2.74161379165358,
2.58065502724175))
REPRESENTATION_ITEM('')
);
#28=(
BOUNDED_CURVE()
B_SPLINE_CURVE(2,(#11248,#11249,#11250,#11251),.UNSPECIFIED.,.F.,.F.)
B_SPLINE_CURVE_WITH_KNOTS((3,1,3),(-1.40180553463104,-1.39836082082112,
-1.34029727218926),.UNSPECIFIED.)
CURVE()
GEOMETRIC_REPRESENTATION_ITEM()
RATIONAL_B_SPLINE_CURVE((2.58065502724177,2.60863549050544,3.10562431863812,
3.53299718004249))
REPRESENTATION_ITEM('')
);
#29=(
BOUNDED_CURVE()
B_SPLINE_CURVE(2,(#11281,#11282,#11283,#11284),.UNSPECIFIED.,.F.,.F.)
B_SPLINE_CURVE_WITH_KNOTS((3,1,3),(1.31059733032427,1.36442158752039,1.37079527993009),
 .UNSPECIFIED.)
CURVE()
GEOMETRIC_REPRESENTATION_ITEM()
RATIONAL_B_SPLINE_CURVE((3.45804323708447,3.06183792062705,2.57768178973543,
2.52590540253583))
REPRESENTATION_ITEM('')
);
#30=(
BOUNDED_CURVE()
B_SPLINE_CURVE(2,(#11314,#11315,#11316,#11317),.UNSPECIFIED.,.F.,.F.)
B_SPLINE_CURVE_WITH_KNOTS((3,1,3),(0.0878974815810543,0.106479198213089,
0.148095431186138),.UNSPECIFIED.)
CURVE()
GEOMETRIC_REPRESENTATION_ITEM()
RATIONAL_B_SPLINE_CURVE((2.52590540253539,2.67685309397226,3.1517023117392,
3.45804323707321))
REPRESENTATION_ITEM('')
);
#31=(
BOUNDED_CURVE()
B_SPLINE_CURVE(2,(#11334,#11335,#11336,#11337),.UNSPECIFIED.,.F.,.F.)
B_SPLINE_CURVE_WITH_KNOTS((3,1,3),(1.31059733032427,1.36442158752039,1.37079527993009),
 .UNSPECIFIED.)
CURVE()
GEOMETRIC_REPRESENTATION_ITEM()
RATIONAL_B_SPLINE_CURVE((3.45804323708446,3.06183792062704,2.57768178973542,
2.52590540253582))
REPRESENTATION_ITEM('')
);
#32=(
BOUNDED_CURVE()
B_SPLINE_CURVE(2,(#11367,#11368,#11369,#11370),.UNSPECIFIED.,.F.,.F.)
B_SPLINE_CURVE_WITH_KNOTS((3,1,3),(0.0878974815810544,0.106479198213089,
0.148095431186139),.UNSPECIFIED.)
CURVE()
GEOMETRIC_REPRESENTATION_ITEM()
RATIONAL_B_SPLINE_CURVE((2.52590540253539,2.67685309397225,3.15170231173919,
3.4580432370732))
REPRESENTATION_ITEM('')
);
#33=(
BOUNDED_CURVE()
B_SPLINE_CURVE(2,(#11386,#11387,#11388,#11389),.UNSPECIFIED.,.F.,.F.)
B_SPLINE_CURVE_WITH_KNOTS((3,1,3),(1.31059733032427,1.36442158752039,1.37079527993009),
 .UNSPECIFIED.)
CURVE()
GEOMETRIC_REPRESENTATION_ITEM()
RATIONAL_B_SPLINE_CURVE((3.45804323708446,3.06183792062704,2.57768178973542,
2.52590540253582))
REPRESENTATION_ITEM('')
);
#34=(
BOUNDED_CURVE()
B_SPLINE_CURVE(2,(#11419,#11420,#11421,#11422),.UNSPECIFIED.,.F.,.F.)
B_SPLINE_CURVE_WITH_KNOTS((3,1,3),(0.0878974815810541,0.106479198213089,
0.148095431186138),.UNSPECIFIED.)
CURVE()
GEOMETRIC_REPRESENTATION_ITEM()
RATIONAL_B_SPLINE_CURVE((2.52590540253539,2.67685309397226,3.1517023117392,
3.4580432370732))
REPRESENTATION_ITEM('')
);
#35=(
BOUNDED_CURVE()
B_SPLINE_CURVE(2,(#11439,#11440,#11441,#11442),.UNSPECIFIED.,.F.,.F.)
B_SPLINE_CURVE_WITH_KNOTS((3,1,3),(1.31059733032427,1.36442158752039,1.37079527993009),
 .UNSPECIFIED.)
CURVE()
GEOMETRIC_REPRESENTATION_ITEM()
RATIONAL_B_SPLINE_CURVE((3.45804323708446,3.06183792062704,2.57768178973542,
2.52590540253582))
REPRESENTATION_ITEM('')
);
#36=(
BOUNDED_CURVE()
B_SPLINE_CURVE(2,(#11472,#11473,#11474,#11475),.UNSPECIFIED.,.F.,.F.)
B_SPLINE_CURVE_WITH_KNOTS((3,1,3),(0.0878974815810544,0.106479198213089,
0.148095431186139),.UNSPECIFIED.)
CURVE()
GEOMETRIC_REPRESENTATION_ITEM()
RATIONAL_B_SPLINE_CURVE((2.52590540253539,2.67685309397225,3.15170231173919,
3.4580432370732))
REPRESENTATION_ITEM('')
);
#37=(
BOUNDED_CURVE()
B_SPLINE_CURVE(2,(#11926,#11927,#11928),.UNSPECIFIED.,.F.,.F.)
B_SPLINE_CURVE_WITH_KNOTS((3,3),(0.124274873543865,0.321867155116299),
 .UNSPECIFIED.)
CURVE()
GEOMETRIC_REPRESENTATION_ITEM()
RATIONAL_B_SPLINE_CURVE((1.46410161513777,1.69059892324148,1.46410161513777))
REPRESENTATION_ITEM('')
);
#38=(
BOUNDED_CURVE()
B_SPLINE_CURVE(2,(#11951,#11952,#11953),.UNSPECIFIED.,.F.,.F.)
B_SPLINE_CURVE_WITH_KNOTS((3,3),(-0.3218671551163,-0.124274873543865),
 .UNSPECIFIED.)
CURVE()
GEOMETRIC_REPRESENTATION_ITEM()
RATIONAL_B_SPLINE_CURVE((1.46410161513778,1.69059892324148,1.46410161513778))
REPRESENTATION_ITEM('')
);
#39=(
BOUNDED_CURVE()
B_SPLINE_CURVE(2,(#11955,#11956,#11957),.UNSPECIFIED.,.F.,.F.)
B_SPLINE_CURVE_WITH_KNOTS((3,3),(-0.3218671551163,-0.124274873543865),
 .UNSPECIFIED.)
CURVE()
GEOMETRIC_REPRESENTATION_ITEM()
RATIONAL_B_SPLINE_CURVE((1.46410161513778,1.69059892324148,1.46410161513778))
REPRESENTATION_ITEM('')
);
#40=(
BOUNDED_CURVE()
B_SPLINE_CURVE(2,(#11959,#11960,#11961),.UNSPECIFIED.,.F.,.F.)
B_SPLINE_CURVE_WITH_KNOTS((3,3),(-0.3218671551163,-0.124274873543865),
 .UNSPECIFIED.)
CURVE()
GEOMETRIC_REPRESENTATION_ITEM()
RATIONAL_B_SPLINE_CURVE((1.46410161513777,1.69059892324148,1.46410161513777))
REPRESENTATION_ITEM('')
);
#41=(
BOUNDED_CURVE()
B_SPLINE_CURVE(2,(#11963,#11964,#11965),.UNSPECIFIED.,.F.,.F.)
B_SPLINE_CURVE_WITH_KNOTS((3,3),(-0.321867155116299,-0.124274873543865),
 .UNSPECIFIED.)
CURVE()
GEOMETRIC_REPRESENTATION_ITEM()
RATIONAL_B_SPLINE_CURVE((1.46410161513778,1.69059892324148,1.46410161513778))
REPRESENTATION_ITEM('')
);
#42=(
BOUNDED_CURVE()
B_SPLINE_CURVE(2,(#11967,#11968,#11969),.UNSPECIFIED.,.F.,.F.)
B_SPLINE_CURVE_WITH_KNOTS((3,3),(-0.321867155116299,-0.124274873543865),
 .UNSPECIFIED.)
CURVE()
GEOMETRIC_REPRESENTATION_ITEM()
RATIONAL_B_SPLINE_CURVE((1.46410161513778,1.69059892324148,1.46410161513778))
REPRESENTATION_ITEM('')
);
#43=CONICAL_SURFACE('',#7704,4.,0.950546840812075);
#44=CONICAL_SURFACE('',#7708,3.3,0.950546840812073);
#45=CONICAL_SURFACE('',#7718,3.3,1.31347261182381);
#46=CONICAL_SURFACE('',#7726,1.4,1.31347261182381);
#47=CONICAL_SURFACE('',#7764,1.5,0.261799387799152);
#48=CONICAL_SURFACE('',#7784,1.743,0.785398163397448);
#49=CONICAL_SURFACE('',#7787,1.743,0.785398163397448);
#50=CONICAL_SURFACE('',#7794,1.743,0.785398163397448);
#51=CONICAL_SURFACE('',#7816,1.35,0.785398163397448);
#52=CONICAL_SURFACE('',#7822,1.15470053837925,0.78539816339745);
#53=CONICAL_SURFACE('',#7836,1.15470053837925,0.78539816339745);
#54=CONICAL_SURFACE('',#7837,1.15470053837925,0.78539816339745);
#55=CONICAL_SURFACE('',#7838,1.15470053837925,0.78539816339745);
#56=CONICAL_SURFACE('',#7839,1.15470053837925,0.78539816339745);
#57=CONICAL_SURFACE('',#7840,1.15470053837925,0.78539816339745);
#58=B_SPLINE_CURVE_WITH_KNOTS('',3,(#10895,#10896,#10897,#10898,#10899,
#10900,#10901,#10902,#10903,#10904,#10905,#10906,#10907),.UNSPECIFIED.,
 .F.,.F.,(4,2,2,2,3,4),(-0.0344804935410317,-0.0260324431964004,-0.0175843928517692,
-0.00879219642588461,0.,0.00746560959232684),.UNSPECIFIED.);
#59=B_SPLINE_CURVE_WITH_KNOTS('',3,(#10911,#10912,#10913,#10914,#10915,
#10916,#10917,#10918,#10919,#10920,#10921,#10922,#10923),.UNSPECIFIED.,
 .F.,.F.,(4,3,2,2,2,4),(0.145887519250314,0.153353128842641,0.162145325268525,
0.17093752169441,0.179385572039041,0.187833622383672),.UNSPECIFIED.);
#60=B_SPLINE_CURVE_WITH_KNOTS('',3,(#10928,#10929,#10930,#10931,#10932,
#10933,#10934,#10935,#10936,#10937,#10938,#10939,#10940),.UNSPECIFIED.,
 .F.,.F.,(4,2,2,2,3,4),(-0.0344804935410317,-0.0260324431964004,-0.0175843928517692,
-0.00879219642588461,0.,0.00746560959232684),.UNSPECIFIED.);
#61=B_SPLINE_CURVE_WITH_KNOTS('',3,(#10944,#10945,#10946,#10947,#10948,
#10949,#10950,#10951,#10952,#10953,#10954,#10955,#10956),.UNSPECIFIED.,
 .F.,.F.,(4,3,2,2,2,4),(0.145887519250314,0.153353128842641,0.162145325268526,
0.17093752169441,0.179385572039041,0.187833622383673),.UNSPECIFIED.);
#62=B_SPLINE_CURVE_WITH_KNOTS('',3,(#10961,#10962,#10963,#10964,#10965,
#10966,#10967,#10968,#10969,#10970,#10971,#10972,#10973),.UNSPECIFIED.,
 .F.,.F.,(4,2,2,2,3,4),(-0.0344804935410317,-0.0260324431964004,-0.0175843928517692,
-0.00879219642588461,0.,0.00746560959232681),.UNSPECIFIED.);
#63=B_SPLINE_CURVE_WITH_KNOTS('',3,(#10977,#10978,#10979,#10980,#10981,
#10982,#10983,#10984,#10985,#10986,#10987,#10988,#10989),.UNSPECIFIED.,
 .F.,.F.,(4,3,2,2,2,4),(0.145887519250314,0.153353128842641,0.162145325268525,
0.17093752169441,0.179385572039041,0.187833622383672),.UNSPECIFIED.);
#64=B_SPLINE_CURVE_WITH_KNOTS('',3,(#10994,#10995,#10996,#10997,#10998,
#10999,#11000,#11001,#11002,#11003,#11004,#11005,#11006),.UNSPECIFIED.,
 .F.,.F.,(4,2,2,2,3,4),(-0.0344804935410317,-0.0260324431964004,-0.0175843928517692,
-0.00879219642588461,0.,0.00746560959232684),.UNSPECIFIED.);
#65=B_SPLINE_CURVE_WITH_KNOTS('',3,(#11010,#11011,#11012,#11013,#11014,
#11015,#11016,#11017,#11018,#11019,#11020,#11021,#11022),.UNSPECIFIED.,
 .F.,.F.,(4,3,2,2,2,4),(0.145887519250314,0.153353128842641,0.162145325268526,
0.17093752169441,0.179385572039041,0.187833622383673),.UNSPECIFIED.);
#66=B_SPLINE_CURVE_WITH_KNOTS('',3,(#11060,#11061,#11062,#11063,#11064,
#11065,#11066,#11067,#11068,#11069,#11070,#11071),.UNSPECIFIED.,.F.,.F.,
(4,2,2,2,2,4),(0.0668415018351448,0.0717145610599658,0.082010556353644,
0.0923065516473223,0.102405165404026,0.11250377916073),.UNSPECIFIED.);
#67=B_SPLINE_CURVE_WITH_KNOTS('',3,(#11075,#11076,#11077,#11078,#11079,
#11080,#11081,#11082,#11083,#11084,#11085,#11086,#11087),.UNSPECIFIED.,
 .F.,.F.,(4,2,2,2,3,4),(0.11250377916073,0.122602392917434,0.132701006674138,
0.142997001967816,0.153292997261494,0.158166056486315),.UNSPECIFIED.);
#68=B_SPLINE_CURVE_WITH_KNOTS('',3,(#11094,#11095,#11096,#11097,#11098,
#11099,#11100,#11101,#11102,#11103,#11104,#11105),.UNSPECIFIED.,.F.,.F.,
(4,2,2,2,2,4),(-0.0764265966743902,-0.0689609870820633,-0.0601687906561787,
-0.0513765942302941,-0.0429285438856629,-0.0344804935410317),
 .UNSPECIFIED.);
#69=B_SPLINE_CURVE_WITH_KNOTS('',3,(#11113,#11114,#11115,#11116,#11117,
#11118,#11119,#11120,#11121,#11122,#11123,#11124),.UNSPECIFIED.,.F.,.F.,
(4,2,2,2,2,4),(0.0668415018351447,0.0717145610599657,0.0820105563536439,
0.0923065516473221,0.102405165404026,0.11250377916073),.UNSPECIFIED.);
#70=B_SPLINE_CURVE_WITH_KNOTS('',3,(#11128,#11129,#11130,#11131,#11132,
#11133,#11134,#11135,#11136,#11137,#11138,#11139,#11140),.UNSPECIFIED.,
 .F.,.F.,(4,2,2,2,3,4),(0.11250377916073,0.122602392917434,0.132701006674138,
0.142997001967816,0.153292997261494,0.158166056486315),.UNSPECIFIED.);
#71=B_SPLINE_CURVE_WITH_KNOTS('',3,(#11147,#11148,#11149,#11150,#11151,
#11152,#11153,#11154,#11155,#11156,#11157,#11158),.UNSPECIFIED.,.F.,.F.,
(4,2,2,2,2,4),(-0.0764265966743902,-0.0689609870820633,-0.0601687906561787,
-0.0513765942302941,-0.0429285438856628,-0.0344804935410316),
 .UNSPECIFIED.);
#72=B_SPLINE_CURVE_WITH_KNOTS('',3,(#11166,#11167,#11168,#11169,#11170,
#11171,#11172,#11173,#11174,#11175,#11176,#11177),.UNSPECIFIED.,.F.,.F.,
(4,2,2,2,2,4),(0.0668415018351449,0.0717145610599658,0.082010556353644,
0.0923065516473223,0.102405165404026,0.11250377916073),.UNSPECIFIED.);
#73=B_SPLINE_CURVE_WITH_KNOTS('',3,(#11181,#11182,#11183,#11184,#11185,
#11186,#11187,#11188,#11189,#11190,#11191,#11192,#11193),.UNSPECIFIED.,
 .F.,.F.,(4,2,2,2,3,4),(0.11250377916073,0.122602392917434,0.132701006674138,
0.142997001967816,0.153292997261494,0.158166056486315),.UNSPECIFIED.);
#74=B_SPLINE_CURVE_WITH_KNOTS('',3,(#11200,#11201,#11202,#11203,#11204,
#11205,#11206,#11207,#11208,#11209,#11210,#11211),.UNSPECIFIED.,.F.,.F.,
(4,2,2,2,2,4),(-0.0764265966743902,-0.0689609870820633,-0.0601687906561787,
-0.0513765942302941,-0.0429285438856629,-0.0344804935410317),
 .UNSPECIFIED.);
#75=B_SPLINE_CURVE_WITH_KNOTS('',3,(#11219,#11220,#11221,#11222,#11223,
#11224,#11225,#11226,#11227,#11228,#11229,#11230),.UNSPECIFIED.,.F.,.F.,
(4,2,2,2,2,4),(0.0668415018351448,0.0717145610599657,0.0820105563536439,
0.0923065516473222,0.102405165404026,0.11250377916073),.UNSPECIFIED.);
#76=B_SPLINE_CURVE_WITH_KNOTS('',3,(#11234,#11235,#11236,#11237,#11238,
#11239,#11240,#11241,#11242,#11243,#11244,#11245,#11246),.UNSPECIFIED.,
 .F.,.F.,(4,2,2,2,3,4),(0.11250377916073,0.122602392917434,0.132701006674138,
0.142997001967816,0.153292997261494,0.158166056486315),.UNSPECIFIED.);
#77=B_SPLINE_CURVE_WITH_KNOTS('',3,(#11252,#11253,#11254,#11255,#11256,
#11257,#11258,#11259,#11260,#11261,#11262,#11263),.UNSPECIFIED.,.F.,.F.,
(4,2,2,2,2,4),(-0.0764265966743911,-0.0689609870820633,-0.0601687906561787,
-0.0513765942302941,-0.0429285438856629,-0.0344804935410317),
 .UNSPECIFIED.);
#78=B_SPLINE_CURVE_WITH_KNOTS('',3,(#11268,#11269,#11270,#11271,#11272,
#11273,#11274,#11275,#11276,#11277,#11278,#11279),.UNSPECIFIED.,.F.,.F.,
(4,2,2,2,2,4),(0.0344804935410317,0.0429285438856629,0.0513765942302941,
0.0601687906561787,0.0689609870820633,0.0764265966743902),.UNSPECIFIED.);
#79=B_SPLINE_CURVE_WITH_KNOTS('',3,(#11286,#11287,#11288,#11289,#11290,
#11291,#11292,#11293,#11294,#11295,#11296,#11297,#11298),.UNSPECIFIED.,
 .F.,.F.,(4,3,2,2,2,4),(-0.00487305922482096,0.,0.0102959952936783,0.0205919905873565,
0.0306906043440604,0.0407892181007644),.UNSPECIFIED.);
#80=B_SPLINE_CURVE_WITH_KNOTS('',3,(#11302,#11303,#11304,#11305,#11306,
#11307,#11308,#11309,#11310,#11311,#11312,#11313),.UNSPECIFIED.,.F.,.F.,
(4,2,2,2,2,4),(-0.11250377916073,-0.102405165404026,-0.0923065516473222,
-0.082010556353644,-0.0717145610599658,-0.0668415018351448),
 .UNSPECIFIED.);
#81=B_SPLINE_CURVE_WITH_KNOTS('',3,(#11321,#11322,#11323,#11324,#11325,
#11326,#11327,#11328,#11329,#11330,#11331,#11332),.UNSPECIFIED.,.F.,.F.,
(4,2,2,2,2,4),(0.0344804935410317,0.0429285438856629,0.0513765942302941,
0.0601687906561787,0.0689609870820633,0.0764265966743902),.UNSPECIFIED.);
#82=B_SPLINE_CURVE_WITH_KNOTS('',3,(#11339,#11340,#11341,#11342,#11343,
#11344,#11345,#11346,#11347,#11348,#11349,#11350,#11351),.UNSPECIFIED.,
 .F.,.F.,(4,3,2,2,2,4),(-0.00487305922482105,0.,0.0102959952936782,0.0205919905873564,
0.0306906043440603,0.0407892181007643),.UNSPECIFIED.);
#83=B_SPLINE_CURVE_WITH_KNOTS('',3,(#11355,#11356,#11357,#11358,#11359,
#11360,#11361,#11362,#11363,#11364,#11365,#11366),.UNSPECIFIED.,.F.,.F.,
(4,2,2,2,2,4),(-0.11250377916073,-0.102405165404026,-0.0923065516473222,
-0.082010556353644,-0.0717145610599657,-0.0668415018351448),
 .UNSPECIFIED.);
#84=B_SPLINE_CURVE_WITH_KNOTS('',3,(#11373,#11374,#11375,#11376,#11377,
#11378,#11379,#11380,#11381,#11382,#11383,#11384),.UNSPECIFIED.,.F.,.F.,
(4,2,2,2,2,4),(0.0344804935410316,0.0429285438856629,0.0513765942302941,
0.0601687906561787,0.0689609870820633,0.0764265966743901),.UNSPECIFIED.);
#85=B_SPLINE_CURVE_WITH_KNOTS('',3,(#11391,#11392,#11393,#11394,#11395,
#11396,#11397,#11398,#11399,#11400,#11401,#11402,#11403),.UNSPECIFIED.,
 .F.,.F.,(4,3,2,2,2,4),(-0.00487305922482103,0.,0.0102959952936782,0.0205919905873564,
0.0306906043440604,0.0407892181007643),.UNSPECIFIED.);
#86=B_SPLINE_CURVE_WITH_KNOTS('',3,(#11407,#11408,#11409,#11410,#11411,
#11412,#11413,#11414,#11415,#11416,#11417,#11418),.UNSPECIFIED.,.F.,.F.,
(4,2,2,2,2,4),(-0.11250377916073,-0.102405165404026,-0.0923065516473222,
-0.082010556353644,-0.0717145610599658,-0.0668415018351447),
 .UNSPECIFIED.);
#87=B_SPLINE_CURVE_WITH_KNOTS('',3,(#11426,#11427,#11428,#11429,#11430,
#11431,#11432,#11433,#11434,#11435,#11436,#11437),.UNSPECIFIED.,.F.,.F.,
(4,2,2,2,2,4),(0.0344804935410317,0.0429285438856629,0.0513765942302941,
0.0601687906561787,0.0689609870820633,0.0764265966743902),.UNSPECIFIED.);
#88=B_SPLINE_CURVE_WITH_KNOTS('',3,(#11444,#11445,#11446,#11447,#11448,
#11449,#11450,#11451,#11452,#11453,#11454,#11455,#11456),.UNSPECIFIED.,
 .F.,.F.,(4,3,2,2,2,4),(-0.00487305922482105,0.,0.0102959952936782,0.0205919905873564,
0.0306906043440603,0.0407892181007643),.UNSPECIFIED.);
#89=B_SPLINE_CURVE_WITH_KNOTS('',3,(#11460,#11461,#11462,#11463,#11464,
#11465,#11466,#11467,#11468,#11469,#11470,#11471),.UNSPECIFIED.,.F.,.F.,
(4,2,2,2,2,4),(-0.11250377916073,-0.102405165404026,-0.0923065516473222,
-0.082010556353644,-0.0717145610599657,-0.0668415018351448),
 .UNSPECIFIED.);
#90=B_SPLINE_CURVE_WITH_KNOTS('',3,(#11575,#11576,#11577,#11578),
 .UNSPECIFIED.,.F.,.F.,(4,4),(0.108881436221214,0.125231815531074),
 .UNSPECIFIED.);
#91=B_SPLINE_CURVE_WITH_KNOTS('',3,(#11580,#11581,#11582,#11583,#11584,
#11585,#11586,#11587,#11588,#11589,#11590,#11591,#11592,#11593,#11594,#11595,
#11596,#11597,#11598,#11599,#11600,#11601,#11602,#11603,#11604,#11605,#11606,
#11607,#11608,#11609,#11610,#11611,#11612,#11613,#11614,#11615,#11616,#11617,
#11618,#11619,#11620,#11621,#11622,#11623,#11624,#11625,#11626,#11627,#11628,
#11629,#11630,#11631,#11632,#11633,#11634,#11635,#11636,#11637,#11638,#11639,
#11640,#11641,#11642,#11643,#11644,#11645,#11646,#11647,#11648,#11649),
 .UNSPECIFIED.,.F.,.F.,(4,3,3,3,3,3,3,3,3,3,3,3,3,3,3,3,3,3,3,3,3,3,3,4),
(0.604832856257134,0.619375642727842,0.62082270321637,0.635684024958726,
0.650929347294914,0.666113750141675,0.680948848180123,0.688539031072261,
0.691648060198084,0.694243234704528,0.709263830960349,0.729319087596163,
0.749496273433383,0.754223820307944,0.757134763108067,0.759505126596714,
0.774029360435959,0.779081799551661,0.79386199293527,0.808957739431424,
0.819706162716693,0.824476029370017,0.83774756539416,0.848694891535343),
 .UNSPECIFIED.);
#92=B_SPLINE_CURVE_WITH_KNOTS('',3,(#11651,#11652,#11653,#11654),
 .UNSPECIFIED.,.F.,.F.,(4,4),(-0.125231815531074,-0.108881436220946),
 .UNSPECIFIED.);
#93=B_SPLINE_CURVE_WITH_KNOTS('',3,(#11670,#11671,#11672,#11673),
 .UNSPECIFIED.,.F.,.F.,(4,4),(-0.709723938682717,-0.693373559376444),
 .UNSPECIFIED.);
#94=B_SPLINE_CURVE_WITH_KNOTS('',3,(#11675,#11676,#11677,#11678,#11679,
#11680),.UNSPECIFIED.,.F.,.F.,(4,1,1,4),(0.879460546992185,0.957041519844615,
1.0087621684129,1.06048281698119),.UNSPECIFIED.);
#95=B_SPLINE_CURVE_WITH_KNOTS('',3,(#11681,#11682,#11683,#11684),
 .UNSPECIFIED.,.F.,.F.,(4,4),(-0.943837190438591,-0.927486811132788),
 .UNSPECIFIED.);
#96=B_SPLINE_CURVE_WITH_KNOTS('',3,(#11689,#11690,#11691,#11692,#11693,
#11694,#11695,#11696,#11697,#11698,#11699,#11700,#11701,#11702,#11703,#11704,
#11705,#11706,#11707,#11708,#11709,#11710),.UNSPECIFIED.,.F.,.F.,(4,3,3,
3,3,3,3,4),(-0.0709266780671103,-0.059822780712759,-0.0485800947013848,
-0.0371263064736754,-0.0324818740779636,-0.0197007955512197,-0.00621599062771015,
0.),.UNSPECIFIED.);
#97=B_SPLINE_CURVE_WITH_KNOTS('',3,(#11712,#11713,#11714,#11715,#11716,
#11717,#11718,#11719,#11720,#11721,#11722,#11723,#11724,#11725,#11726,#11727,
#11728,#11729,#11730,#11731,#11732,#11733,#11734,#11735,#11736),
 .UNSPECIFIED.,.F.,.F.,(4,3,3,3,3,3,3,3,4),(-0.0715449481220641,-0.0581174316476367,
-0.0449253835872511,-0.0379843678090769,-0.0258838013822989,-0.0138607863005849,
-0.00270023805067993,-0.00170664092019988,-0.000180219920627295),
 .UNSPECIFIED.);
#98=B_SPLINE_CURVE_WITH_KNOTS('',3,(#11762,#11763,#11764,#11765,#11766,
#11767,#11768,#11769,#11770,#11771,#11772,#11773,#11774,#11775,#11776,#11777,
#11778,#11779,#11780,#11781,#11782,#11783,#11784,#11785,#11786,#11787,#11788,
#11789),.UNSPECIFIED.,.F.,.F.,(4,3,3,3,3,3,3,3,3,4),(-1.01257400269271,
-1.0087621684129,-0.996544886052788,-0.984346641997907,-0.972157914588589,
-0.959967291559117,-0.957041519844615,-0.944750525620635,-0.932439222024138,
-0.927355905438735),.UNSPECIFIED.);
#99=B_SPLINE_CURVE_WITH_KNOTS('',3,(#11790,#11791,#11792,#11793,#11794,
#11795),.UNSPECIFIED.,.F.,.F.,(4,2,4),(-0.0711759743715989,-0.0353960715335438,
0.),.UNSPECIFIED.);
#100=B_SPLINE_CURVE_WITH_KNOTS('',3,(#11799,#11800,#11801,#11802,#11803,
#11804,#11805,#11806,#11807,#11808,#11809,#11810,#11811,#11812,#11813,#11814,
#11815,#11816,#11817,#11818,#11819,#11820,#11821,#11822,#11823),
 .UNSPECIFIED.,.F.,.F.,(4,3,3,3,3,3,3,3,4),(-0.071529344829803,-0.0579074355974888,
-0.0446355504684402,-0.0368376311304633,-0.0248482670865268,-0.0133250718289559,
-0.0124241335432634,-0.00129758220621693,-8.08380365196397E-5),
 .UNSPECIFIED.);
#101=B_SPLINE_CURVE_WITH_KNOTS('',3,(#11831,#11832,#11833,#11834,#11835,
#11836),.UNSPECIFIED.,.F.,.F.,(4,2,4),(0.000210484138141349,0.0450669234379238,
0.0795764855675334),.UNSPECIFIED.);
#102=ITEM_DEFINED_TRANSFORMATION($,$,#7427,#7687);
#103=ITEM_DEFINED_TRANSFORMATION($,$,#7583,#7688);
#104=ITEM_DEFINED_TRANSFORMATION($,$,#7690,#7848);
#105=ITEM_DEFINED_TRANSFORMATION($,$,#7699,#7849);
#106=ITEM_DEFINED_TRANSFORMATION($,$,#7690,#7850);
#107=ITEM_DEFINED_TRANSFORMATION($,$,#7699,#7851);
#108=ITEM_DEFINED_TRANSFORMATION($,$,#7761,#7852);
#109=ITEM_DEFINED_TRANSFORMATION($,$,#7770,#7853);
#110=ITEM_DEFINED_TRANSFORMATION($,$,#7815,#7854);
#111=ITEM_DEFINED_TRANSFORMATION($,$,#7770,#7855);
#112=ITEM_DEFINED_TRANSFORMATION($,$,#7815,#7856);
#113=ITEM_DEFINED_TRANSFORMATION($,$,#7858,#8006);
#114=ITEM_DEFINED_TRANSFORMATION($,$,#7932,#8007);
#115=ITEM_DEFINED_TRANSFORMATION($,$,#7426,#8054);
#116=ITEM_DEFINED_TRANSFORMATION($,$,#7689,#8055);
#117=ITEM_DEFINED_TRANSFORMATION($,$,#7857,#8056);
#118=ITEM_DEFINED_TRANSFORMATION($,$,#8008,#8057);
#119=(
REPRESENTATION_RELATIONSHIP($,$,#12967,#12966)
REPRESENTATION_RELATIONSHIP_WITH_TRANSFORMATION(#102)
SHAPE_REPRESENTATION_RELATIONSHIP()
);
#120=(
REPRESENTATION_RELATIONSHIP($,$,#12968,#12966)
REPRESENTATION_RELATIONSHIP_WITH_TRANSFORMATION(#103)
SHAPE_REPRESENTATION_RELATIONSHIP()
);
#121=(
REPRESENTATION_RELATIONSHIP($,$,#12970,#12969)
REPRESENTATION_RELATIONSHIP_WITH_TRANSFORMATION(#104)
SHAPE_REPRESENTATION_RELATIONSHIP()
);
#122=(
REPRESENTATION_RELATIONSHIP($,$,#12971,#12969)
REPRESENTATION_RELATIONSHIP_WITH_TRANSFORMATION(#105)
SHAPE_REPRESENTATION_RELATIONSHIP()
);
#123=(
REPRESENTATION_RELATIONSHIP($,$,#12970,#12969)
REPRESENTATION_RELATIONSHIP_WITH_TRANSFORMATION(#106)
SHAPE_REPRESENTATION_RELATIONSHIP()
);
#124=(
REPRESENTATION_RELATIONSHIP($,$,#12971,#12969)
REPRESENTATION_RELATIONSHIP_WITH_TRANSFORMATION(#107)
SHAPE_REPRESENTATION_RELATIONSHIP()
);
#125=(
REPRESENTATION_RELATIONSHIP($,$,#12972,#12969)
REPRESENTATION_RELATIONSHIP_WITH_TRANSFORMATION(#108)
SHAPE_REPRESENTATION_RELATIONSHIP()
);
#126=(
REPRESENTATION_RELATIONSHIP($,$,#12973,#12969)
REPRESENTATION_RELATIONSHIP_WITH_TRANSFORMATION(#109)
SHAPE_REPRESENTATION_RELATIONSHIP()
);
#127=(
REPRESENTATION_RELATIONSHIP($,$,#12974,#12969)
REPRESENTATION_RELATIONSHIP_WITH_TRANSFORMATION(#110)
SHAPE_REPRESENTATION_RELATIONSHIP()
);
#128=(
REPRESENTATION_RELATIONSHIP($,$,#12973,#12969)
REPRESENTATION_RELATIONSHIP_WITH_TRANSFORMATION(#111)
SHAPE_REPRESENTATION_RELATIONSHIP()
);
#129=(
REPRESENTATION_RELATIONSHIP($,$,#12974,#12969)
REPRESENTATION_RELATIONSHIP_WITH_TRANSFORMATION(#112)
SHAPE_REPRESENTATION_RELATIONSHIP()
);
#130=(
REPRESENTATION_RELATIONSHIP($,$,#12976,#12975)
REPRESENTATION_RELATIONSHIP_WITH_TRANSFORMATION(#113)
SHAPE_REPRESENTATION_RELATIONSHIP()
);
#131=(
REPRESENTATION_RELATIONSHIP($,$,#12977,#12975)
REPRESENTATION_RELATIONSHIP_WITH_TRANSFORMATION(#114)
SHAPE_REPRESENTATION_RELATIONSHIP()
);
#132=(
REPRESENTATION_RELATIONSHIP($,$,#12966,#12965)
REPRESENTATION_RELATIONSHIP_WITH_TRANSFORMATION(#115)
SHAPE_REPRESENTATION_RELATIONSHIP()
);
#133=(
REPRESENTATION_RELATIONSHIP($,$,#12969,#12965)
REPRESENTATION_RELATIONSHIP_WITH_TRANSFORMATION(#116)
SHAPE_REPRESENTATION_RELATIONSHIP()
);
#134=(
REPRESENTATION_RELATIONSHIP($,$,#12975,#12965)
REPRESENTATION_RELATIONSHIP_WITH_TRANSFORMATION(#117)
SHAPE_REPRESENTATION_RELATIONSHIP()
);
#135=(
REPRESENTATION_RELATIONSHIP($,$,#12978,#12965)
REPRESENTATION_RELATIONSHIP_WITH_TRANSFORMATION(#118)
SHAPE_REPRESENTATION_RELATIONSHIP()
);
#136=CONTEXT_DEPENDENT_SHAPE_REPRESENTATION(#119,#12938);
#137=CONTEXT_DEPENDENT_SHAPE_REPRESENTATION(#120,#12939);
#138=CONTEXT_DEPENDENT_SHAPE_REPRESENTATION(#121,#12946);
#139=CONTEXT_DEPENDENT_SHAPE_REPRESENTATION(#122,#12947);
#140=CONTEXT_DEPENDENT_SHAPE_REPRESENTATION(#123,#12948);
#141=CONTEXT_DEPENDENT_SHAPE_REPRESENTATION(#124,#12949);
#142=CONTEXT_DEPENDENT_SHAPE_REPRESENTATION(#125,#12950);
#143=CONTEXT_DEPENDENT_SHAPE_REPRESENTATION(#126,#12951);
#144=CONTEXT_DEPENDENT_SHAPE_REPRESENTATION(#127,#12952);
#145=CONTEXT_DEPENDENT_SHAPE_REPRESENTATION(#128,#12953);
#146=CONTEXT_DEPENDENT_SHAPE_REPRESENTATION(#129,#12954);
#147=CONTEXT_DEPENDENT_SHAPE_REPRESENTATION(#130,#12958);
#148=CONTEXT_DEPENDENT_SHAPE_REPRESENTATION(#131,#12959);
#149=CONTEXT_DEPENDENT_SHAPE_REPRESENTATION(#132,#12961);
#150=CONTEXT_DEPENDENT_SHAPE_REPRESENTATION(#133,#12962);
#151=CONTEXT_DEPENDENT_SHAPE_REPRESENTATION(#134,#12963);
#152=CONTEXT_DEPENDENT_SHAPE_REPRESENTATION(#135,#12964);
#153=NEXT_ASSEMBLY_USAGE_OCCURRENCE('Swing Arm:1','Swing Arm:1',
'Swing Arm:1',#12981,#12982,'Swing Arm:1');
#154=NEXT_ASSEMBLY_USAGE_OCCURRENCE('Horizontal Mount:1',
'Horizontal Mount:1','Horizontal Mount:1',#12981,#12983,
'Horizontal Mount:1');
#155=NEXT_ASSEMBLY_USAGE_OCCURRENCE(
'90718A110_Electrical-Insulating Nylon Washer:2',
'90718A110_Electrical-Insulating Nylon Washer:2',
'90718A110_Electrical-Insulating Nylon Washer:2',#12984,#12985,
'90718A110_Electrical-Insulating Nylon Washer:2');
#156=NEXT_ASSEMBLY_USAGE_OCCURRENCE(
'92133A104_Push-on External Retaining Rings:2',
'92133A104_Push-on External Retaining Rings:2',
'92133A104_Push-on External Retaining Rings:2',#12984,#12986,
'92133A104_Push-on External Retaining Rings:2');
#157=NEXT_ASSEMBLY_USAGE_OCCURRENCE(
'90718A110_Electrical-Insulating Nylon Washer:1',
'90718A110_Electrical-Insulating Nylon Washer:1',
'90718A110_Electrical-Insulating Nylon Washer:1',#12984,#12985,
'90718A110_Electrical-Insulating Nylon Washer:1');
#158=NEXT_ASSEMBLY_USAGE_OCCURRENCE(
'92133A104_Push-on External Retaining Rings:1',
'92133A104_Push-on External Retaining Rings:1',
'92133A104_Push-on External Retaining Rings:1',#12984,#12986,
'92133A104_Push-on External Retaining Rings:1');
#159=NEXT_ASSEMBLY_USAGE_OCCURRENCE('91595A133_Dowel Pin:1',
'91595A133_Dowel Pin:1','91595A133_Dowel Pin:1',#12984,#12987,
'91595A133_Dowel Pin:1');
#160=NEXT_ASSEMBLY_USAGE_OCCURRENCE('M3 Roll-In T Nut v1:1',
'M3 Roll-In T Nut v1:1','M3 Roll-In T Nut v1:1',#12984,#12988,
'M3 Roll-In T Nut v1:1');
#161=NEXT_ASSEMBLY_USAGE_OCCURRENCE('M3x8 BHCS v1:1','M3x8 BHCS v1:1',
'M3x8 BHCS v1:1',#12984,#12989,'M3x8 BHCS v1:1');
#162=NEXT_ASSEMBLY_USAGE_OCCURRENCE('M3 Roll-In T Nut v1:2',
'M3 Roll-In T Nut v1:2','M3 Roll-In T Nut v1:2',#12984,#12988,
'M3 Roll-In T Nut v1:2');
#163=NEXT_ASSEMBLY_USAGE_OCCURRENCE('M3x8 BHCS v1:2','M3x8 BHCS v1:2',
'M3x8 BHCS v1:2',#12984,#12989,'M3x8 BHCS v1:2');
#164=NEXT_ASSEMBLY_USAGE_OCCURRENCE('2020 - Vertical:1',
'2020 - Vertical:1','2020 - Vertical:1',#12990,#12991,
'2020 - Vertical:1');
#165=NEXT_ASSEMBLY_USAGE_OCCURRENCE('2020 - Horizontal:1',
'2020 - Horizontal:1','2020 - Horizontal:1',#12990,#12992,
'2020 - Horizontal:1');
#166=NEXT_ASSEMBLY_USAGE_OCCURRENCE('VORON SwingArm:1',
'VORON SwingArm:1','VORON SwingArm:1',#12980,#12981,'VORON SwingArm:1');
#167=NEXT_ASSEMBLY_USAGE_OCCURRENCE('Hardware:1','Hardware:1',
'Hardware:1',#12980,#12984,'Hardware:1');
#168=NEXT_ASSEMBLY_USAGE_OCCURRENCE('Extrusions:1','Extrusions:1',
'Extrusions:1',#12980,#12990,'Extrusions:1');
#169=NEXT_ASSEMBLY_USAGE_OCCURRENCE('Extrusion Protector:1',
'Extrusion Protector:1','Extrusion Protector:1',#12980,#12993,
'Extrusion Protector:1');
#170=SHAPE_REPRESENTATION_RELATIONSHIP('SRR','None',#12967,#180);
#171=SHAPE_REPRESENTATION_RELATIONSHIP('SRR','None',#12968,#181);
#172=SHAPE_REPRESENTATION_RELATIONSHIP('SRR','None',#12970,#182);
#173=SHAPE_REPRESENTATION_RELATIONSHIP('SRR','None',#12971,#183);
#174=SHAPE_REPRESENTATION_RELATIONSHIP('SRR','None',#12972,#184);
#175=SHAPE_REPRESENTATION_RELATIONSHIP('SRR','None',#12973,#185);
#176=SHAPE_REPRESENTATION_RELATIONSHIP('SRR','None',#12974,#186);
#177=SHAPE_REPRESENTATION_RELATIONSHIP('SRR','None',#12976,#187);
#178=SHAPE_REPRESENTATION_RELATIONSHIP('SRR','None',#12977,#188);
#179=SHAPE_REPRESENTATION_RELATIONSHIP('SRR','None',#12978,#189);
#180=ADVANCED_BREP_SHAPE_REPRESENTATION('',(#201),#12903);
#181=ADVANCED_BREP_SHAPE_REPRESENTATION('',(#202),#12904);
#182=ADVANCED_BREP_SHAPE_REPRESENTATION('',(#203),#12906);
#183=ADVANCED_BREP_SHAPE_REPRESENTATION('',(#204),#12907);
#184=ADVANCED_BREP_SHAPE_REPRESENTATION('',(#205),#12908);
#185=ADVANCED_BREP_SHAPE_REPRESENTATION('',(#206),#12909);
#186=ADVANCED_BREP_SHAPE_REPRESENTATION('',(#207),#12910);
#187=ADVANCED_BREP_SHAPE_REPRESENTATION('',(#208),#12912);
#188=ADVANCED_BREP_SHAPE_REPRESENTATION('',(#209),#12913);
#189=ADVANCED_BREP_SHAPE_REPRESENTATION('',(#210),#12914);
#190=STYLED_ITEM('',(#13043),#201);
#191=STYLED_ITEM('',(#13043),#202);
#192=STYLED_ITEM('',(#13041),#203);
#193=STYLED_ITEM('',(#13040),#204);
#194=STYLED_ITEM('',(#13040),#205);
#195=STYLED_ITEM('',(#13044),#206);
#196=STYLED_ITEM('',(#13045),#207);
#197=STYLED_ITEM('',(#13039),#208);
#198=STYLED_ITEM('',(#13039),#209);
#199=STYLED_ITEM('',(#13046),#210);
#200=STYLED_ITEM('',(#13047),#14);
#201=MANIFOLD_SOLID_BREP('Body2',#7304);
#202=MANIFOLD_SOLID_BREP('Body3',#7305);
#203=MANIFOLD_SOLID_BREP('Body1',#7306);
#204=MANIFOLD_SOLID_BREP('Body1',#7307);
#205=MANIFOLD_SOLID_BREP('Body1',#7308);
#206=MANIFOLD_SOLID_BREP('Body1',#7309);
#207=MANIFOLD_SOLID_BREP('Body1',#7310);
#208=MANIFOLD_SOLID_BREP('Body1',#7311);
#209=MANIFOLD_SOLID_BREP('Body1',#7312);
#210=MANIFOLD_SOLID_BREP('Extrusion Protector',#7313);
#211=CYLINDRICAL_SURFACE('',#7432,2.);
#212=CYLINDRICAL_SURFACE('',#7440,4.);
#213=CYLINDRICAL_SURFACE('',#7442,2.);
#214=CYLINDRICAL_SURFACE('',#7448,2.);
#215=CYLINDRICAL_SURFACE('',#7449,1.6);
#216=CYLINDRICAL_SURFACE('',#7450,1.9);
#217=CYLINDRICAL_SURFACE('',#7453,1.);
#218=CYLINDRICAL_SURFACE('',#7483,1.);
#219=CYLINDRICAL_SURFACE('',#7485,1.);
#220=CYLINDRICAL_SURFACE('',#7488,1.);
#221=CYLINDRICAL_SURFACE('',#7491,1.);
#222=CYLINDRICAL_SURFACE('',#7494,1.);
#223=CYLINDRICAL_SURFACE('',#7497,1.);
#224=CYLINDRICAL_SURFACE('',#7500,1.);
#225=CYLINDRICAL_SURFACE('',#7502,1.);
#226=CYLINDRICAL_SURFACE('',#7505,1.);
#227=CYLINDRICAL_SURFACE('',#7507,1.);
#228=CYLINDRICAL_SURFACE('',#7510,1.);
#229=CYLINDRICAL_SURFACE('',#7513,1.);
#230=CYLINDRICAL_SURFACE('',#7516,1.);
#231=CYLINDRICAL_SURFACE('',#7518,1.);
#232=CYLINDRICAL_SURFACE('',#7521,1.);
#233=CYLINDRICAL_SURFACE('',#7524,1.);
#234=CYLINDRICAL_SURFACE('',#7527,1.);
#235=CYLINDRICAL_SURFACE('',#7529,1.);
#236=CYLINDRICAL_SURFACE('',#7532,1.);
#237=CYLINDRICAL_SURFACE('',#7535,1.);
#238=CYLINDRICAL_SURFACE('',#7538,1.);
#239=CYLINDRICAL_SURFACE('',#7540,1.);
#240=CYLINDRICAL_SURFACE('',#7543,1.);
#241=CYLINDRICAL_SURFACE('',#7546,1.);
#242=CYLINDRICAL_SURFACE('',#7549,1.);
#243=CYLINDRICAL_SURFACE('',#7561,1.6);
#244=CYLINDRICAL_SURFACE('',#7564,2.);
#245=CYLINDRICAL_SURFACE('',#7570,2.);
#246=CYLINDRICAL_SURFACE('',#7573,4.);
#247=CYLINDRICAL_SURFACE('',#7581,2.);
#248=CYLINDRICAL_SURFACE('',#7586,3.);
#249=CYLINDRICAL_SURFACE('',#7590,3.);
#250=CYLINDRICAL_SURFACE('',#7593,1.6);
#251=CYLINDRICAL_SURFACE('',#7596,3.);
#252=CYLINDRICAL_SURFACE('',#7623,1.6);
#253=CYLINDRICAL_SURFACE('',#7625,3.);
#254=CYLINDRICAL_SURFACE('',#7629,3.);
#255=CYLINDRICAL_SURFACE('',#7631,1.);
#256=CYLINDRICAL_SURFACE('',#7633,1.);
#257=CYLINDRICAL_SURFACE('',#7635,1.);
#258=CYLINDRICAL_SURFACE('',#7637,1.6);
#259=CYLINDRICAL_SURFACE('',#7639,1.6);
#260=CYLINDRICAL_SURFACE('',#7642,1.);
#261=CYLINDRICAL_SURFACE('',#7648,1.);
#262=CYLINDRICAL_SURFACE('',#7651,1.);
#263=CYLINDRICAL_SURFACE('',#7654,1.);
#264=CYLINDRICAL_SURFACE('',#7657,1.);
#265=CYLINDRICAL_SURFACE('',#7660,1.);
#266=CYLINDRICAL_SURFACE('',#7667,1.);
#267=CYLINDRICAL_SURFACE('',#7673,3.);
#268=CYLINDRICAL_SURFACE('',#7677,1.);
#269=CYLINDRICAL_SURFACE('',#7679,1.);
#270=CYLINDRICAL_SURFACE('',#7682,1.);
#271=CYLINDRICAL_SURFACE('',#7684,1.);
#272=CYLINDRICAL_SURFACE('',#7691,1.6);
#273=CYLINDRICAL_SURFACE('',#7694,3.5);
#274=CYLINDRICAL_SURFACE('',#7700,0.25);
#275=CYLINDRICAL_SURFACE('',#7701,0.25);
#276=CYLINDRICAL_SURFACE('',#7702,0.25);
#277=CYLINDRICAL_SURFACE('',#7703,0.25);
#278=CYLINDRICAL_SURFACE('',#7712,4.);
#279=CYLINDRICAL_SURFACE('',#7713,1.4);
#280=CYLINDRICAL_SURFACE('',#7734,1.4);
#281=CYLINDRICAL_SURFACE('',#7735,1.4);
#282=CYLINDRICAL_SURFACE('',#7736,1.4);
#283=CYLINDRICAL_SURFACE('',#7737,2.825);
#284=CYLINDRICAL_SURFACE('',#7740,0.25);
#285=CYLINDRICAL_SURFACE('',#7741,0.25);
#286=CYLINDRICAL_SURFACE('',#7742,0.25);
#287=CYLINDRICAL_SURFACE('',#7744,0.25);
#288=CYLINDRICAL_SURFACE('',#7745,2.825);
#289=CYLINDRICAL_SURFACE('',#7746,0.25);
#290=CYLINDRICAL_SURFACE('',#7748,0.25);
#291=CYLINDRICAL_SURFACE('',#7750,0.25);
#292=CYLINDRICAL_SURFACE('',#7751,2.825);
#293=CYLINDRICAL_SURFACE('',#7752,0.25);
#294=CYLINDRICAL_SURFACE('',#7754,0.25);
#295=CYLINDRICAL_SURFACE('',#7756,0.25);
#296=CYLINDRICAL_SURFACE('',#7757,2.825);
#297=CYLINDRICAL_SURFACE('',#7758,0.25);
#298=CYLINDRICAL_SURFACE('',#7760,0.25);
#299=CYLINDRICAL_SURFACE('',#7767,1.5);
#300=CYLINDRICAL_SURFACE('',#7780,7.);
#301=CYLINDRICAL_SURFACE('',#7782,7.);
#302=CYLINDRICAL_SURFACE('',#7791,1.543);
#303=CYLINDRICAL_SURFACE('',#7798,0.7);
#304=CYLINDRICAL_SURFACE('',#7800,0.699999999998782);
#305=CYLINDRICAL_SURFACE('',#7803,0.25);
#306=CYLINDRICAL_SURFACE('',#7806,0.25);
#307=CYLINDRICAL_SURFACE('',#7808,0.25);
#308=CYLINDRICAL_SURFACE('',#7811,0.25);
#309=CYLINDRICAL_SURFACE('',#7819,1.5);
#310=CYLINDRICAL_SURFACE('',#7824,2.85);
#311=CYLINDRICAL_SURFACE('',#7875,1.);
#312=CYLINDRICAL_SURFACE('',#7890,1.);
#313=CYLINDRICAL_SURFACE('',#7901,2.50000000000007);
#314=CYLINDRICAL_SURFACE('',#7912,1.);
#315=CYLINDRICAL_SURFACE('',#7927,1.);
#316=CYLINDRICAL_SURFACE('',#7949,1.);
#317=CYLINDRICAL_SURFACE('',#7964,1.);
#318=CYLINDRICAL_SURFACE('',#7975,2.50000000000007);
#319=CYLINDRICAL_SURFACE('',#7986,1.);
#320=CYLINDRICAL_SURFACE('',#8001,1.);
#321=CYLINDRICAL_SURFACE('',#8020,1.);
#322=CYLINDRICAL_SURFACE('',#8023,1.);
#323=CYLINDRICAL_SURFACE('',#8026,1.);
#324=CYLINDRICAL_SURFACE('',#8029,1.);
#325=CYLINDRICAL_SURFACE('',#8033,1.7);
#326=CYLINDRICAL_SURFACE('',#8035,1.7);
#327=CYLINDRICAL_SURFACE('',#8038,1.);
#328=CYLINDRICAL_SURFACE('',#8041,1.);
#329=CYLINDRICAL_SURFACE('',#8043,1.);
#330=CYLINDRICAL_SURFACE('',#8046,1.);
#331=FACE_BOUND('',#736,.T.);
#332=FACE_BOUND('',#745,.T.);
#333=FACE_BOUND('',#752,.T.);
#334=FACE_BOUND('',#806,.T.);
#335=FACE_BOUND('',#812,.T.);
#336=FACE_BOUND('',#821,.T.);
#337=FACE_BOUND('',#831,.T.);
#338=FACE_BOUND('',#834,.T.);
#339=FACE_BOUND('',#835,.T.);
#340=FACE_BOUND('',#841,.T.);
#341=FACE_BOUND('',#865,.T.);
#342=FACE_BOUND('',#866,.T.);
#343=FACE_BOUND('',#869,.T.);
#344=FACE_BOUND('',#884,.T.);
#345=FACE_BOUND('',#888,.T.);
#346=FACE_BOUND('',#890,.T.);
#347=FACE_BOUND('',#943,.T.);
#348=FACE_BOUND('',#962,.T.);
#349=FACE_BOUND('',#964,.T.);
#350=FACE_BOUND('',#966,.T.);
#351=FACE_BOUND('',#980,.T.);
#352=FACE_BOUND('',#982,.T.);
#353=FACE_BOUND('',#1045,.T.);
#354=FACE_BOUND('',#1047,.T.);
#355=FACE_BOUND('',#1110,.T.);
#356=FACE_BOUND('',#1111,.T.);
#357=FACE_BOUND('',#1112,.T.);
#358=FACE_BOUND('',#1132,.T.);
#359=FACE_BOUND('',#1133,.T.);
#360=FACE_OUTER_BOUND('',#735,.T.);
#361=FACE_OUTER_BOUND('',#737,.T.);
#362=FACE_OUTER_BOUND('',#738,.T.);
#363=FACE_OUTER_BOUND('',#739,.T.);
#364=FACE_OUTER_BOUND('',#740,.T.);
#365=FACE_OUTER_BOUND('',#741,.T.);
#366=FACE_OUTER_BOUND('',#742,.T.);
#367=FACE_OUTER_BOUND('',#743,.T.);
#368=FACE_OUTER_BOUND('',#744,.T.);
#369=FACE_OUTER_BOUND('',#746,.T.);
#370=FACE_OUTER_BOUND('',#747,.T.);
#371=FACE_OUTER_BOUND('',#748,.T.);
#372=FACE_OUTER_BOUND('',#749,.T.);
#373=FACE_OUTER_BOUND('',#750,.T.);
#374=FACE_OUTER_BOUND('',#751,.T.);
#375=FACE_OUTER_BOUND('',#753,.T.);
#376=FACE_OUTER_BOUND('',#754,.T.);
#377=FACE_OUTER_BOUND('',#755,.T.);
#378=FACE_OUTER_BOUND('',#756,.T.);
#379=FACE_OUTER_BOUND('',#757,.T.);
#380=FACE_OUTER_BOUND('',#758,.T.);
#381=FACE_OUTER_BOUND('',#759,.T.);
#382=FACE_OUTER_BOUND('',#760,.T.);
#383=FACE_OUTER_BOUND('',#761,.T.);
#384=FACE_OUTER_BOUND('',#762,.T.);
#385=FACE_OUTER_BOUND('',#763,.T.);
#386=FACE_OUTER_BOUND('',#764,.T.);
#387=FACE_OUTER_BOUND('',#765,.T.);
#388=FACE_OUTER_BOUND('',#766,.T.);
#389=FACE_OUTER_BOUND('',#767,.T.);
#390=FACE_OUTER_BOUND('',#768,.T.);
#391=FACE_OUTER_BOUND('',#769,.T.);
#392=FACE_OUTER_BOUND('',#770,.T.);
#393=FACE_OUTER_BOUND('',#771,.T.);
#394=FACE_OUTER_BOUND('',#772,.T.);
#395=FACE_OUTER_BOUND('',#773,.T.);
#396=FACE_OUTER_BOUND('',#774,.T.);
#397=FACE_OUTER_BOUND('',#775,.T.);
#398=FACE_OUTER_BOUND('',#776,.T.);
#399=FACE_OUTER_BOUND('',#777,.T.);
#400=FACE_OUTER_BOUND('',#778,.T.);
#401=FACE_OUTER_BOUND('',#779,.T.);
#402=FACE_OUTER_BOUND('',#780,.T.);
#403=FACE_OUTER_BOUND('',#781,.T.);
#404=FACE_OUTER_BOUND('',#782,.T.);
#405=FACE_OUTER_BOUND('',#783,.T.);
#406=FACE_OUTER_BOUND('',#784,.T.);
#407=FACE_OUTER_BOUND('',#785,.T.);
#408=FACE_OUTER_BOUND('',#786,.T.);
#409=FACE_OUTER_BOUND('',#787,.T.);
#410=FACE_OUTER_BOUND('',#788,.T.);
#411=FACE_OUTER_BOUND('',#789,.T.);
#412=FACE_OUTER_BOUND('',#790,.T.);
#413=FACE_OUTER_BOUND('',#791,.T.);
#414=FACE_OUTER_BOUND('',#792,.T.);
#415=FACE_OUTER_BOUND('',#793,.T.);
#416=FACE_OUTER_BOUND('',#794,.T.);
#417=FACE_OUTER_BOUND('',#795,.T.);
#418=FACE_OUTER_BOUND('',#796,.T.);
#419=FACE_OUTER_BOUND('',#797,.T.);
#420=FACE_OUTER_BOUND('',#798,.T.);
#421=FACE_OUTER_BOUND('',#799,.T.);
#422=FACE_OUTER_BOUND('',#800,.T.);
#423=FACE_OUTER_BOUND('',#801,.T.);
#424=FACE_OUTER_BOUND('',#802,.T.);
#425=FACE_OUTER_BOUND('',#803,.T.);
#426=FACE_OUTER_BOUND('',#804,.T.);
#427=FACE_OUTER_BOUND('',#805,.T.);
#428=FACE_OUTER_BOUND('',#807,.T.);
#429=FACE_OUTER_BOUND('',#808,.T.);
#430=FACE_OUTER_BOUND('',#809,.T.);
#431=FACE_OUTER_BOUND('',#810,.T.);
#432=FACE_OUTER_BOUND('',#811,.T.);
#433=FACE_OUTER_BOUND('',#813,.T.);
#434=FACE_OUTER_BOUND('',#814,.T.);
#435=FACE_OUTER_BOUND('',#815,.T.);
#436=FACE_OUTER_BOUND('',#816,.T.);
#437=FACE_OUTER_BOUND('',#817,.T.);
#438=FACE_OUTER_BOUND('',#818,.T.);
#439=FACE_OUTER_BOUND('',#819,.T.);
#440=FACE_OUTER_BOUND('',#820,.T.);
#441=FACE_OUTER_BOUND('',#822,.T.);
#442=FACE_OUTER_BOUND('',#823,.T.);
#443=FACE_OUTER_BOUND('',#824,.T.);
#444=FACE_OUTER_BOUND('',#825,.T.);
#445=FACE_OUTER_BOUND('',#826,.T.);
#446=FACE_OUTER_BOUND('',#827,.T.);
#447=FACE_OUTER_BOUND('',#828,.T.);
#448=FACE_OUTER_BOUND('',#829,.T.);
#449=FACE_OUTER_BOUND('',#830,.T.);
#450=FACE_OUTER_BOUND('',#832,.T.);
#451=FACE_OUTER_BOUND('',#833,.T.);
#452=FACE_OUTER_BOUND('',#836,.T.);
#453=FACE_OUTER_BOUND('',#837,.T.);
#454=FACE_OUTER_BOUND('',#838,.T.);
#455=FACE_OUTER_BOUND('',#839,.T.);
#456=FACE_OUTER_BOUND('',#840,.T.);
#457=FACE_OUTER_BOUND('',#842,.T.);
#458=FACE_OUTER_BOUND('',#843,.T.);
#459=FACE_OUTER_BOUND('',#844,.T.);
#460=FACE_OUTER_BOUND('',#845,.T.);
#461=FACE_OUTER_BOUND('',#846,.T.);
#462=FACE_OUTER_BOUND('',#847,.T.);
#463=FACE_OUTER_BOUND('',#848,.T.);
#464=FACE_OUTER_BOUND('',#849,.T.);
#465=FACE_OUTER_BOUND('',#850,.T.);
#466=FACE_OUTER_BOUND('',#851,.T.);
#467=FACE_OUTER_BOUND('',#852,.T.);
#468=FACE_OUTER_BOUND('',#853,.T.);
#469=FACE_OUTER_BOUND('',#854,.T.);
#470=FACE_OUTER_BOUND('',#855,.T.);
#471=FACE_OUTER_BOUND('',#856,.T.);
#472=FACE_OUTER_BOUND('',#857,.T.);
#473=FACE_OUTER_BOUND('',#858,.T.);
#474=FACE_OUTER_BOUND('',#859,.T.);
#475=FACE_OUTER_BOUND('',#860,.T.);
#476=FACE_OUTER_BOUND('',#861,.T.);
#477=FACE_OUTER_BOUND('',#862,.T.);
#478=FACE_OUTER_BOUND('',#863,.T.);
#479=FACE_OUTER_BOUND('',#864,.T.);
#480=FACE_OUTER_BOUND('',#867,.T.);
#481=FACE_OUTER_BOUND('',#868,.T.);
#482=FACE_OUTER_BOUND('',#870,.T.);
#483=FACE_OUTER_BOUND('',#871,.T.);
#484=FACE_OUTER_BOUND('',#872,.T.);
#485=FACE_OUTER_BOUND('',#873,.T.);
#486=FACE_OUTER_BOUND('',#874,.T.);
#487=FACE_OUTER_BOUND('',#875,.T.);
#488=FACE_OUTER_BOUND('',#876,.T.);
#489=FACE_OUTER_BOUND('',#877,.T.);
#490=FACE_OUTER_BOUND('',#878,.T.);
#491=FACE_OUTER_BOUND('',#879,.T.);
#492=FACE_OUTER_BOUND('',#880,.T.);
#493=FACE_OUTER_BOUND('',#881,.T.);
#494=FACE_OUTER_BOUND('',#882,.T.);
#495=FACE_OUTER_BOUND('',#883,.T.);
#496=FACE_OUTER_BOUND('',#885,.T.);
#497=FACE_OUTER_BOUND('',#886,.T.);
#498=FACE_OUTER_BOUND('',#887,.T.);
#499=FACE_OUTER_BOUND('',#889,.T.);
#500=FACE_OUTER_BOUND('',#891,.T.);
#501=FACE_OUTER_BOUND('',#892,.T.);
#502=FACE_OUTER_BOUND('',#893,.T.);
#503=FACE_OUTER_BOUND('',#894,.T.);
#504=FACE_OUTER_BOUND('',#895,.T.);
#505=FACE_OUTER_BOUND('',#896,.T.);
#506=FACE_OUTER_BOUND('',#897,.T.);
#507=FACE_OUTER_BOUND('',#898,.T.);
#508=FACE_OUTER_BOUND('',#899,.T.);
#509=FACE_OUTER_BOUND('',#900,.T.);
#510=FACE_OUTER_BOUND('',#901,.T.);
#511=FACE_OUTER_BOUND('',#902,.T.);
#512=FACE_OUTER_BOUND('',#903,.T.);
#513=FACE_OUTER_BOUND('',#904,.T.);
#514=FACE_OUTER_BOUND('',#905,.T.);
#515=FACE_OUTER_BOUND('',#906,.T.);
#516=FACE_OUTER_BOUND('',#907,.T.);
#517=FACE_OUTER_BOUND('',#908,.T.);
#518=FACE_OUTER_BOUND('',#909,.T.);
#519=FACE_OUTER_BOUND('',#910,.T.);
#520=FACE_OUTER_BOUND('',#911,.T.);
#521=FACE_OUTER_BOUND('',#912,.T.);
#522=FACE_OUTER_BOUND('',#913,.T.);
#523=FACE_OUTER_BOUND('',#914,.T.);
#524=FACE_OUTER_BOUND('',#915,.T.);
#525=FACE_OUTER_BOUND('',#916,.T.);
#526=FACE_OUTER_BOUND('',#917,.T.);
#527=FACE_OUTER_BOUND('',#918,.T.);
#528=FACE_OUTER_BOUND('',#919,.T.);
#529=FACE_OUTER_BOUND('',#920,.T.);
#530=FACE_OUTER_BOUND('',#921,.T.);
#531=FACE_OUTER_BOUND('',#922,.T.);
#532=FACE_OUTER_BOUND('',#923,.T.);
#533=FACE_OUTER_BOUND('',#924,.T.);
#534=FACE_OUTER_BOUND('',#925,.T.);
#535=FACE_OUTER_BOUND('',#926,.T.);
#536=FACE_OUTER_BOUND('',#927,.T.);
#537=FACE_OUTER_BOUND('',#928,.T.);
#538=FACE_OUTER_BOUND('',#929,.T.);
#539=FACE_OUTER_BOUND('',#930,.T.);
#540=FACE_OUTER_BOUND('',#931,.T.);
#541=FACE_OUTER_BOUND('',#932,.T.);
#542=FACE_OUTER_BOUND('',#933,.T.);
#543=FACE_OUTER_BOUND('',#934,.T.);
#544=FACE_OUTER_BOUND('',#935,.T.);
#545=FACE_OUTER_BOUND('',#936,.T.);
#546=FACE_OUTER_BOUND('',#937,.T.);
#547=FACE_OUTER_BOUND('',#938,.T.);
#548=FACE_OUTER_BOUND('',#939,.T.);
#549=FACE_OUTER_BOUND('',#940,.T.);
#550=FACE_OUTER_BOUND('',#941,.T.);
#551=FACE_OUTER_BOUND('',#942,.T.);
#552=FACE_OUTER_BOUND('',#944,.T.);
#553=FACE_OUTER_BOUND('',#945,.T.);
#554=FACE_OUTER_BOUND('',#946,.T.);
#555=FACE_OUTER_BOUND('',#947,.T.);
#556=FACE_OUTER_BOUND('',#948,.T.);
#557=FACE_OUTER_BOUND('',#949,.T.);
#558=FACE_OUTER_BOUND('',#950,.T.);
#559=FACE_OUTER_BOUND('',#951,.T.);
#560=FACE_OUTER_BOUND('',#952,.T.);
#561=FACE_OUTER_BOUND('',#953,.T.);
#562=FACE_OUTER_BOUND('',#954,.T.);
#563=FACE_OUTER_BOUND('',#955,.T.);
#564=FACE_OUTER_BOUND('',#956,.T.);
#565=FACE_OUTER_BOUND('',#957,.T.);
#566=FACE_OUTER_BOUND('',#958,.T.);
#567=FACE_OUTER_BOUND('',#959,.T.);
#568=FACE_OUTER_BOUND('',#960,.T.);
#569=FACE_OUTER_BOUND('',#961,.T.);
#570=FACE_OUTER_BOUND('',#963,.T.);
#571=FACE_OUTER_BOUND('',#965,.T.);
#572=FACE_OUTER_BOUND('',#967,.T.);
#573=FACE_OUTER_BOUND('',#968,.T.);
#574=FACE_OUTER_BOUND('',#969,.T.);
#575=FACE_OUTER_BOUND('',#970,.T.);
#576=FACE_OUTER_BOUND('',#971,.T.);
#577=FACE_OUTER_BOUND('',#972,.T.);
#578=FACE_OUTER_BOUND('',#973,.T.);
#579=FACE_OUTER_BOUND('',#974,.T.);
#580=FACE_OUTER_BOUND('',#975,.T.);
#581=FACE_OUTER_BOUND('',#976,.T.);
#582=FACE_OUTER_BOUND('',#977,.T.);
#583=FACE_OUTER_BOUND('',#978,.T.);
#584=FACE_OUTER_BOUND('',#979,.T.);
#585=FACE_OUTER_BOUND('',#981,.T.);
#586=FACE_OUTER_BOUND('',#983,.T.);
#587=FACE_OUTER_BOUND('',#984,.T.);
#588=FACE_OUTER_BOUND('',#985,.T.);
#589=FACE_OUTER_BOUND('',#986,.T.);
#590=FACE_OUTER_BOUND('',#987,.T.);
#591=FACE_OUTER_BOUND('',#988,.T.);
#592=FACE_OUTER_BOUND('',#989,.T.);
#593=FACE_OUTER_BOUND('',#990,.T.);
#594=FACE_OUTER_BOUND('',#991,.T.);
#595=FACE_OUTER_BOUND('',#992,.T.);
#596=FACE_OUTER_BOUND('',#993,.T.);
#597=FACE_OUTER_BOUND('',#994,.T.);
#598=FACE_OUTER_BOUND('',#995,.T.);
#599=FACE_OUTER_BOUND('',#996,.T.);
#600=FACE_OUTER_BOUND('',#997,.T.);
#601=FACE_OUTER_BOUND('',#998,.T.);
#602=FACE_OUTER_BOUND('',#999,.T.);
#603=FACE_OUTER_BOUND('',#1000,.T.);
#604=FACE_OUTER_BOUND('',#1001,.T.);
#605=FACE_OUTER_BOUND('',#1002,.T.);
#606=FACE_OUTER_BOUND('',#1003,.T.);
#607=FACE_OUTER_BOUND('',#1004,.T.);
#608=FACE_OUTER_BOUND('',#1005,.T.);
#609=FACE_OUTER_BOUND('',#1006,.T.);
#610=FACE_OUTER_BOUND('',#1007,.T.);
#611=FACE_OUTER_BOUND('',#1008,.T.);
#612=FACE_OUTER_BOUND('',#1009,.T.);
#613=FACE_OUTER_BOUND('',#1010,.T.);
#614=FACE_OUTER_BOUND('',#1011,.T.);
#615=FACE_OUTER_BOUND('',#1012,.T.);
#616=FACE_OUTER_BOUND('',#1013,.T.);
#617=FACE_OUTER_BOUND('',#1014,.T.);
#618=FACE_OUTER_BOUND('',#1015,.T.);
#619=FACE_OUTER_BOUND('',#1016,.T.);
#620=FACE_OUTER_BOUND('',#1017,.T.);
#621=FACE_OUTER_BOUND('',#1018,.T.);
#622=FACE_OUTER_BOUND('',#1019,.T.);
#623=FACE_OUTER_BOUND('',#1020,.T.);
#624=FACE_OUTER_BOUND('',#1021,.T.);
#625=FACE_OUTER_BOUND('',#1022,.T.);
#626=FACE_OUTER_BOUND('',#1023,.T.);
#627=FACE_OUTER_BOUND('',#1024,.T.);
#628=FACE_OUTER_BOUND('',#1025,.T.);
#629=FACE_OUTER_BOUND('',#1026,.T.);
#630=FACE_OUTER_BOUND('',#1027,.T.);
#631=FACE_OUTER_BOUND('',#1028,.T.);
#632=FACE_OUTER_BOUND('',#1029,.T.);
#633=FACE_OUTER_BOUND('',#1030,.T.);
#634=FACE_OUTER_BOUND('',#1031,.T.);
#635=FACE_OUTER_BOUND('',#1032,.T.);
#636=FACE_OUTER_BOUND('',#1033,.T.);
#637=FACE_OUTER_BOUND('',#1034,.T.);
#638=FACE_OUTER_BOUND('',#1035,.T.);
#639=FACE_OUTER_BOUND('',#1036,.T.);
#640=FACE_OUTER_BOUND('',#1037,.T.);
#641=FACE_OUTER_BOUND('',#1038,.T.);
#642=FACE_OUTER_BOUND('',#1039,.T.);
#643=FACE_OUTER_BOUND('',#1040,.T.);
#644=FACE_OUTER_BOUND('',#1041,.T.);
#645=FACE_OUTER_BOUND('',#1042,.T.);
#646=FACE_OUTER_BOUND('',#1043,.T.);
#647=FACE_OUTER_BOUND('',#1044,.T.);
#648=FACE_OUTER_BOUND('',#1046,.T.);
#649=FACE_OUTER_BOUND('',#1048,.T.);
#650=FACE_OUTER_BOUND('',#1049,.T.);
#651=FACE_OUTER_BOUND('',#1050,.T.);
#652=FACE_OUTER_BOUND('',#1051,.T.);
#653=FACE_OUTER_BOUND('',#1052,.T.);
#654=FACE_OUTER_BOUND('',#1053,.T.);
#655=FACE_OUTER_BOUND('',#1054,.T.);
#656=FACE_OUTER_BOUND('',#1055,.T.);
#657=FACE_OUTER_BOUND('',#1056,.T.);
#658=FACE_OUTER_BOUND('',#1057,.T.);
#659=FACE_OUTER_BOUND('',#1058,.T.);
#660=FACE_OUTER_BOUND('',#1059,.T.);
#661=FACE_OUTER_BOUND('',#1060,.T.);
#662=FACE_OUTER_BOUND('',#1061,.T.);
#663=FACE_OUTER_BOUND('',#1062,.T.);
#664=FACE_OUTER_BOUND('',#1063,.T.);
#665=FACE_OUTER_BOUND('',#1064,.T.);
#666=FACE_OUTER_BOUND('',#1065,.T.);
#667=FACE_OUTER_BOUND('',#1066,.T.);
#668=FACE_OUTER_BOUND('',#1067,.T.);
#669=FACE_OUTER_BOUND('',#1068,.T.);
#670=FACE_OUTER_BOUND('',#1069,.T.);
#671=FACE_OUTER_BOUND('',#1070,.T.);
#672=FACE_OUTER_BOUND('',#1071,.T.);
#673=FACE_OUTER_BOUND('',#1072,.T.);
#674=FACE_OUTER_BOUND('',#1073,.T.);
#675=FACE_OUTER_BOUND('',#1074,.T.);
#676=FACE_OUTER_BOUND('',#1075,.T.);
#677=FACE_OUTER_BOUND('',#1076,.T.);
#678=FACE_OUTER_BOUND('',#1077,.T.);
#679=FACE_OUTER_BOUND('',#1078,.T.);
#680=FACE_OUTER_BOUND('',#1079,.T.);
#681=FACE_OUTER_BOUND('',#1080,.T.);
#682=FACE_OUTER_BOUND('',#1081,.T.);
#683=FACE_OUTER_BOUND('',#1082,.T.);
#684=FACE_OUTER_BOUND('',#1083,.T.);
#685=FACE_OUTER_BOUND('',#1084,.T.);
#686=FACE_OUTER_BOUND('',#1085,.T.);
#687=FACE_OUTER_BOUND('',#1086,.T.);
#688=FACE_OUTER_BOUND('',#1087,.T.);
#689=FACE_OUTER_BOUND('',#1088,.T.);
#690=FACE_OUTER_BOUND('',#1089,.T.);
#691=FACE_OUTER_BOUND('',#1090,.T.);
#692=FACE_OUTER_BOUND('',#1091,.T.);
#693=FACE_OUTER_BOUND('',#1092,.T.);
#694=FACE_OUTER_BOUND('',#1093,.T.);
#695=FACE_OUTER_BOUND('',#1094,.T.);
#696=FACE_OUTER_BOUND('',#1095,.T.);
#697=FACE_OUTER_BOUND('',#1096,.T.);
#698=FACE_OUTER_BOUND('',#1097,.T.);
#699=FACE_OUTER_BOUND('',#1098,.T.);
#700=FACE_OUTER_BOUND('',#1099,.T.);
#701=FACE_OUTER_BOUND('',#1100,.T.);
#702=FACE_OUTER_BOUND('',#1101,.T.);
#703=FACE_OUTER_BOUND('',#1102,.T.);
#704=FACE_OUTER_BOUND('',#1103,.T.);
#705=FACE_OUTER_BOUND('',#1104,.T.);
#706=FACE_OUTER_BOUND('',#1105,.T.);
#707=FACE_OUTER_BOUND('',#1106,.T.);
#708=FACE_OUTER_BOUND('',#1107,.T.);
#709=FACE_OUTER_BOUND('',#1108,.T.);
#710=FACE_OUTER_BOUND('',#1109,.T.);
#711=FACE_OUTER_BOUND('',#1113,.T.);
#712=FACE_OUTER_BOUND('',#1114,.T.);
#713=FACE_OUTER_BOUND('',#1115,.T.);
#714=FACE_OUTER_BOUND('',#1116,.T.);
#715=FACE_OUTER_BOUND('',#1117,.T.);
#716=FACE_OUTER_BOUND('',#1118,.T.);
#717=FACE_OUTER_BOUND('',#1119,.T.);
#718=FACE_OUTER_BOUND('',#1120,.T.);
#719=FACE_OUTER_BOUND('',#1121,.T.);
#720=FACE_OUTER_BOUND('',#1122,.T.);
#721=FACE_OUTER_BOUND('',#1123,.T.);
#722=FACE_OUTER_BOUND('',#1124,.T.);
#723=FACE_OUTER_BOUND('',#1125,.T.);
#724=FACE_OUTER_BOUND('',#1126,.T.);
#725=FACE_OUTER_BOUND('',#1127,.T.);
#726=FACE_OUTER_BOUND('',#1128,.T.);
#727=FACE_OUTER_BOUND('',#1129,.T.);
#728=FACE_OUTER_BOUND('',#1130,.T.);
#729=FACE_OUTER_BOUND('',#1131,.T.);
#730=FACE_OUTER_BOUND('',#1134,.T.);
#731=FACE_OUTER_BOUND('',#1135,.T.);
#732=FACE_OUTER_BOUND('',#1136,.T.);
#733=FACE_OUTER_BOUND('',#1137,.T.);
#734=FACE_OUTER_BOUND('',#1138,.T.);
#735=EDGE_LOOP('',(#4604,#4605,#4606,#4607,#4608,#4609));
#736=EDGE_LOOP('',(#4610));
#737=EDGE_LOOP('',(#4611,#4612,#4613,#4614));
#738=EDGE_LOOP('',(#4615,#4616,#4617,#4618));
#739=EDGE_LOOP('',(#4619,#4620,#4621,#4622));
#740=EDGE_LOOP('',(#4623,#4624,#4625,#4626));
#741=EDGE_LOOP('',(#4627,#4628,#4629,#4630));
#742=EDGE_LOOP('',(#4631,#4632,#4633,#4634));
#743=EDGE_LOOP('',(#4635,#4636,#4637,#4638));
#744=EDGE_LOOP('',(#4639,#4640,#4641,#4642,#4643,#4644));
#745=EDGE_LOOP('',(#4645));
#746=EDGE_LOOP('',(#4646,#4647,#4648,#4649));
#747=EDGE_LOOP('',(#4650,#4651,#4652,#4653));
#748=EDGE_LOOP('',(#4654,#4655,#4656,#4657));
#749=EDGE_LOOP('',(#4658,#4659,#4660,#4661));
#750=EDGE_LOOP('',(#4662,#4663,#4664,#4665));
#751=EDGE_LOOP('',(#4666,#4667,#4668,#4669,#4670,#4671,#4672,#4673,#4674,
#4675,#4676,#4677,#4678,#4679,#4680,#4681,#4682,#4683,#4684,#4685,#4686,
#4687,#4688,#4689,#4690,#4691,#4692,#4693,#4694,#4695,#4696,#4697,#4698,
#4699,#4700,#4701,#4702,#4703,#4704,#4705,#4706,#4707,#4708,#4709,#4710,
#4711,#4712,#4713,#4714,#4715,#4716,#4717,#4718,#4719,#4720,#4721));
#752=EDGE_LOOP('',(#4722));
#753=EDGE_LOOP('',(#4723,#4724,#4725,#4726));
#754=EDGE_LOOP('',(#4727,#4728,#4729,#4730));
#755=EDGE_LOOP('',(#4731,#4732,#4733,#4734));
#756=EDGE_LOOP('',(#4735,#4736,#4737,#4738));
#757=EDGE_LOOP('',(#4739,#4740,#4741,#4742));
#758=EDGE_LOOP('',(#4743,#4744,#4745,#4746));
#759=EDGE_LOOP('',(#4747,#4748,#4749,#4750));
#760=EDGE_LOOP('',(#4751,#4752,#4753,#4754));
#761=EDGE_LOOP('',(#4755,#4756,#4757,#4758));
#762=EDGE_LOOP('',(#4759,#4760,#4761,#4762));
#763=EDGE_LOOP('',(#4763,#4764,#4765,#4766));
#764=EDGE_LOOP('',(#4767,#4768,#4769,#4770));
#765=EDGE_LOOP('',(#4771,#4772,#4773,#4774));
#766=EDGE_LOOP('',(#4775,#4776,#4777,#4778));
#767=EDGE_LOOP('',(#4779,#4780,#4781,#4782));
#768=EDGE_LOOP('',(#4783,#4784,#4785,#4786));
#769=EDGE_LOOP('',(#4787,#4788,#4789,#4790));
#770=EDGE_LOOP('',(#4791,#4792,#4793,#4794));
#771=EDGE_LOOP('',(#4795,#4796,#4797,#4798));
#772=EDGE_LOOP('',(#4799,#4800,#4801,#4802));
#773=EDGE_LOOP('',(#4803,#4804,#4805,#4806));
#774=EDGE_LOOP('',(#4807,#4808,#4809,#4810));
#775=EDGE_LOOP('',(#4811,#4812,#4813,#4814));
#776=EDGE_LOOP('',(#4815,#4816,#4817,#4818));
#777=EDGE_LOOP('',(#4819,#4820,#4821,#4822));
#778=EDGE_LOOP('',(#4823,#4824,#4825,#4826));
#779=EDGE_LOOP('',(#4827,#4828,#4829,#4830));
#780=EDGE_LOOP('',(#4831,#4832,#4833,#4834));
#781=EDGE_LOOP('',(#4835,#4836,#4837,#4838));
#782=EDGE_LOOP('',(#4839,#4840,#4841,#4842));
#783=EDGE_LOOP('',(#4843,#4844,#4845,#4846));
#784=EDGE_LOOP('',(#4847,#4848,#4849,#4850));
#785=EDGE_LOOP('',(#4851,#4852,#4853,#4854));
#786=EDGE_LOOP('',(#4855,#4856,#4857,#4858));
#787=EDGE_LOOP('',(#4859,#4860,#4861,#4862));
#788=EDGE_LOOP('',(#4863,#4864,#4865,#4866));
#789=EDGE_LOOP('',(#4867,#4868,#4869,#4870));
#790=EDGE_LOOP('',(#4871,#4872,#4873,#4874));
#791=EDGE_LOOP('',(#4875,#4876,#4877,#4878));
#792=EDGE_LOOP('',(#4879,#4880,#4881,#4882));
#793=EDGE_LOOP('',(#4883,#4884,#4885,#4886));
#794=EDGE_LOOP('',(#4887,#4888,#4889,#4890));
#795=EDGE_LOOP('',(#4891,#4892,#4893,#4894));
#796=EDGE_LOOP('',(#4895,#4896,#4897,#4898));
#797=EDGE_LOOP('',(#4899,#4900,#4901,#4902));
#798=EDGE_LOOP('',(#4903,#4904,#4905,#4906));
#799=EDGE_LOOP('',(#4907,#4908,#4909,#4910));
#800=EDGE_LOOP('',(#4911,#4912,#4913,#4914));
#801=EDGE_LOOP('',(#4915,#4916,#4917,#4918));
#802=EDGE_LOOP('',(#4919,#4920,#4921,#4922));
#803=EDGE_LOOP('',(#4923,#4924,#4925,#4926));
#804=EDGE_LOOP('',(#4927,#4928,#4929,#4930));
#805=EDGE_LOOP('',(#4931,#4932,#4933,#4934,#4935,#4936,#4937,#4938,#4939,
#4940,#4941,#4942,#4943,#4944,#4945,#4946,#4947,#4948,#4949,#4950,#4951,
#4952,#4953,#4954,#4955,#4956,#4957,#4958,#4959,#4960,#4961,#4962,#4963,
#4964,#4965,#4966,#4967,#4968,#4969,#4970,#4971,#4972,#4973,#4974,#4975,
#4976,#4977,#4978,#4979,#4980,#4981,#4982,#4983,#4984,#4985,#4986));
#806=EDGE_LOOP('',(#4987));
#807=EDGE_LOOP('',(#4988,#4989,#4990,#4991));
#808=EDGE_LOOP('',(#4992,#4993,#4994,#4995));
#809=EDGE_LOOP('',(#4996,#4997,#4998,#4999));
#810=EDGE_LOOP('',(#5000,#5001,#5002,#5003));
#811=EDGE_LOOP('',(#5004,#5005,#5006,#5007,#5008,#5009));
#812=EDGE_LOOP('',(#5010));
#813=EDGE_LOOP('',(#5011,#5012,#5013,#5014));
#814=EDGE_LOOP('',(#5015,#5016,#5017,#5018));
#815=EDGE_LOOP('',(#5019,#5020,#5021,#5022));
#816=EDGE_LOOP('',(#5023,#5024,#5025,#5026));
#817=EDGE_LOOP('',(#5027,#5028,#5029,#5030));
#818=EDGE_LOOP('',(#5031,#5032,#5033,#5034));
#819=EDGE_LOOP('',(#5035,#5036,#5037,#5038));
#820=EDGE_LOOP('',(#5039,#5040,#5041,#5042,#5043,#5044));
#821=EDGE_LOOP('',(#5045));
#822=EDGE_LOOP('',(#5046,#5047,#5048,#5049));
#823=EDGE_LOOP('',(#5050,#5051,#5052,#5053));
#824=EDGE_LOOP('',(#5054,#5055,#5056,#5057));
#825=EDGE_LOOP('',(#5058,#5059,#5060,#5061));
#826=EDGE_LOOP('',(#5062,#5063,#5064,#5065));
#827=EDGE_LOOP('',(#5066,#5067,#5068,#5069));
#828=EDGE_LOOP('',(#5070,#5071,#5072,#5073));
#829=EDGE_LOOP('',(#5074,#5075,#5076,#5077,#5078,#5079,#5080,#5081,#5082,
#5083));
#830=EDGE_LOOP('',(#5084,#5085,#5086,#5087,#5088,#5089,#5090,#5091,#5092,
#5093));
#831=EDGE_LOOP('',(#5094));
#832=EDGE_LOOP('',(#5095,#5096,#5097,#5098));
#833=EDGE_LOOP('',(#5099,#5100,#5101,#5102,#5103,#5104,#5105,#5106,#5107,
#5108,#5109,#5110,#5111,#5112,#5113,#5114,#5115,#5116,#5117,#5118,#5119,
#5120,#5121,#5122,#5123,#5124,#5125,#5126,#5127,#5128,#5129,#5130));
#834=EDGE_LOOP('',(#5131));
#835=EDGE_LOOP('',(#5132));
#836=EDGE_LOOP('',(#5133,#5134,#5135,#5136));
#837=EDGE_LOOP('',(#5137,#5138,#5139,#5140));
#838=EDGE_LOOP('',(#5141,#5142,#5143,#5144));
#839=EDGE_LOOP('',(#5145,#5146,#5147,#5148));
#840=EDGE_LOOP('',(#5149,#5150,#5151,#5152,#5153,#5154,#5155,#5156,#5157,
#5158));
#841=EDGE_LOOP('',(#5159));
#842=EDGE_LOOP('',(#5160,#5161,#5162,#5163));
#843=EDGE_LOOP('',(#5164,#5165,#5166,#5167));
#844=EDGE_LOOP('',(#5168,#5169,#5170,#5171));
#845=EDGE_LOOP('',(#5172,#5173,#5174,#5175));
#846=EDGE_LOOP('',(#5176,#5177,#5178,#5179));
#847=EDGE_LOOP('',(#5180,#5181,#5182,#5183));
#848=EDGE_LOOP('',(#5184,#5185,#5186,#5187));
#849=EDGE_LOOP('',(#5188,#5189,#5190,#5191));
#850=EDGE_LOOP('',(#5192,#5193,#5194,#5195));
#851=EDGE_LOOP('',(#5196,#5197,#5198,#5199));
#852=EDGE_LOOP('',(#5200,#5201,#5202,#5203));
#853=EDGE_LOOP('',(#5204,#5205,#5206,#5207));
#854=EDGE_LOOP('',(#5208,#5209,#5210,#5211));
#855=EDGE_LOOP('',(#5212,#5213,#5214,#5215));
#856=EDGE_LOOP('',(#5216,#5217,#5218,#5219));
#857=EDGE_LOOP('',(#5220,#5221,#5222,#5223));
#858=EDGE_LOOP('',(#5224,#5225,#5226,#5227));
#859=EDGE_LOOP('',(#5228,#5229,#5230,#5231));
#860=EDGE_LOOP('',(#5232,#5233,#5234,#5235));
#861=EDGE_LOOP('',(#5236,#5237,#5238,#5239));
#862=EDGE_LOOP('',(#5240,#5241,#5242,#5243));
#863=EDGE_LOOP('',(#5244,#5245,#5246,#5247));
#864=EDGE_LOOP('',(#5248,#5249,#5250,#5251,#5252,#5253,#5254,#5255,#5256,
#5257,#5258,#5259,#5260,#5261,#5262,#5263,#5264,#5265,#5266,#5267,#5268,
#5269,#5270,#5271,#5272,#5273,#5274,#5275,#5276,#5277,#5278,#5279));
#865=EDGE_LOOP('',(#5280));
#866=EDGE_LOOP('',(#5281));
#867=EDGE_LOOP('',(#5282,#5283,#5284,#5285));
#868=EDGE_LOOP('',(#5286,#5287,#5288,#5289,#5290,#5291,#5292,#5293,#5294,
#5295,#5296,#5297,#5298,#5299));
#869=EDGE_LOOP('',(#5300));
#870=EDGE_LOOP('',(#5301,#5302,#5303,#5304,#5305,#5306,#5307,#5308,#5309,
#5310,#5311,#5312,#5313,#5314));
#871=EDGE_LOOP('',(#5315,#5316,#5317,#5318));
#872=EDGE_LOOP('',(#5319,#5320,#5321,#5322,#5323,#5324,#5325,#5326));
#873=EDGE_LOOP('',(#5327,#5328,#5329,#5330));
#874=EDGE_LOOP('',(#5331,#5332,#5333,#5334));
#875=EDGE_LOOP('',(#5335,#5336,#5337,#5338));
#876=EDGE_LOOP('',(#5339,#5340,#5341,#5342));
#877=EDGE_LOOP('',(#5343,#5344,#5345,#5346));
#878=EDGE_LOOP('',(#5347,#5348,#5349,#5350));
#879=EDGE_LOOP('',(#5351,#5352,#5353,#5354));
#880=EDGE_LOOP('',(#5355,#5356,#5357,#5358));
#881=EDGE_LOOP('',(#5359,#5360,#5361,#5362));
#882=EDGE_LOOP('',(#5363,#5364,#5365,#5366,#5367,#5368,#5369,#5370,#5371,
#5372,#5373,#5374,#5375,#5376));
#883=EDGE_LOOP('',(#5377,#5378,#5379,#5380,#5381,#5382,#5383,#5384,#5385,
#5386,#5387,#5388,#5389,#5390));
#884=EDGE_LOOP('',(#5391));
#885=EDGE_LOOP('',(#5392,#5393,#5394,#5395));
#886=EDGE_LOOP('',(#5396,#5397,#5398,#5399));
#887=EDGE_LOOP('',(#5400));
#888=EDGE_LOOP('',(#5401));
#889=EDGE_LOOP('',(#5402));
#890=EDGE_LOOP('',(#5403));
#891=EDGE_LOOP('',(#5404,#5405,#5406,#5407));
#892=EDGE_LOOP('',(#5408,#5409,#5410,#5411));
#893=EDGE_LOOP('',(#5412,#5413,#5414,#5415));
#894=EDGE_LOOP('',(#5416,#5417,#5418,#5419));
#895=EDGE_LOOP('',(#5420,#5421,#5422,#5423,#5424));
#896=EDGE_LOOP('',(#5425,#5426,#5427,#5428,#5429));
#897=EDGE_LOOP('',(#5430,#5431,#5432,#5433));
#898=EDGE_LOOP('',(#5434,#5435,#5436,#5437,#5438,#5439));
#899=EDGE_LOOP('',(#5440,#5441,#5442,#5443,#5444,#5445,#5446,#5447,#5448,
#5449,#5450,#5451,#5452,#5453,#5454,#5455,#5456,#5457,#5458,#5459,#5460,
#5461,#5462,#5463,#5464,#5465,#5466,#5467,#5468,#5469,#5470,#5471,#5472,
#5473,#5474,#5475,#5476));
#900=EDGE_LOOP('',(#5477,#5478,#5479,#5480,#5481,#5482,#5483,#5484,#5485,
#5486,#5487,#5488,#5489,#5490,#5491,#5492,#5493,#5494,#5495,#5496,#5497,
#5498,#5499,#5500,#5501,#5502,#5503,#5504,#5505,#5506,#5507,#5508,#5509,
#5510,#5511,#5512,#5513));
#901=EDGE_LOOP('',(#5514,#5515,#5516,#5517));
#902=EDGE_LOOP('',(#5518,#5519,#5520,#5521));
#903=EDGE_LOOP('',(#5522,#5523,#5524,#5525));
#904=EDGE_LOOP('',(#5526,#5527,#5528,#5529));
#905=EDGE_LOOP('',(#5530,#5531,#5532,#5533));
#906=EDGE_LOOP('',(#5534,#5535,#5536,#5537));
#907=EDGE_LOOP('',(#5538,#5539,#5540,#5541));
#908=EDGE_LOOP('',(#5542,#5543,#5544,#5545));
#909=EDGE_LOOP('',(#5546,#5547,#5548,#5549));
#910=EDGE_LOOP('',(#5550,#5551,#5552,#5553));
#911=EDGE_LOOP('',(#5554,#5555,#5556,#5557));
#912=EDGE_LOOP('',(#5558,#5559,#5560,#5561));
#913=EDGE_LOOP('',(#5562,#5563,#5564,#5565));
#914=EDGE_LOOP('',(#5566,#5567,#5568,#5569));
#915=EDGE_LOOP('',(#5570,#5571,#5572,#5573));
#916=EDGE_LOOP('',(#5574,#5575,#5576,#5577));
#917=EDGE_LOOP('',(#5578,#5579,#5580,#5581));
#918=EDGE_LOOP('',(#5582,#5583,#5584,#5585));
#919=EDGE_LOOP('',(#5586,#5587,#5588,#5589));
#920=EDGE_LOOP('',(#5590,#5591,#5592,#5593));
#921=EDGE_LOOP('',(#5594,#5595,#5596,#5597));
#922=EDGE_LOOP('',(#5598,#5599,#5600,#5601));
#923=EDGE_LOOP('',(#5602,#5603,#5604,#5605));
#924=EDGE_LOOP('',(#5606,#5607,#5608,#5609));
#925=EDGE_LOOP('',(#5610,#5611,#5612,#5613));
#926=EDGE_LOOP('',(#5614,#5615,#5616,#5617));
#927=EDGE_LOOP('',(#5618,#5619,#5620,#5621));
#928=EDGE_LOOP('',(#5622));
#929=EDGE_LOOP('',(#5623,#5624,#5625,#5626,#5627));
#930=EDGE_LOOP('',(#5628,#5629,#5630,#5631,#5632));
#931=EDGE_LOOP('',(#5633));
#932=EDGE_LOOP('',(#5634,#5635,#5636,#5637,#5638,#5639,#5640,#5641,#5642,
#5643,#5644,#5645,#5646,#5647));
#933=EDGE_LOOP('',(#5648,#5649,#5650,#5651,#5652,#5653,#5654,#5655));
#934=EDGE_LOOP('',(#5656,#5657,#5658,#5659,#5660,#5661,#5662,#5663));
#935=EDGE_LOOP('',(#5664,#5665,#5666,#5667,#5668,#5669));
#936=EDGE_LOOP('',(#5670,#5671,#5672,#5673));
#937=EDGE_LOOP('',(#5674,#5675,#5676,#5677,#5678,#5679,#5680));
#938=EDGE_LOOP('',(#5681,#5682,#5683,#5684,#5685,#5686,#5687,#5688));
#939=EDGE_LOOP('',(#5689,#5690,#5691,#5692));
#940=EDGE_LOOP('',(#5693,#5694,#5695,#5696));
#941=EDGE_LOOP('',(#5697,#5698,#5699,#5700));
#942=EDGE_LOOP('',(#5701,#5702,#5703,#5704));
#943=EDGE_LOOP('',(#5705));
#944=EDGE_LOOP('',(#5706,#5707,#5708,#5709));
#945=EDGE_LOOP('',(#5710,#5711,#5712,#5713));
#946=EDGE_LOOP('',(#5714,#5715,#5716,#5717));
#947=EDGE_LOOP('',(#5718,#5719,#5720,#5721));
#948=EDGE_LOOP('',(#5722,#5723,#5724,#5725));
#949=EDGE_LOOP('',(#5726,#5727,#5728,#5729));
#950=EDGE_LOOP('',(#5730,#5731,#5732,#5733));
#951=EDGE_LOOP('',(#5734,#5735,#5736,#5737));
#952=EDGE_LOOP('',(#5738,#5739,#5740,#5741));
#953=EDGE_LOOP('',(#5742,#5743,#5744,#5745));
#954=EDGE_LOOP('',(#5746,#5747,#5748,#5749));
#955=EDGE_LOOP('',(#5750,#5751,#5752,#5753,#5754,#5755,#5756,#5757,#5758,
#5759,#5760,#5761,#5762,#5763));
#956=EDGE_LOOP('',(#5764,#5765,#5766,#5767));
#957=EDGE_LOOP('',(#5768,#5769,#5770,#5771));
#958=EDGE_LOOP('',(#5772));
#959=EDGE_LOOP('',(#5773,#5774));
#960=EDGE_LOOP('',(#5775,#5776,#5777,#5778));
#961=EDGE_LOOP('',(#5779));
#962=EDGE_LOOP('',(#5780));
#963=EDGE_LOOP('',(#5781));
#964=EDGE_LOOP('',(#5782,#5783,#5784,#5785,#5786,#5787));
#965=EDGE_LOOP('',(#5788));
#966=EDGE_LOOP('',(#5789));
#967=EDGE_LOOP('',(#5790,#5791));
#968=EDGE_LOOP('',(#5792,#5793));
#969=EDGE_LOOP('',(#5794,#5795));
#970=EDGE_LOOP('',(#5796,#5797));
#971=EDGE_LOOP('',(#5798,#5799));
#972=EDGE_LOOP('',(#5800,#5801,#5802,#5803,#5804,#5805));
#973=EDGE_LOOP('',(#5806,#5807,#5808,#5809));
#974=EDGE_LOOP('',(#5810,#5811,#5812,#5813));
#975=EDGE_LOOP('',(#5814,#5815,#5816,#5817));
#976=EDGE_LOOP('',(#5818,#5819,#5820,#5821));
#977=EDGE_LOOP('',(#5822,#5823,#5824,#5825));
#978=EDGE_LOOP('',(#5826,#5827,#5828,#5829));
#979=EDGE_LOOP('',(#5830,#5831,#5832,#5833,#5834,#5835,#5836,#5837,#5838,
#5839,#5840,#5841,#5842,#5843,#5844,#5845,#5846,#5847,#5848,#5849,#5850,
#5851,#5852,#5853,#5854,#5855,#5856,#5857,#5858,#5859,#5860,#5861,#5862,
#5863,#5864,#5865,#5866,#5867,#5868,#5869,#5870,#5871,#5872,#5873,#5874,
#5875,#5876,#5877,#5878,#5879,#5880,#5881,#5882,#5883,#5884,#5885,#5886,
#5887,#5888,#5889));
#980=EDGE_LOOP('',(#5890));
#981=EDGE_LOOP('',(#5891,#5892,#5893,#5894,#5895,#5896,#5897,#5898,#5899,
#5900,#5901,#5902,#5903,#5904,#5905,#5906,#5907,#5908,#5909,#5910,#5911,
#5912,#5913,#5914,#5915,#5916,#5917,#5918,#5919,#5920,#5921,#5922,#5923,
#5924,#5925,#5926,#5927,#5928,#5929,#5930,#5931,#5932,#5933,#5934,#5935,
#5936,#5937,#5938,#5939,#5940,#5941,#5942,#5943,#5944,#5945,#5946,#5947,
#5948,#5949,#5950));
#982=EDGE_LOOP('',(#5951));
#983=EDGE_LOOP('',(#5952,#5953,#5954,#5955));
#984=EDGE_LOOP('',(#5956,#5957,#5958,#5959));
#985=EDGE_LOOP('',(#5960,#5961,#5962,#5963));
#986=EDGE_LOOP('',(#5964,#5965,#5966,#5967));
#987=EDGE_LOOP('',(#5968,#5969,#5970,#5971));
#988=EDGE_LOOP('',(#5972,#5973,#5974,#5975));
#989=EDGE_LOOP('',(#5976,#5977,#5978,#5979));
#990=EDGE_LOOP('',(#5980,#5981,#5982,#5983));
#991=EDGE_LOOP('',(#5984,#5985,#5986,#5987));
#992=EDGE_LOOP('',(#5988,#5989,#5990,#5991));
#993=EDGE_LOOP('',(#5992,#5993,#5994,#5995));
#994=EDGE_LOOP('',(#5996,#5997,#5998,#5999));
#995=EDGE_LOOP('',(#6000,#6001,#6002,#6003));
#996=EDGE_LOOP('',(#6004,#6005,#6006,#6007));
#997=EDGE_LOOP('',(#6008,#6009,#6010,#6011));
#998=EDGE_LOOP('',(#6012,#6013,#6014,#6015));
#999=EDGE_LOOP('',(#6016,#6017,#6018,#6019));
#1000=EDGE_LOOP('',(#6020,#6021,#6022,#6023));
#1001=EDGE_LOOP('',(#6024,#6025,#6026,#6027));
#1002=EDGE_LOOP('',(#6028,#6029,#6030,#6031));
#1003=EDGE_LOOP('',(#6032,#6033,#6034,#6035));
#1004=EDGE_LOOP('',(#6036,#6037,#6038,#6039));
#1005=EDGE_LOOP('',(#6040,#6041,#6042,#6043));
#1006=EDGE_LOOP('',(#6044,#6045,#6046,#6047));
#1007=EDGE_LOOP('',(#6048,#6049,#6050,#6051));
#1008=EDGE_LOOP('',(#6052,#6053,#6054,#6055));
#1009=EDGE_LOOP('',(#6056,#6057,#6058,#6059));
#1010=EDGE_LOOP('',(#6060,#6061,#6062,#6063));
#1011=EDGE_LOOP('',(#6064,#6065,#6066,#6067));
#1012=EDGE_LOOP('',(#6068,#6069,#6070,#6071));
#1013=EDGE_LOOP('',(#6072,#6073,#6074,#6075));
#1014=EDGE_LOOP('',(#6076,#6077,#6078,#6079));
#1015=EDGE_LOOP('',(#6080,#6081,#6082,#6083));
#1016=EDGE_LOOP('',(#6084,#6085,#6086,#6087));
#1017=EDGE_LOOP('',(#6088,#6089,#6090,#6091));
#1018=EDGE_LOOP('',(#6092,#6093,#6094,#6095));
#1019=EDGE_LOOP('',(#6096,#6097,#6098,#6099));
#1020=EDGE_LOOP('',(#6100,#6101,#6102,#6103));
#1021=EDGE_LOOP('',(#6104,#6105,#6106,#6107));
#1022=EDGE_LOOP('',(#6108,#6109,#6110,#6111));
#1023=EDGE_LOOP('',(#6112,#6113,#6114,#6115));
#1024=EDGE_LOOP('',(#6116,#6117,#6118,#6119));
#1025=EDGE_LOOP('',(#6120,#6121,#6122,#6123));
#1026=EDGE_LOOP('',(#6124,#6125,#6126,#6127));
#1027=EDGE_LOOP('',(#6128,#6129,#6130,#6131));
#1028=EDGE_LOOP('',(#6132,#6133,#6134,#6135));
#1029=EDGE_LOOP('',(#6136,#6137,#6138,#6139));
#1030=EDGE_LOOP('',(#6140,#6141,#6142,#6143));
#1031=EDGE_LOOP('',(#6144,#6145,#6146,#6147));
#1032=EDGE_LOOP('',(#6148,#6149,#6150,#6151));
#1033=EDGE_LOOP('',(#6152,#6153,#6154,#6155));
#1034=EDGE_LOOP('',(#6156,#6157,#6158,#6159));
#1035=EDGE_LOOP('',(#6160,#6161,#6162,#6163));
#1036=EDGE_LOOP('',(#6164,#6165,#6166,#6167));
#1037=EDGE_LOOP('',(#6168,#6169,#6170,#6171));
#1038=EDGE_LOOP('',(#6172,#6173,#6174,#6175));
#1039=EDGE_LOOP('',(#6176,#6177,#6178,#6179));
#1040=EDGE_LOOP('',(#6180,#6181,#6182,#6183));
#1041=EDGE_LOOP('',(#6184,#6185,#6186,#6187));
#1042=EDGE_LOOP('',(#6188,#6189,#6190,#6191));
#1043=EDGE_LOOP('',(#6192,#6193,#6194,#6195));
#1044=EDGE_LOOP('',(#6196,#6197,#6198,#6199,#6200,#6201,#6202,#6203,#6204,
#6205,#6206,#6207,#6208,#6209,#6210,#6211,#6212,#6213,#6214,#6215,#6216,
#6217,#6218,#6219,#6220,#6221,#6222,#6223,#6224,#6225,#6226,#6227,#6228,
#6229,#6230,#6231,#6232,#6233,#6234,#6235,#6236,#6237,#6238,#6239,#6240,
#6241,#6242,#6243,#6244,#6245,#6246,#6247,#6248,#6249,#6250,#6251,#6252,
#6253,#6254,#6255));
#1045=EDGE_LOOP('',(#6256));
#1046=EDGE_LOOP('',(#6257,#6258,#6259,#6260,#6261,#6262,#6263,#6264,#6265,
#6266,#6267,#6268,#6269,#6270,#6271,#6272,#6273,#6274,#6275,#6276,#6277,
#6278,#6279,#6280,#6281,#6282,#6283,#6284,#6285,#6286,#6287,#6288,#6289,
#6290,#6291,#6292,#6293,#6294,#6295,#6296,#6297,#6298,#6299,#6300,#6301,
#6302,#6303,#6304,#6305,#6306,#6307,#6308,#6309,#6310,#6311,#6312,#6313,
#6314,#6315,#6316));
#1047=EDGE_LOOP('',(#6317));
#1048=EDGE_LOOP('',(#6318,#6319,#6320,#6321));
#1049=EDGE_LOOP('',(#6322,#6323,#6324,#6325));
#1050=EDGE_LOOP('',(#6326,#6327,#6328,#6329));
#1051=EDGE_LOOP('',(#6330,#6331,#6332,#6333));
#1052=EDGE_LOOP('',(#6334,#6335,#6336,#6337));
#1053=EDGE_LOOP('',(#6338,#6339,#6340,#6341));
#1054=EDGE_LOOP('',(#6342,#6343,#6344,#6345));
#1055=EDGE_LOOP('',(#6346,#6347,#6348,#6349));
#1056=EDGE_LOOP('',(#6350,#6351,#6352,#6353));
#1057=EDGE_LOOP('',(#6354,#6355,#6356,#6357));
#1058=EDGE_LOOP('',(#6358,#6359,#6360,#6361));
#1059=EDGE_LOOP('',(#6362,#6363,#6364,#6365));
#1060=EDGE_LOOP('',(#6366,#6367,#6368,#6369));
#1061=EDGE_LOOP('',(#6370,#6371,#6372,#6373));
#1062=EDGE_LOOP('',(#6374,#6375,#6376,#6377));
#1063=EDGE_LOOP('',(#6378,#6379,#6380,#6381));
#1064=EDGE_LOOP('',(#6382,#6383,#6384,#6385));
#1065=EDGE_LOOP('',(#6386,#6387,#6388,#6389));
#1066=EDGE_LOOP('',(#6390,#6391,#6392,#6393));
#1067=EDGE_LOOP('',(#6394,#6395,#6396,#6397));
#1068=EDGE_LOOP('',(#6398,#6399,#6400,#6401));
#1069=EDGE_LOOP('',(#6402,#6403,#6404,#6405));
#1070=EDGE_LOOP('',(#6406,#6407,#6408,#6409));
#1071=EDGE_LOOP('',(#6410,#6411,#6412,#6413));
#1072=EDGE_LOOP('',(#6414,#6415,#6416,#6417));
#1073=EDGE_LOOP('',(#6418,#6419,#6420,#6421));
#1074=EDGE_LOOP('',(#6422,#6423,#6424,#6425));
#1075=EDGE_LOOP('',(#6426,#6427,#6428,#6429));
#1076=EDGE_LOOP('',(#6430,#6431,#6432,#6433));
#1077=EDGE_LOOP('',(#6434,#6435,#6436,#6437));
#1078=EDGE_LOOP('',(#6438,#6439,#6440,#6441));
#1079=EDGE_LOOP('',(#6442,#6443,#6444,#6445));
#1080=EDGE_LOOP('',(#6446,#6447,#6448,#6449));
#1081=EDGE_LOOP('',(#6450,#6451,#6452,#6453));
#1082=EDGE_LOOP('',(#6454,#6455,#6456,#6457));
#1083=EDGE_LOOP('',(#6458,#6459,#6460,#6461));
#1084=EDGE_LOOP('',(#6462,#6463,#6464,#6465));
#1085=EDGE_LOOP('',(#6466,#6467,#6468,#6469));
#1086=EDGE_LOOP('',(#6470,#6471,#6472,#6473));
#1087=EDGE_LOOP('',(#6474,#6475,#6476,#6477));
#1088=EDGE_LOOP('',(#6478,#6479,#6480,#6481));
#1089=EDGE_LOOP('',(#6482,#6483,#6484,#6485));
#1090=EDGE_LOOP('',(#6486,#6487,#6488,#6489));
#1091=EDGE_LOOP('',(#6490,#6491,#6492,#6493));
#1092=EDGE_LOOP('',(#6494,#6495,#6496,#6497));
#1093=EDGE_LOOP('',(#6498,#6499,#6500,#6501));
#1094=EDGE_LOOP('',(#6502,#6503,#6504,#6505));
#1095=EDGE_LOOP('',(#6506,#6507,#6508,#6509));
#1096=EDGE_LOOP('',(#6510,#6511,#6512,#6513));
#1097=EDGE_LOOP('',(#6514,#6515,#6516,#6517));
#1098=EDGE_LOOP('',(#6518,#6519,#6520,#6521));
#1099=EDGE_LOOP('',(#6522,#6523,#6524,#6525));
#1100=EDGE_LOOP('',(#6526,#6527,#6528,#6529));
#1101=EDGE_LOOP('',(#6530,#6531,#6532,#6533));
#1102=EDGE_LOOP('',(#6534,#6535,#6536,#6537));
#1103=EDGE_LOOP('',(#6538,#6539,#6540,#6541));
#1104=EDGE_LOOP('',(#6542,#6543,#6544,#6545));
#1105=EDGE_LOOP('',(#6546,#6547,#6548,#6549));
#1106=EDGE_LOOP('',(#6550,#6551,#6552,#6553));
#1107=EDGE_LOOP('',(#6554,#6555,#6556,#6557));
#1108=EDGE_LOOP('',(#6558,#6559,#6560,#6561));
#1109=EDGE_LOOP('',(#6562,#6563,#6564,#6565,#6566,#6567,#6568,#6569,#6570,
#6571,#6572,#6573,#6574,#6575,#6576,#6577));
#1110=EDGE_LOOP('',(#6578));
#1111=EDGE_LOOP('',(#6579));
#1112=EDGE_LOOP('',(#6580,#6581,#6582,#6583));
#1113=EDGE_LOOP('',(#6584,#6585,#6586,#6587));
#1114=EDGE_LOOP('',(#6588,#6589,#6590,#6591));
#1115=EDGE_LOOP('',(#6592,#6593,#6594,#6595));
#1116=EDGE_LOOP('',(#6596,#6597,#6598,#6599));
#1117=EDGE_LOOP('',(#6600,#6601,#6602,#6603));
#1118=EDGE_LOOP('',(#6604,#6605,#6606,#6607));
#1119=EDGE_LOOP('',(#6608,#6609,#6610,#6611));
#1120=EDGE_LOOP('',(#6612,#6613,#6614,#6615));
#1121=EDGE_LOOP('',(#6616,#6617,#6618,#6619));
#1122=EDGE_LOOP('',(#6620,#6621,#6622,#6623));
#1123=EDGE_LOOP('',(#6624,#6625,#6626,#6627));
#1124=EDGE_LOOP('',(#6628,#6629,#6630,#6631));
#1125=EDGE_LOOP('',(#6632,#6633,#6634,#6635));
#1126=EDGE_LOOP('',(#6636,#6637,#6638,#6639));
#1127=EDGE_LOOP('',(#6640,#6641,#6642,#6643));
#1128=EDGE_LOOP('',(#6644,#6645,#6646,#6647));
#1129=EDGE_LOOP('',(#6648,#6649,#6650,#6651));
#1130=EDGE_LOOP('',(#6652,#6653,#6654,#6655));
#1131=EDGE_LOOP('',(#6656,#6657,#6658,#6659,#6660,#6661,#6662,#6663,#6664,
#6665,#6666,#6667,#6668,#6669,#6670,#6671));
#1132=EDGE_LOOP('',(#6672));
#1133=EDGE_LOOP('',(#6673));
#1134=EDGE_LOOP('',(#6674,#6675,#6676,#6677));
#1135=EDGE_LOOP('',(#6678,#6679,#6680,#6681));
#1136=EDGE_LOOP('',(#6682,#6683,#6684,#6685));
#1137=EDGE_LOOP('',(#6686,#6687,#6688,#6689));
#1138=EDGE_LOOP('',(#6690,#6691,#6692,#6693));
#1139=LINE('',#10085,#1889);
#1140=LINE('',#10089,#1890);
#1141=LINE('',#10091,#1891);
#1142=LINE('',#10092,#1892);
#1143=LINE('',#10098,#1893);
#1144=LINE('',#10102,#1894);
#1145=LINE('',#10105,#1895);
#1146=LINE('',#10108,#1896);
#1147=LINE('',#10110,#1897);
#1148=LINE('',#10112,#1898);
#1149=LINE('',#10116,#1899);
#1150=LINE('',#10117,#1900);
#1151=LINE('',#10119,#1901);
#1152=LINE('',#10122,#1902);
#1153=LINE('',#10123,#1903);
#1154=LINE('',#10126,#1904);
#1155=LINE('',#10131,#1905);
#1156=LINE('',#10135,#1906);
#1157=LINE('',#10138,#1907);
#1158=LINE('',#10143,#1908);
#1159=LINE('',#10150,#1909);
#1160=LINE('',#10153,#1910);
#1161=LINE('',#10156,#1911);
#1162=LINE('',#10158,#1912);
#1163=LINE('',#10160,#1913);
#1164=LINE('',#10164,#1914);
#1165=LINE('',#10168,#1915);
#1166=LINE('',#10172,#1916);
#1167=LINE('',#10176,#1917);
#1168=LINE('',#10180,#1918);
#1169=LINE('',#10184,#1919);
#1170=LINE('',#10188,#1920);
#1171=LINE('',#10192,#1921);
#1172=LINE('',#10196,#1922);
#1173=LINE('',#10200,#1923);
#1174=LINE('',#10204,#1924);
#1175=LINE('',#10208,#1925);
#1176=LINE('',#10212,#1926);
#1177=LINE('',#10215,#1927);
#1178=LINE('',#10217,#1928);
#1179=LINE('',#10221,#1929);
#1180=LINE('',#10225,#1930);
#1181=LINE('',#10229,#1931);
#1182=LINE('',#10233,#1932);
#1183=LINE('',#10237,#1933);
#1184=LINE('',#10241,#1934);
#1185=LINE('',#10245,#1935);
#1186=LINE('',#10249,#1936);
#1187=LINE('',#10253,#1937);
#1188=LINE('',#10257,#1938);
#1189=LINE('',#10260,#1939);
#1190=LINE('',#10263,#1940);
#1191=LINE('',#10264,#1941);
#1192=LINE('',#10268,#1942);
#1193=LINE('',#10271,#1943);
#1194=LINE('',#10274,#1944);
#1195=LINE('',#10276,#1945);
#1196=LINE('',#10281,#1946);
#1197=LINE('',#10282,#1947);
#1198=LINE('',#10284,#1948);
#1199=LINE('',#10289,#1949);
#1200=LINE('',#10290,#1950);
#1201=LINE('',#10293,#1951);
#1202=LINE('',#10294,#1952);
#1203=LINE('',#10297,#1953);
#1204=LINE('',#10300,#1954);
#1205=LINE('',#10303,#1955);
#1206=LINE('',#10304,#1956);
#1207=LINE('',#10307,#1957);
#1208=LINE('',#10310,#1958);
#1209=LINE('',#10313,#1959);
#1210=LINE('',#10314,#1960);
#1211=LINE('',#10320,#1961);
#1212=LINE('',#10323,#1962);
#1213=LINE('',#10324,#1963);
#1214=LINE('',#10328,#1964);
#1215=LINE('',#10331,#1965);
#1216=LINE('',#10334,#1966);
#1217=LINE('',#10336,#1967);
#1218=LINE('',#10341,#1968);
#1219=LINE('',#10342,#1969);
#1220=LINE('',#10344,#1970);
#1221=LINE('',#10347,#1971);
#1222=LINE('',#10350,#1972);
#1223=LINE('',#10353,#1973);
#1224=LINE('',#10354,#1974);
#1225=LINE('',#10358,#1975);
#1226=LINE('',#10361,#1976);
#1227=LINE('',#10364,#1977);
#1228=LINE('',#10366,#1978);
#1229=LINE('',#10371,#1979);
#1230=LINE('',#10372,#1980);
#1231=LINE('',#10375,#1981);
#1232=LINE('',#10376,#1982);
#1233=LINE('',#10380,#1983);
#1234=LINE('',#10383,#1984);
#1235=LINE('',#10384,#1985);
#1236=LINE('',#10388,#1986);
#1237=LINE('',#10391,#1987);
#1238=LINE('',#10394,#1988);
#1239=LINE('',#10396,#1989);
#1240=LINE('',#10401,#1990);
#1241=LINE('',#10402,#1991);
#1242=LINE('',#10405,#1992);
#1243=LINE('',#10406,#1993);
#1244=LINE('',#10410,#1994);
#1245=LINE('',#10413,#1995);
#1246=LINE('',#10414,#1996);
#1247=LINE('',#10418,#1997);
#1248=LINE('',#10421,#1998);
#1249=LINE('',#10424,#1999);
#1250=LINE('',#10426,#2000);
#1251=LINE('',#10431,#2001);
#1252=LINE('',#10432,#2002);
#1253=LINE('',#10435,#2003);
#1254=LINE('',#10436,#2004);
#1255=LINE('',#10441,#2005);
#1256=LINE('',#10442,#2006);
#1257=LINE('',#10444,#2007);
#1258=LINE('',#10448,#2008);
#1259=LINE('',#10450,#2009);
#1260=LINE('',#10452,#2010);
#1261=LINE('',#10454,#2011);
#1262=LINE('',#10456,#2012);
#1263=LINE('',#10458,#2013);
#1264=LINE('',#10460,#2014);
#1265=LINE('',#10463,#2015);
#1266=LINE('',#10464,#2016);
#1267=LINE('',#10466,#2017);
#1268=LINE('',#10469,#2018);
#1269=LINE('',#10470,#2019);
#1270=LINE('',#10472,#2020);
#1271=LINE('',#10477,#2021);
#1272=LINE('',#10484,#2022);
#1273=LINE('',#10487,#2023);
#1274=LINE('',#10490,#2024);
#1275=LINE('',#10492,#2025);
#1276=LINE('',#10493,#2026);
#1277=LINE('',#10496,#2027);
#1278=LINE('',#10500,#2028);
#1279=LINE('',#10501,#2029);
#1280=LINE('',#10506,#2030);
#1281=LINE('',#10507,#2031);
#1282=LINE('',#10510,#2032);
#1283=LINE('',#10511,#2033);
#1284=LINE('',#10513,#2034);
#1285=LINE('',#10521,#2035);
#1286=LINE('',#10528,#2036);
#1287=LINE('',#10530,#2037);
#1288=LINE('',#10532,#2038);
#1289=LINE('',#10533,#2039);
#1290=LINE('',#10537,#2040);
#1291=LINE('',#10539,#2041);
#1292=LINE('',#10541,#2042);
#1293=LINE('',#10542,#2043);
#1294=LINE('',#10548,#2044);
#1295=LINE('',#10551,#2045);
#1296=LINE('',#10553,#2046);
#1297=LINE('',#10554,#2047);
#1298=LINE('',#10562,#2048);
#1299=LINE('',#10569,#2049);
#1300=LINE('',#10572,#2050);
#1301=LINE('',#10575,#2051);
#1302=LINE('',#10577,#2052);
#1303=LINE('',#10581,#2053);
#1304=LINE('',#10583,#2054);
#1305=LINE('',#10585,#2055);
#1306=LINE('',#10589,#2056);
#1307=LINE('',#10590,#2057);
#1308=LINE('',#10593,#2058);
#1309=LINE('',#10597,#2059);
#1310=LINE('',#10599,#2060);
#1311=LINE('',#10601,#2061);
#1312=LINE('',#10603,#2062);
#1313=LINE('',#10604,#2063);
#1314=LINE('',#10609,#2064);
#1315=LINE('',#10610,#2065);
#1316=LINE('',#10615,#2066);
#1317=LINE('',#10617,#2067);
#1318=LINE('',#10621,#2068);
#1319=LINE('',#10625,#2069);
#1320=LINE('',#10629,#2070);
#1321=LINE('',#10633,#2071);
#1322=LINE('',#10635,#2072);
#1323=LINE('',#10639,#2073);
#1324=LINE('',#10641,#2074);
#1325=LINE('',#10643,#2075);
#1326=LINE('',#10647,#2076);
#1327=LINE('',#10649,#2077);
#1328=LINE('',#10653,#2078);
#1329=LINE('',#10657,#2079);
#1330=LINE('',#10661,#2080);
#1331=LINE('',#10665,#2081);
#1332=LINE('',#10667,#2082);
#1333=LINE('',#10671,#2083);
#1334=LINE('',#10672,#2084);
#1335=LINE('',#10679,#2085);
#1336=LINE('',#10681,#2086);
#1337=LINE('',#10682,#2087);
#1338=LINE('',#10685,#2088);
#1339=LINE('',#10686,#2089);
#1340=LINE('',#10690,#2090);
#1341=LINE('',#10695,#2091);
#1342=LINE('',#10697,#2092);
#1343=LINE('',#10698,#2093);
#1344=LINE('',#10700,#2094);
#1345=LINE('',#10706,#2095);
#1346=LINE('',#10711,#2096);
#1347=LINE('',#10712,#2097);
#1348=LINE('',#10715,#2098);
#1349=LINE('',#10718,#2099);
#1350=LINE('',#10722,#2100);
#1351=LINE('',#10726,#2101);
#1352=LINE('',#10729,#2102);
#1353=LINE('',#10730,#2103);
#1354=LINE('',#10733,#2104);
#1355=LINE('',#10737,#2105);
#1356=LINE('',#10738,#2106);
#1357=LINE('',#10741,#2107);
#1358=LINE('',#10742,#2108);
#1359=LINE('',#10745,#2109);
#1360=LINE('',#10746,#2110);
#1361=LINE('',#10749,#2111);
#1362=LINE('',#10751,#2112);
#1363=LINE('',#10752,#2113);
#1364=LINE('',#10756,#2114);
#1365=LINE('',#10759,#2115);
#1366=LINE('',#10760,#2116);
#1367=LINE('',#10765,#2117);
#1368=LINE('',#10767,#2118);
#1369=LINE('',#10768,#2119);
#1370=LINE('',#10771,#2120);
#1371=LINE('',#10775,#2121);
#1372=LINE('',#10776,#2122);
#1373=LINE('',#10780,#2123);
#1374=LINE('',#10783,#2124);
#1375=LINE('',#10784,#2125);
#1376=LINE('',#10788,#2126);
#1377=LINE('',#10791,#2127);
#1378=LINE('',#10794,#2128);
#1379=LINE('',#10796,#2129);
#1380=LINE('',#10798,#2130);
#1381=LINE('',#10799,#2131);
#1382=LINE('',#10801,#2132);
#1383=LINE('',#10805,#2133);
#1384=LINE('',#10808,#2134);
#1385=LINE('',#10810,#2135);
#1386=LINE('',#10816,#2136);
#1387=LINE('',#10821,#2137);
#1388=LINE('',#10823,#2138);
#1389=LINE('',#10825,#2139);
#1390=LINE('',#10827,#2140);
#1391=LINE('',#10829,#2141);
#1392=LINE('',#10830,#2142);
#1393=LINE('',#10832,#2143);
#1394=LINE('',#10834,#2144);
#1395=LINE('',#10835,#2145);
#1396=LINE('',#10838,#2146);
#1397=LINE('',#10841,#2147);
#1398=LINE('',#10843,#2148);
#1399=LINE('',#10844,#2149);
#1400=LINE('',#10848,#2150);
#1401=LINE('',#10850,#2151);
#1402=LINE('',#10853,#2152);
#1403=LINE('',#10856,#2153);
#1404=LINE('',#10857,#2154);
#1405=LINE('',#10859,#2155);
#1406=LINE('',#10862,#2156);
#1407=LINE('',#10866,#2157);
#1408=LINE('',#10868,#2158);
#1409=LINE('',#10870,#2159);
#1410=LINE('',#10871,#2160);
#1411=LINE('',#10881,#2161);
#1412=LINE('',#10887,#2162);
#1413=LINE('',#10909,#2163);
#1414=LINE('',#10924,#2164);
#1415=LINE('',#10942,#2165);
#1416=LINE('',#10957,#2166);
#1417=LINE('',#10975,#2167);
#1418=LINE('',#10990,#2168);
#1419=LINE('',#11008,#2169);
#1420=LINE('',#11023,#2170);
#1421=LINE('',#11030,#2171);
#1422=LINE('',#11036,#2172);
#1423=LINE('',#11041,#2173);
#1424=LINE('',#11050,#2174);
#1425=LINE('',#11053,#2175);
#1426=LINE('',#11371,#2176);
#1427=LINE('',#11477,#2177);
#1428=LINE('',#11479,#2178);
#1429=LINE('',#11481,#2179);
#1430=LINE('',#11483,#2180);
#1431=LINE('',#11484,#2181);
#1432=LINE('',#11486,#2182);
#1433=LINE('',#11487,#2183);
#1434=LINE('',#11489,#2184);
#1435=LINE('',#11494,#2185);
#1436=LINE('',#11496,#2186);
#1437=LINE('',#11498,#2187);
#1438=LINE('',#11500,#2188);
#1439=LINE('',#11502,#2189);
#1440=LINE('',#11505,#2190);
#1441=LINE('',#11507,#2191);
#1442=LINE('',#11509,#2192);
#1443=LINE('',#11511,#2193);
#1444=LINE('',#11513,#2194);
#1445=LINE('',#11516,#2195);
#1446=LINE('',#11518,#2196);
#1447=LINE('',#11520,#2197);
#1448=LINE('',#11522,#2198);
#1449=LINE('',#11524,#2199);
#1450=LINE('',#11534,#2200);
#1451=LINE('',#11538,#2201);
#1452=LINE('',#11545,#2202);
#1453=LINE('',#11551,#2203);
#1454=LINE('',#11557,#2204);
#1455=LINE('',#11561,#2205);
#1456=LINE('',#11565,#2206);
#1457=LINE('',#11569,#2207);
#1458=LINE('',#11573,#2208);
#1459=LINE('',#11656,#2209);
#1460=LINE('',#11659,#2210);
#1461=LINE('',#11662,#2211);
#1462=LINE('',#11664,#2212);
#1463=LINE('',#11668,#2213);
#1464=LINE('',#11830,#2214);
#1465=LINE('',#11862,#2215);
#1466=LINE('',#11865,#2216);
#1467=LINE('',#11869,#2217);
#1468=LINE('',#11871,#2218);
#1469=LINE('',#11872,#2219);
#1470=LINE('',#11876,#2220);
#1471=LINE('',#11881,#2221);
#1472=LINE('',#11884,#2222);
#1473=LINE('',#11885,#2223);
#1474=LINE('',#11889,#2224);
#1475=LINE('',#11892,#2225);
#1476=LINE('',#11893,#2226);
#1477=LINE('',#11899,#2227);
#1478=LINE('',#11902,#2228);
#1479=LINE('',#11903,#2229);
#1480=LINE('',#11907,#2230);
#1481=LINE('',#11909,#2231);
#1482=LINE('',#11916,#2232);
#1483=LINE('',#11920,#2233);
#1484=LINE('',#11934,#2234);
#1485=LINE('',#11973,#2235);
#1486=LINE('',#11975,#2236);
#1487=LINE('',#11977,#2237);
#1488=LINE('',#11979,#2238);
#1489=LINE('',#11981,#2239);
#1490=LINE('',#11982,#2240);
#1491=LINE('',#11984,#2241);
#1492=LINE('',#11985,#2242);
#1493=LINE('',#11987,#2243);
#1494=LINE('',#11989,#2244);
#1495=LINE('',#11991,#2245);
#1496=LINE('',#11993,#2246);
#1497=LINE('',#12009,#2247);
#1498=LINE('',#12011,#2248);
#1499=LINE('',#12015,#2249);
#1500=LINE('',#12017,#2250);
#1501=LINE('',#12019,#2251);
#1502=LINE('',#12021,#2252);
#1503=LINE('',#12023,#2253);
#1504=LINE('',#12025,#2254);
#1505=LINE('',#12027,#2255);
#1506=LINE('',#12029,#2256);
#1507=LINE('',#12031,#2257);
#1508=LINE('',#12033,#2258);
#1509=LINE('',#12035,#2259);
#1510=LINE('',#12037,#2260);
#1511=LINE('',#12039,#2261);
#1512=LINE('',#12041,#2262);
#1513=LINE('',#12045,#2263);
#1514=LINE('',#12047,#2264);
#1515=LINE('',#12049,#2265);
#1516=LINE('',#12051,#2266);
#1517=LINE('',#12053,#2267);
#1518=LINE('',#12055,#2268);
#1519=LINE('',#12057,#2269);
#1520=LINE('',#12059,#2270);
#1521=LINE('',#12061,#2271);
#1522=LINE('',#12063,#2272);
#1523=LINE('',#12065,#2273);
#1524=LINE('',#12067,#2274);
#1525=LINE('',#12069,#2275);
#1526=LINE('',#12071,#2276);
#1527=LINE('',#12075,#2277);
#1528=LINE('',#12077,#2278);
#1529=LINE('',#12079,#2279);
#1530=LINE('',#12081,#2280);
#1531=LINE('',#12083,#2281);
#1532=LINE('',#12085,#2282);
#1533=LINE('',#12087,#2283);
#1534=LINE('',#12089,#2284);
#1535=LINE('',#12091,#2285);
#1536=LINE('',#12093,#2286);
#1537=LINE('',#12095,#2287);
#1538=LINE('',#12097,#2288);
#1539=LINE('',#12099,#2289);
#1540=LINE('',#12101,#2290);
#1541=LINE('',#12105,#2291);
#1542=LINE('',#12107,#2292);
#1543=LINE('',#12109,#2293);
#1544=LINE('',#12111,#2294);
#1545=LINE('',#12113,#2295);
#1546=LINE('',#12115,#2296);
#1547=LINE('',#12117,#2297);
#1548=LINE('',#12119,#2298);
#1549=LINE('',#12121,#2299);
#1550=LINE('',#12123,#2300);
#1551=LINE('',#12125,#2301);
#1552=LINE('',#12126,#2302);
#1553=LINE('',#12132,#2303);
#1554=LINE('',#12134,#2304);
#1555=LINE('',#12136,#2305);
#1556=LINE('',#12138,#2306);
#1557=LINE('',#12140,#2307);
#1558=LINE('',#12142,#2308);
#1559=LINE('',#12144,#2309);
#1560=LINE('',#12146,#2310);
#1561=LINE('',#12148,#2311);
#1562=LINE('',#12150,#2312);
#1563=LINE('',#12152,#2313);
#1564=LINE('',#12154,#2314);
#1565=LINE('',#12158,#2315);
#1566=LINE('',#12160,#2316);
#1567=LINE('',#12162,#2317);
#1568=LINE('',#12164,#2318);
#1569=LINE('',#12166,#2319);
#1570=LINE('',#12168,#2320);
#1571=LINE('',#12170,#2321);
#1572=LINE('',#12172,#2322);
#1573=LINE('',#12174,#2323);
#1574=LINE('',#12176,#2324);
#1575=LINE('',#12178,#2325);
#1576=LINE('',#12180,#2326);
#1577=LINE('',#12182,#2327);
#1578=LINE('',#12184,#2328);
#1579=LINE('',#12188,#2329);
#1580=LINE('',#12190,#2330);
#1581=LINE('',#12192,#2331);
#1582=LINE('',#12194,#2332);
#1583=LINE('',#12196,#2333);
#1584=LINE('',#12198,#2334);
#1585=LINE('',#12200,#2335);
#1586=LINE('',#12202,#2336);
#1587=LINE('',#12204,#2337);
#1588=LINE('',#12206,#2338);
#1589=LINE('',#12208,#2339);
#1590=LINE('',#12210,#2340);
#1591=LINE('',#12212,#2341);
#1592=LINE('',#12214,#2342);
#1593=LINE('',#12218,#2343);
#1594=LINE('',#12220,#2344);
#1595=LINE('',#12222,#2345);
#1596=LINE('',#12224,#2346);
#1597=LINE('',#12226,#2347);
#1598=LINE('',#12228,#2348);
#1599=LINE('',#12230,#2349);
#1600=LINE('',#12232,#2350);
#1601=LINE('',#12234,#2351);
#1602=LINE('',#12236,#2352);
#1603=LINE('',#12238,#2353);
#1604=LINE('',#12240,#2354);
#1605=LINE('',#12242,#2355);
#1606=LINE('',#12244,#2356);
#1607=LINE('',#12248,#2357);
#1608=LINE('',#12249,#2358);
#1609=LINE('',#12253,#2359);
#1610=LINE('',#12254,#2360);
#1611=LINE('',#12256,#2361);
#1612=LINE('',#12258,#2362);
#1613=LINE('',#12260,#2363);
#1614=LINE('',#12262,#2364);
#1615=LINE('',#12264,#2365);
#1616=LINE('',#12266,#2366);
#1617=LINE('',#12268,#2367);
#1618=LINE('',#12270,#2368);
#1619=LINE('',#12272,#2369);
#1620=LINE('',#12274,#2370);
#1621=LINE('',#12276,#2371);
#1622=LINE('',#12278,#2372);
#1623=LINE('',#12280,#2373);
#1624=LINE('',#12282,#2374);
#1625=LINE('',#12284,#2375);
#1626=LINE('',#12286,#2376);
#1627=LINE('',#12288,#2377);
#1628=LINE('',#12290,#2378);
#1629=LINE('',#12292,#2379);
#1630=LINE('',#12294,#2380);
#1631=LINE('',#12296,#2381);
#1632=LINE('',#12298,#2382);
#1633=LINE('',#12300,#2383);
#1634=LINE('',#12302,#2384);
#1635=LINE('',#12304,#2385);
#1636=LINE('',#12306,#2386);
#1637=LINE('',#12308,#2387);
#1638=LINE('',#12310,#2388);
#1639=LINE('',#12312,#2389);
#1640=LINE('',#12314,#2390);
#1641=LINE('',#12316,#2391);
#1642=LINE('',#12318,#2392);
#1643=LINE('',#12320,#2393);
#1644=LINE('',#12322,#2394);
#1645=LINE('',#12324,#2395);
#1646=LINE('',#12326,#2396);
#1647=LINE('',#12328,#2397);
#1648=LINE('',#12330,#2398);
#1649=LINE('',#12332,#2399);
#1650=LINE('',#12334,#2400);
#1651=LINE('',#12336,#2401);
#1652=LINE('',#12338,#2402);
#1653=LINE('',#12340,#2403);
#1654=LINE('',#12342,#2404);
#1655=LINE('',#12344,#2405);
#1656=LINE('',#12346,#2406);
#1657=LINE('',#12348,#2407);
#1658=LINE('',#12350,#2408);
#1659=LINE('',#12352,#2409);
#1660=LINE('',#12354,#2410);
#1661=LINE('',#12356,#2411);
#1662=LINE('',#12358,#2412);
#1663=LINE('',#12360,#2413);
#1664=LINE('',#12362,#2414);
#1665=LINE('',#12364,#2415);
#1666=LINE('',#12366,#2416);
#1667=LINE('',#12368,#2417);
#1668=LINE('',#12370,#2418);
#1669=LINE('',#12372,#2419);
#1670=LINE('',#12378,#2420);
#1671=LINE('',#12380,#2421);
#1672=LINE('',#12384,#2422);
#1673=LINE('',#12386,#2423);
#1674=LINE('',#12388,#2424);
#1675=LINE('',#12390,#2425);
#1676=LINE('',#12392,#2426);
#1677=LINE('',#12394,#2427);
#1678=LINE('',#12396,#2428);
#1679=LINE('',#12398,#2429);
#1680=LINE('',#12400,#2430);
#1681=LINE('',#12402,#2431);
#1682=LINE('',#12404,#2432);
#1683=LINE('',#12406,#2433);
#1684=LINE('',#12408,#2434);
#1685=LINE('',#12410,#2435);
#1686=LINE('',#12414,#2436);
#1687=LINE('',#12416,#2437);
#1688=LINE('',#12418,#2438);
#1689=LINE('',#12420,#2439);
#1690=LINE('',#12422,#2440);
#1691=LINE('',#12424,#2441);
#1692=LINE('',#12426,#2442);
#1693=LINE('',#12428,#2443);
#1694=LINE('',#12430,#2444);
#1695=LINE('',#12432,#2445);
#1696=LINE('',#12434,#2446);
#1697=LINE('',#12436,#2447);
#1698=LINE('',#12438,#2448);
#1699=LINE('',#12440,#2449);
#1700=LINE('',#12444,#2450);
#1701=LINE('',#12446,#2451);
#1702=LINE('',#12448,#2452);
#1703=LINE('',#12450,#2453);
#1704=LINE('',#12452,#2454);
#1705=LINE('',#12454,#2455);
#1706=LINE('',#12456,#2456);
#1707=LINE('',#12458,#2457);
#1708=LINE('',#12460,#2458);
#1709=LINE('',#12462,#2459);
#1710=LINE('',#12464,#2460);
#1711=LINE('',#12466,#2461);
#1712=LINE('',#12468,#2462);
#1713=LINE('',#12470,#2463);
#1714=LINE('',#12474,#2464);
#1715=LINE('',#12476,#2465);
#1716=LINE('',#12478,#2466);
#1717=LINE('',#12480,#2467);
#1718=LINE('',#12482,#2468);
#1719=LINE('',#12484,#2469);
#1720=LINE('',#12486,#2470);
#1721=LINE('',#12488,#2471);
#1722=LINE('',#12490,#2472);
#1723=LINE('',#12492,#2473);
#1724=LINE('',#12494,#2474);
#1725=LINE('',#12495,#2475);
#1726=LINE('',#12501,#2476);
#1727=LINE('',#12503,#2477);
#1728=LINE('',#12505,#2478);
#1729=LINE('',#12507,#2479);
#1730=LINE('',#12509,#2480);
#1731=LINE('',#12511,#2481);
#1732=LINE('',#12513,#2482);
#1733=LINE('',#12515,#2483);
#1734=LINE('',#12517,#2484);
#1735=LINE('',#12519,#2485);
#1736=LINE('',#12521,#2486);
#1737=LINE('',#12523,#2487);
#1738=LINE('',#12527,#2488);
#1739=LINE('',#12529,#2489);
#1740=LINE('',#12531,#2490);
#1741=LINE('',#12533,#2491);
#1742=LINE('',#12535,#2492);
#1743=LINE('',#12537,#2493);
#1744=LINE('',#12539,#2494);
#1745=LINE('',#12541,#2495);
#1746=LINE('',#12543,#2496);
#1747=LINE('',#12545,#2497);
#1748=LINE('',#12547,#2498);
#1749=LINE('',#12549,#2499);
#1750=LINE('',#12551,#2500);
#1751=LINE('',#12553,#2501);
#1752=LINE('',#12557,#2502);
#1753=LINE('',#12559,#2503);
#1754=LINE('',#12561,#2504);
#1755=LINE('',#12563,#2505);
#1756=LINE('',#12565,#2506);
#1757=LINE('',#12567,#2507);
#1758=LINE('',#12569,#2508);
#1759=LINE('',#12571,#2509);
#1760=LINE('',#12573,#2510);
#1761=LINE('',#12575,#2511);
#1762=LINE('',#12577,#2512);
#1763=LINE('',#12579,#2513);
#1764=LINE('',#12581,#2514);
#1765=LINE('',#12583,#2515);
#1766=LINE('',#12587,#2516);
#1767=LINE('',#12589,#2517);
#1768=LINE('',#12591,#2518);
#1769=LINE('',#12593,#2519);
#1770=LINE('',#12595,#2520);
#1771=LINE('',#12597,#2521);
#1772=LINE('',#12599,#2522);
#1773=LINE('',#12601,#2523);
#1774=LINE('',#12603,#2524);
#1775=LINE('',#12605,#2525);
#1776=LINE('',#12607,#2526);
#1777=LINE('',#12609,#2527);
#1778=LINE('',#12611,#2528);
#1779=LINE('',#12613,#2529);
#1780=LINE('',#12617,#2530);
#1781=LINE('',#12618,#2531);
#1782=LINE('',#12622,#2532);
#1783=LINE('',#12623,#2533);
#1784=LINE('',#12625,#2534);
#1785=LINE('',#12627,#2535);
#1786=LINE('',#12629,#2536);
#1787=LINE('',#12631,#2537);
#1788=LINE('',#12633,#2538);
#1789=LINE('',#12635,#2539);
#1790=LINE('',#12637,#2540);
#1791=LINE('',#12639,#2541);
#1792=LINE('',#12641,#2542);
#1793=LINE('',#12643,#2543);
#1794=LINE('',#12645,#2544);
#1795=LINE('',#12647,#2545);
#1796=LINE('',#12649,#2546);
#1797=LINE('',#12651,#2547);
#1798=LINE('',#12653,#2548);
#1799=LINE('',#12655,#2549);
#1800=LINE('',#12657,#2550);
#1801=LINE('',#12659,#2551);
#1802=LINE('',#12661,#2552);
#1803=LINE('',#12663,#2553);
#1804=LINE('',#12665,#2554);
#1805=LINE('',#12667,#2555);
#1806=LINE('',#12669,#2556);
#1807=LINE('',#12671,#2557);
#1808=LINE('',#12673,#2558);
#1809=LINE('',#12675,#2559);
#1810=LINE('',#12677,#2560);
#1811=LINE('',#12679,#2561);
#1812=LINE('',#12681,#2562);
#1813=LINE('',#12683,#2563);
#1814=LINE('',#12685,#2564);
#1815=LINE('',#12687,#2565);
#1816=LINE('',#12689,#2566);
#1817=LINE('',#12691,#2567);
#1818=LINE('',#12693,#2568);
#1819=LINE('',#12695,#2569);
#1820=LINE('',#12697,#2570);
#1821=LINE('',#12699,#2571);
#1822=LINE('',#12701,#2572);
#1823=LINE('',#12703,#2573);
#1824=LINE('',#12705,#2574);
#1825=LINE('',#12707,#2575);
#1826=LINE('',#12709,#2576);
#1827=LINE('',#12711,#2577);
#1828=LINE('',#12713,#2578);
#1829=LINE('',#12715,#2579);
#1830=LINE('',#12717,#2580);
#1831=LINE('',#12719,#2581);
#1832=LINE('',#12721,#2582);
#1833=LINE('',#12723,#2583);
#1834=LINE('',#12725,#2584);
#1835=LINE('',#12727,#2585);
#1836=LINE('',#12729,#2586);
#1837=LINE('',#12731,#2587);
#1838=LINE('',#12733,#2588);
#1839=LINE('',#12735,#2589);
#1840=LINE('',#12737,#2590);
#1841=LINE('',#12739,#2591);
#1842=LINE('',#12741,#2592);
#1843=LINE('',#12751,#2593);
#1844=LINE('',#12755,#2594);
#1845=LINE('',#12759,#2595);
#1846=LINE('',#12763,#2596);
#1847=LINE('',#12767,#2597);
#1848=LINE('',#12771,#2598);
#1849=LINE('',#12775,#2599);
#1850=LINE('',#12778,#2600);
#1851=LINE('',#12785,#2601);
#1852=LINE('',#12787,#2602);
#1853=LINE('',#12789,#2603);
#1854=LINE('',#12790,#2604);
#1855=LINE('',#12793,#2605);
#1856=LINE('',#12796,#2606);
#1857=LINE('',#12799,#2607);
#1858=LINE('',#12800,#2608);
#1859=LINE('',#12803,#2609);
#1860=LINE('',#12806,#2610);
#1861=LINE('',#12808,#2611);
#1862=LINE('',#12811,#2612);
#1863=LINE('',#12814,#2613);
#1864=LINE('',#12817,#2614);
#1865=LINE('',#12818,#2615);
#1866=LINE('',#12822,#2616);
#1867=LINE('',#12825,#2617);
#1868=LINE('',#12826,#2618);
#1869=LINE('',#12829,#2619);
#1870=LINE('',#12831,#2620);
#1871=LINE('',#12832,#2621);
#1872=LINE('',#12835,#2622);
#1873=LINE('',#12839,#2623);
#1874=LINE('',#12842,#2624);
#1875=LINE('',#12846,#2625);
#1876=LINE('',#12849,#2626);
#1877=LINE('',#12850,#2627);
#1878=LINE('',#12856,#2628);
#1879=LINE('',#12859,#2629);
#1880=LINE('',#12860,#2630);
#1881=LINE('',#12867,#2631);
#1882=LINE('',#12868,#2632);
#1883=LINE('',#12869,#2633);
#1884=LINE('',#12872,#2634);
#1885=LINE('',#12873,#2635);
#1886=LINE('',#12876,#2636);
#1887=LINE('',#12877,#2637);
#1888=LINE('',#12879,#2638);
#1889=VECTOR('',#8069,10.);
#1890=VECTOR('',#8072,10.);
#1891=VECTOR('',#8073,10.);
#1892=VECTOR('',#8074,2.88);
#1893=VECTOR('',#8079,10.);
#1894=VECTOR('',#8082,10.);
#1895=VECTOR('',#8087,10.);
#1896=VECTOR('',#8090,10.);
#1897=VECTOR('',#8093,10.);
#1898=VECTOR('',#8094,10.);
#1899=VECTOR('',#8099,10.);
#1900=VECTOR('',#8100,2.88);
#1901=VECTOR('',#8103,10.);
#1902=VECTOR('',#8106,10.);
#1903=VECTOR('',#8107,2.88);
#1904=VECTOR('',#8110,10.);
#1905=VECTOR('',#8117,10.);
#1906=VECTOR('',#8122,10.);
#1907=VECTOR('',#8127,1.6);
#1908=VECTOR('',#8132,1.9);
#1909=VECTOR('',#8139,10.);
#1910=VECTOR('',#8142,10.);
#1911=VECTOR('',#8145,10.);
#1912=VECTOR('',#8146,10.);
#1913=VECTOR('',#8147,10.);
#1914=VECTOR('',#8150,10.);
#1915=VECTOR('',#8153,10.);
#1916=VECTOR('',#8156,10.);
#1917=VECTOR('',#8159,10.);
#1918=VECTOR('',#8162,10.);
#1919=VECTOR('',#8165,10.);
#1920=VECTOR('',#8168,10.);
#1921=VECTOR('',#8171,10.);
#1922=VECTOR('',#8174,10.);
#1923=VECTOR('',#8177,10.);
#1924=VECTOR('',#8180,10.);
#1925=VECTOR('',#8183,10.);
#1926=VECTOR('',#8186,10.);
#1927=VECTOR('',#8189,10.);
#1928=VECTOR('',#8190,10.);
#1929=VECTOR('',#8193,10.);
#1930=VECTOR('',#8196,9.99999999999999);
#1931=VECTOR('',#8199,10.);
#1932=VECTOR('',#8202,10.);
#1933=VECTOR('',#8205,10.);
#1934=VECTOR('',#8208,9.99999999999999);
#1935=VECTOR('',#8211,10.);
#1936=VECTOR('',#8214,10.);
#1937=VECTOR('',#8217,10.);
#1938=VECTOR('',#8220,9.99999999999999);
#1939=VECTOR('',#8223,10.);
#1940=VECTOR('',#8226,10.);
#1941=VECTOR('',#8227,10.);
#1942=VECTOR('',#8232,10.);
#1943=VECTOR('',#8235,10.);
#1944=VECTOR('',#8238,10.);
#1945=VECTOR('',#8241,10.);
#1946=VECTOR('',#8246,10.);
#1947=VECTOR('',#8247,10.);
#1948=VECTOR('',#8250,9.99999999999999);
#1949=VECTOR('',#8255,10.);
#1950=VECTOR('',#8256,10.);
#1951=VECTOR('',#8259,10.);
#1952=VECTOR('',#8260,10.);
#1953=VECTOR('',#8263,10.);
#1954=VECTOR('',#8266,10.);
#1955=VECTOR('',#8269,10.);
#1956=VECTOR('',#8270,10.);
#1957=VECTOR('',#8273,10.);
#1958=VECTOR('',#8276,10.);
#1959=VECTOR('',#8279,10.);
#1960=VECTOR('',#8280,10.);
#1961=VECTOR('',#8289,10.);
#1962=VECTOR('',#8292,10.);
#1963=VECTOR('',#8293,10.);
#1964=VECTOR('',#8298,10.);
#1965=VECTOR('',#8301,10.);
#1966=VECTOR('',#8304,10.);
#1967=VECTOR('',#8307,10.);
#1968=VECTOR('',#8312,10.);
#1969=VECTOR('',#8313,10.);
#1970=VECTOR('',#8316,10.);
#1971=VECTOR('',#8319,10.);
#1972=VECTOR('',#8322,10.);
#1973=VECTOR('',#8325,10.);
#1974=VECTOR('',#8326,10.);
#1975=VECTOR('',#8331,10.);
#1976=VECTOR('',#8334,10.);
#1977=VECTOR('',#8337,10.);
#1978=VECTOR('',#8340,10.);
#1979=VECTOR('',#8345,10.);
#1980=VECTOR('',#8346,10.);
#1981=VECTOR('',#8349,10.);
#1982=VECTOR('',#8350,10.);
#1983=VECTOR('',#8355,10.);
#1984=VECTOR('',#8358,10.);
#1985=VECTOR('',#8359,10.);
#1986=VECTOR('',#8364,10.);
#1987=VECTOR('',#8367,10.);
#1988=VECTOR('',#8370,10.);
#1989=VECTOR('',#8373,10.);
#1990=VECTOR('',#8378,10.);
#1991=VECTOR('',#8379,10.);
#1992=VECTOR('',#8382,10.);
#1993=VECTOR('',#8383,10.);
#1994=VECTOR('',#8388,10.);
#1995=VECTOR('',#8391,10.);
#1996=VECTOR('',#8392,10.);
#1997=VECTOR('',#8397,10.);
#1998=VECTOR('',#8400,10.);
#1999=VECTOR('',#8403,10.);
#2000=VECTOR('',#8406,10.);
#2001=VECTOR('',#8411,10.);
#2002=VECTOR('',#8412,10.);
#2003=VECTOR('',#8415,10.);
#2004=VECTOR('',#8416,10.);
#2005=VECTOR('',#8421,10.);
#2006=VECTOR('',#8422,10.);
#2007=VECTOR('',#8425,10.);
#2008=VECTOR('',#8430,10.);
#2009=VECTOR('',#8433,10.);
#2010=VECTOR('',#8436,9.99999999999999);
#2011=VECTOR('',#8439,10.);
#2012=VECTOR('',#8442,10.);
#2013=VECTOR('',#8445,10.);
#2014=VECTOR('',#8448,9.99999999999999);
#2015=VECTOR('',#8451,10.);
#2016=VECTOR('',#8452,10.);
#2017=VECTOR('',#8455,10.);
#2018=VECTOR('',#8458,10.);
#2019=VECTOR('',#8459,10.);
#2020=VECTOR('',#8462,10.);
#2021=VECTOR('',#8467,1.6);
#2022=VECTOR('',#8474,10.);
#2023=VECTOR('',#8477,10.);
#2024=VECTOR('',#8480,2.88);
#2025=VECTOR('',#8481,10.);
#2026=VECTOR('',#8482,10.);
#2027=VECTOR('',#8485,10.);
#2028=VECTOR('',#8488,2.88);
#2029=VECTOR('',#8489,10.);
#2030=VECTOR('',#8494,10.);
#2031=VECTOR('',#8495,10.);
#2032=VECTOR('',#8498,2.88);
#2033=VECTOR('',#8499,10.);
#2034=VECTOR('',#8502,10.);
#2035=VECTOR('',#8517,10.);
#2036=VECTOR('',#8526,10.);
#2037=VECTOR('',#8527,10.);
#2038=VECTOR('',#8528,10.);
#2039=VECTOR('',#8529,10.);
#2040=VECTOR('',#8532,10.);
#2041=VECTOR('',#8533,10.);
#2042=VECTOR('',#8534,10.);
#2043=VECTOR('',#8535,10.);
#2044=VECTOR('',#8542,10.);
#2045=VECTOR('',#8545,10.);
#2046=VECTOR('',#8546,10.);
#2047=VECTOR('',#8547,10.);
#2048=VECTOR('',#8558,1.6);
#2049=VECTOR('',#8565,10.);
#2050=VECTOR('',#8568,10.);
#2051=VECTOR('',#8571,10.);
#2052=VECTOR('',#8572,10.);
#2053=VECTOR('',#8575,10.);
#2054=VECTOR('',#8576,10.);
#2055=VECTOR('',#8577,10.);
#2056=VECTOR('',#8580,10.);
#2057=VECTOR('',#8581,10.);
#2058=VECTOR('',#8584,10.);
#2059=VECTOR('',#8587,10.);
#2060=VECTOR('',#8588,10.);
#2061=VECTOR('',#8589,10.);
#2062=VECTOR('',#8590,10.);
#2063=VECTOR('',#8591,10.);
#2064=VECTOR('',#8596,10.);
#2065=VECTOR('',#8597,10.);
#2066=VECTOR('',#8602,10.);
#2067=VECTOR('',#8603,10.);
#2068=VECTOR('',#8606,10.);
#2069=VECTOR('',#8609,10.);
#2070=VECTOR('',#8612,10.);
#2071=VECTOR('',#8615,10.);
#2072=VECTOR('',#8616,10.);
#2073=VECTOR('',#8619,10.);
#2074=VECTOR('',#8620,10.);
#2075=VECTOR('',#8621,10.);
#2076=VECTOR('',#8624,10.);
#2077=VECTOR('',#8625,10.);
#2078=VECTOR('',#8628,10.);
#2079=VECTOR('',#8631,10.);
#2080=VECTOR('',#8634,10.);
#2081=VECTOR('',#8637,10.);
#2082=VECTOR('',#8638,10.);
#2083=VECTOR('',#8641,10.);
#2084=VECTOR('',#8642,10.);
#2085=VECTOR('',#8649,10.);
#2086=VECTOR('',#8650,10.);
#2087=VECTOR('',#8651,10.);
#2088=VECTOR('',#8654,10.);
#2089=VECTOR('',#8655,10.);
#2090=VECTOR('',#8660,1.6);
#2091=VECTOR('',#8667,10.);
#2092=VECTOR('',#8668,10.);
#2093=VECTOR('',#8669,10.);
#2094=VECTOR('',#8672,10.);
#2095=VECTOR('',#8681,10.);
#2096=VECTOR('',#8686,10.);
#2097=VECTOR('',#8687,10.);
#2098=VECTOR('',#8690,10.);
#2099=VECTOR('',#8693,10.);
#2100=VECTOR('',#8698,1.6);
#2101=VECTOR('',#8703,1.6);
#2102=VECTOR('',#8706,10.);
#2103=VECTOR('',#8707,10.);
#2104=VECTOR('',#8710,10.);
#2105=VECTOR('',#8715,10.);
#2106=VECTOR('',#8716,10.);
#2107=VECTOR('',#8719,10.);
#2108=VECTOR('',#8720,10.);
#2109=VECTOR('',#8723,10.);
#2110=VECTOR('',#8724,10.);
#2111=VECTOR('',#8727,10.);
#2112=VECTOR('',#8728,10.);
#2113=VECTOR('',#8729,10.);
#2114=VECTOR('',#8734,10.);
#2115=VECTOR('',#8737,10.);
#2116=VECTOR('',#8738,10.);
#2117=VECTOR('',#8745,10.);
#2118=VECTOR('',#8746,10.);
#2119=VECTOR('',#8747,10.);
#2120=VECTOR('',#8750,10.);
#2121=VECTOR('',#8755,10.);
#2122=VECTOR('',#8756,10.);
#2123=VECTOR('',#8761,10.);
#2124=VECTOR('',#8764,10.);
#2125=VECTOR('',#8765,10.);
#2126=VECTOR('',#8770,10.);
#2127=VECTOR('',#8773,10.);
#2128=VECTOR('',#8776,10.);
#2129=VECTOR('',#8777,10.);
#2130=VECTOR('',#8778,10.);
#2131=VECTOR('',#8779,10.);
#2132=VECTOR('',#8780,10.);
#2133=VECTOR('',#8783,10.);
#2134=VECTOR('',#8786,10.);
#2135=VECTOR('',#8787,10.);
#2136=VECTOR('',#8794,10.);
#2137=VECTOR('',#8799,10.);
#2138=VECTOR('',#8800,10.);
#2139=VECTOR('',#8801,10.);
#2140=VECTOR('',#8802,10.);
#2141=VECTOR('',#8803,10.);
#2142=VECTOR('',#8804,10.);
#2143=VECTOR('',#8805,10.);
#2144=VECTOR('',#8806,10.);
#2145=VECTOR('',#8807,10.);
#2146=VECTOR('',#8810,10.);
#2147=VECTOR('',#8813,10.);
#2148=VECTOR('',#8814,10.);
#2149=VECTOR('',#8815,10.);
#2150=VECTOR('',#8822,10.);
#2151=VECTOR('',#8825,10.);
#2152=VECTOR('',#8830,10.);
#2153=VECTOR('',#8835,10.);
#2154=VECTOR('',#8836,10.);
#2155=VECTOR('',#8839,10.);
#2156=VECTOR('',#8844,10.);
#2157=VECTOR('',#8849,10.);
#2158=VECTOR('',#8850,10.);
#2159=VECTOR('',#8851,10.);
#2160=VECTOR('',#8852,10.);
#2161=VECTOR('',#8867,1.6);
#2162=VECTOR('',#8874,3.5);
#2163=VECTOR('',#8885,1000.);
#2164=VECTOR('',#8886,1000.);
#2165=VECTOR('',#8889,1000.);
#2166=VECTOR('',#8890,1000.);
#2167=VECTOR('',#8893,1000.);
#2168=VECTOR('',#8894,1000.);
#2169=VECTOR('',#8897,1000.);
#2170=VECTOR('',#8898,1000.);
#2171=VECTOR('',#8905,4.);
#2172=VECTOR('',#8912,3.3);
#2173=VECTOR('',#8919,4.);
#2174=VECTOR('',#8928,1000.);
#2175=VECTOR('',#8933,3.3);
#2176=VECTOR('',#8958,1.4);
#2177=VECTOR('',#8967,1000.);
#2178=VECTOR('',#8970,1000.);
#2179=VECTOR('',#8973,1000.);
#2180=VECTOR('',#8976,1000.);
#2181=VECTOR('',#8977,1000.);
#2182=VECTOR('',#8980,1000.);
#2183=VECTOR('',#8981,1000.);
#2184=VECTOR('',#8984,1000.);
#2185=VECTOR('',#8993,1000.);
#2186=VECTOR('',#8996,1000.);
#2187=VECTOR('',#8999,1000.);
#2188=VECTOR('',#9002,1000.);
#2189=VECTOR('',#9005,1000.);
#2190=VECTOR('',#9010,1000.);
#2191=VECTOR('',#9013,1000.);
#2192=VECTOR('',#9016,1000.);
#2193=VECTOR('',#9019,1000.);
#2194=VECTOR('',#9022,1000.);
#2195=VECTOR('',#9027,1000.);
#2196=VECTOR('',#9030,1000.);
#2197=VECTOR('',#9033,1000.);
#2198=VECTOR('',#9036,1000.);
#2199=VECTOR('',#9039,1000.);
#2200=VECTOR('',#9052,1.5);
#2201=VECTOR('',#9057,1.5);
#2202=VECTOR('',#9066,10.);
#2203=VECTOR('',#9071,10.);
#2204=VECTOR('',#9076,10.);
#2205=VECTOR('',#9079,10.);
#2206=VECTOR('',#9082,10.);
#2207=VECTOR('',#9085,10.);
#2208=VECTOR('',#9090,10.);
#2209=VECTOR('',#9091,10.);
#2210=VECTOR('',#9094,10.);
#2211=VECTOR('',#9097,10.);
#2212=VECTOR('',#9098,10.);
#2213=VECTOR('',#9101,10.);
#2214=VECTOR('',#9120,1.543);
#2215=VECTOR('',#9123,10.);
#2216=VECTOR('',#9126,1.743);
#2217=VECTOR('',#9131,10.);
#2218=VECTOR('',#9132,10.);
#2219=VECTOR('',#9133,10.);
#2220=VECTOR('',#9138,10.);
#2221=VECTOR('',#9145,10.);
#2222=VECTOR('',#9148,10.);
#2223=VECTOR('',#9149,10.);
#2224=VECTOR('',#9154,10.);
#2225=VECTOR('',#9157,10.);
#2226=VECTOR('',#9158,10.);
#2227=VECTOR('',#9167,10.);
#2228=VECTOR('',#9170,10.);
#2229=VECTOR('',#9171,10.);
#2230=VECTOR('',#9176,10.);
#2231=VECTOR('',#9179,10.);
#2232=VECTOR('',#9188,1.35);
#2233=VECTOR('',#9193,1.5);
#2234=VECTOR('',#9206,2.85);
#2235=VECTOR('',#9239,1000.);
#2236=VECTOR('',#9240,1000.);
#2237=VECTOR('',#9241,1000.);
#2238=VECTOR('',#9242,1000.);
#2239=VECTOR('',#9243,1000.);
#2240=VECTOR('',#9244,1000.);
#2241=VECTOR('',#9247,1000.);
#2242=VECTOR('',#9248,1000.);
#2243=VECTOR('',#9251,1000.);
#2244=VECTOR('',#9254,1000.);
#2245=VECTOR('',#9257,1000.);
#2246=VECTOR('',#9260,1000.);
#2247=VECTOR('',#9287,10.);
#2248=VECTOR('',#9288,10.);
#2249=VECTOR('',#9291,10.);
#2250=VECTOR('',#9292,10.);
#2251=VECTOR('',#9293,10.);
#2252=VECTOR('',#9294,10.);
#2253=VECTOR('',#9295,10.);
#2254=VECTOR('',#9296,10.);
#2255=VECTOR('',#9297,10.);
#2256=VECTOR('',#9298,10.);
#2257=VECTOR('',#9299,10.);
#2258=VECTOR('',#9300,10.);
#2259=VECTOR('',#9301,10.);
#2260=VECTOR('',#9302,10.);
#2261=VECTOR('',#9303,10.);
#2262=VECTOR('',#9304,10.);
#2263=VECTOR('',#9307,10.);
#2264=VECTOR('',#9308,10.);
#2265=VECTOR('',#9309,10.);
#2266=VECTOR('',#9310,10.);
#2267=VECTOR('',#9311,10.);
#2268=VECTOR('',#9312,10.);
#2269=VECTOR('',#9313,10.);
#2270=VECTOR('',#9314,10.);
#2271=VECTOR('',#9315,10.);
#2272=VECTOR('',#9316,10.);
#2273=VECTOR('',#9317,10.);
#2274=VECTOR('',#9318,10.);
#2275=VECTOR('',#9319,10.);
#2276=VECTOR('',#9320,10.);
#2277=VECTOR('',#9323,10.);
#2278=VECTOR('',#9324,10.);
#2279=VECTOR('',#9325,10.);
#2280=VECTOR('',#9326,10.);
#2281=VECTOR('',#9327,10.);
#2282=VECTOR('',#9328,10.);
#2283=VECTOR('',#9329,10.);
#2284=VECTOR('',#9330,10.);
#2285=VECTOR('',#9331,10.);
#2286=VECTOR('',#9332,10.);
#2287=VECTOR('',#9333,10.);
#2288=VECTOR('',#9334,10.);
#2289=VECTOR('',#9335,10.);
#2290=VECTOR('',#9336,10.);
#2291=VECTOR('',#9339,10.);
#2292=VECTOR('',#9340,10.);
#2293=VECTOR('',#9341,10.);
#2294=VECTOR('',#9342,10.);
#2295=VECTOR('',#9343,10.);
#2296=VECTOR('',#9344,10.);
#2297=VECTOR('',#9345,10.);
#2298=VECTOR('',#9346,10.);
#2299=VECTOR('',#9347,10.);
#2300=VECTOR('',#9348,10.);
#2301=VECTOR('',#9349,10.);
#2302=VECTOR('',#9350,10.);
#2303=VECTOR('',#9355,10.);
#2304=VECTOR('',#9356,10.);
#2305=VECTOR('',#9357,10.);
#2306=VECTOR('',#9358,10.);
#2307=VECTOR('',#9359,10.);
#2308=VECTOR('',#9360,10.);
#2309=VECTOR('',#9361,10.);
#2310=VECTOR('',#9362,10.);
#2311=VECTOR('',#9363,10.);
#2312=VECTOR('',#9364,10.);
#2313=VECTOR('',#9365,10.);
#2314=VECTOR('',#9366,10.);
#2315=VECTOR('',#9369,10.);
#2316=VECTOR('',#9370,10.);
#2317=VECTOR('',#9371,10.);
#2318=VECTOR('',#9372,10.);
#2319=VECTOR('',#9373,10.);
#2320=VECTOR('',#9374,10.);
#2321=VECTOR('',#9375,10.);
#2322=VECTOR('',#9376,10.);
#2323=VECTOR('',#9377,10.);
#2324=VECTOR('',#9378,10.);
#2325=VECTOR('',#9379,10.);
#2326=VECTOR('',#9380,10.);
#2327=VECTOR('',#9381,10.);
#2328=VECTOR('',#9382,10.);
#2329=VECTOR('',#9385,10.);
#2330=VECTOR('',#9386,10.);
#2331=VECTOR('',#9387,10.);
#2332=VECTOR('',#9388,10.);
#2333=VECTOR('',#9389,10.);
#2334=VECTOR('',#9390,10.);
#2335=VECTOR('',#9391,10.);
#2336=VECTOR('',#9392,10.);
#2337=VECTOR('',#9393,10.);
#2338=VECTOR('',#9394,10.);
#2339=VECTOR('',#9395,10.);
#2340=VECTOR('',#9396,10.);
#2341=VECTOR('',#9397,10.);
#2342=VECTOR('',#9398,10.);
#2343=VECTOR('',#9401,10.);
#2344=VECTOR('',#9402,10.);
#2345=VECTOR('',#9403,10.);
#2346=VECTOR('',#9404,10.);
#2347=VECTOR('',#9405,10.);
#2348=VECTOR('',#9406,10.);
#2349=VECTOR('',#9407,10.);
#2350=VECTOR('',#9408,10.);
#2351=VECTOR('',#9409,10.);
#2352=VECTOR('',#9410,10.);
#2353=VECTOR('',#9411,10.);
#2354=VECTOR('',#9412,10.);
#2355=VECTOR('',#9413,10.);
#2356=VECTOR('',#9414,10.);
#2357=VECTOR('',#9417,10.);
#2358=VECTOR('',#9418,10.);
#2359=VECTOR('',#9423,10.);
#2360=VECTOR('',#9424,10.);
#2361=VECTOR('',#9427,10.);
#2362=VECTOR('',#9430,1000.);
#2363=VECTOR('',#9433,1000.);
#2364=VECTOR('',#9436,1000.);
#2365=VECTOR('',#9439,1000.);
#2366=VECTOR('',#9442,1000.);
#2367=VECTOR('',#9445,1000.);
#2368=VECTOR('',#9448,1000.);
#2369=VECTOR('',#9451,1000.);
#2370=VECTOR('',#9454,1000.);
#2371=VECTOR('',#9457,1000.);
#2372=VECTOR('',#9460,1000.);
#2373=VECTOR('',#9463,1000.);
#2374=VECTOR('',#9466,1000.);
#2375=VECTOR('',#9469,1000.);
#2376=VECTOR('',#9472,1000.);
#2377=VECTOR('',#9475,1000.);
#2378=VECTOR('',#9478,1000.);
#2379=VECTOR('',#9481,1000.);
#2380=VECTOR('',#9484,1000.);
#2381=VECTOR('',#9487,1000.);
#2382=VECTOR('',#9490,1000.);
#2383=VECTOR('',#9493,1000.);
#2384=VECTOR('',#9496,1000.);
#2385=VECTOR('',#9499,1000.);
#2386=VECTOR('',#9502,1000.);
#2387=VECTOR('',#9505,1000.);
#2388=VECTOR('',#9508,1000.);
#2389=VECTOR('',#9511,1000.);
#2390=VECTOR('',#9514,2.56000000000007);
#2391=VECTOR('',#9517,10.);
#2392=VECTOR('',#9520,10.);
#2393=VECTOR('',#9523,10.);
#2394=VECTOR('',#9526,10.);
#2395=VECTOR('',#9529,10.);
#2396=VECTOR('',#9532,10.);
#2397=VECTOR('',#9535,10.);
#2398=VECTOR('',#9538,10.);
#2399=VECTOR('',#9541,10.);
#2400=VECTOR('',#9544,10.);
#2401=VECTOR('',#9547,10.);
#2402=VECTOR('',#9550,10.);
#2403=VECTOR('',#9553,10.);
#2404=VECTOR('',#9556,10.);
#2405=VECTOR('',#9559,10.);
#2406=VECTOR('',#9562,10.);
#2407=VECTOR('',#9565,10.);
#2408=VECTOR('',#9568,10.);
#2409=VECTOR('',#9571,10.);
#2410=VECTOR('',#9574,10.);
#2411=VECTOR('',#9577,10.);
#2412=VECTOR('',#9580,10.);
#2413=VECTOR('',#9583,10.);
#2414=VECTOR('',#9586,10.);
#2415=VECTOR('',#9589,10.);
#2416=VECTOR('',#9592,10.);
#2417=VECTOR('',#9595,10.);
#2418=VECTOR('',#9598,10.);
#2419=VECTOR('',#9601,1000.);
#2420=VECTOR('',#9608,10.);
#2421=VECTOR('',#9609,10.);
#2422=VECTOR('',#9612,10.);
#2423=VECTOR('',#9613,10.);
#2424=VECTOR('',#9614,10.);
#2425=VECTOR('',#9615,10.);
#2426=VECTOR('',#9616,10.);
#2427=VECTOR('',#9617,10.);
#2428=VECTOR('',#9618,10.);
#2429=VECTOR('',#9619,10.);
#2430=VECTOR('',#9620,10.);
#2431=VECTOR('',#9621,10.);
#2432=VECTOR('',#9622,10.);
#2433=VECTOR('',#9623,10.);
#2434=VECTOR('',#9624,10.);
#2435=VECTOR('',#9625,10.);
#2436=VECTOR('',#9628,10.);
#2437=VECTOR('',#9629,10.);
#2438=VECTOR('',#9630,10.);
#2439=VECTOR('',#9631,10.);
#2440=VECTOR('',#9632,10.);
#2441=VECTOR('',#9633,10.);
#2442=VECTOR('',#9634,10.);
#2443=VECTOR('',#9635,10.);
#2444=VECTOR('',#9636,10.);
#2445=VECTOR('',#9637,10.);
#2446=VECTOR('',#9638,10.);
#2447=VECTOR('',#9639,10.);
#2448=VECTOR('',#9640,10.);
#2449=VECTOR('',#9641,10.);
#2450=VECTOR('',#9644,10.);
#2451=VECTOR('',#9645,10.);
#2452=VECTOR('',#9646,10.);
#2453=VECTOR('',#9647,10.);
#2454=VECTOR('',#9648,10.);
#2455=VECTOR('',#9649,10.);
#2456=VECTOR('',#9650,10.);
#2457=VECTOR('',#9651,10.);
#2458=VECTOR('',#9652,10.);
#2459=VECTOR('',#9653,10.);
#2460=VECTOR('',#9654,10.);
#2461=VECTOR('',#9655,10.);
#2462=VECTOR('',#9656,10.);
#2463=VECTOR('',#9657,10.);
#2464=VECTOR('',#9660,10.);
#2465=VECTOR('',#9661,10.);
#2466=VECTOR('',#9662,10.);
#2467=VECTOR('',#9663,10.);
#2468=VECTOR('',#9664,10.);
#2469=VECTOR('',#9665,10.);
#2470=VECTOR('',#9666,10.);
#2471=VECTOR('',#9667,10.);
#2472=VECTOR('',#9668,10.);
#2473=VECTOR('',#9669,10.);
#2474=VECTOR('',#9670,10.);
#2475=VECTOR('',#9671,10.);
#2476=VECTOR('',#9676,10.);
#2477=VECTOR('',#9677,10.);
#2478=VECTOR('',#9678,10.);
#2479=VECTOR('',#9679,10.);
#2480=VECTOR('',#9680,10.);
#2481=VECTOR('',#9681,10.);
#2482=VECTOR('',#9682,10.);
#2483=VECTOR('',#9683,10.);
#2484=VECTOR('',#9684,10.);
#2485=VECTOR('',#9685,10.);
#2486=VECTOR('',#9686,10.);
#2487=VECTOR('',#9687,10.);
#2488=VECTOR('',#9690,10.);
#2489=VECTOR('',#9691,10.);
#2490=VECTOR('',#9692,10.);
#2491=VECTOR('',#9693,10.);
#2492=VECTOR('',#9694,10.);
#2493=VECTOR('',#9695,10.);
#2494=VECTOR('',#9696,10.);
#2495=VECTOR('',#9697,10.);
#2496=VECTOR('',#9698,10.);
#2497=VECTOR('',#9699,10.);
#2498=VECTOR('',#9700,10.);
#2499=VECTOR('',#9701,10.);
#2500=VECTOR('',#9702,10.);
#2501=VECTOR('',#9703,10.);
#2502=VECTOR('',#9706,10.);
#2503=VECTOR('',#9707,10.);
#2504=VECTOR('',#9708,10.);
#2505=VECTOR('',#9709,10.);
#2506=VECTOR('',#9710,10.);
#2507=VECTOR('',#9711,10.);
#2508=VECTOR('',#9712,10.);
#2509=VECTOR('',#9713,10.);
#2510=VECTOR('',#9714,10.);
#2511=VECTOR('',#9715,10.);
#2512=VECTOR('',#9716,10.);
#2513=VECTOR('',#9717,10.);
#2514=VECTOR('',#9718,10.);
#2515=VECTOR('',#9719,10.);
#2516=VECTOR('',#9722,10.);
#2517=VECTOR('',#9723,10.);
#2518=VECTOR('',#9724,10.);
#2519=VECTOR('',#9725,10.);
#2520=VECTOR('',#9726,10.);
#2521=VECTOR('',#9727,10.);
#2522=VECTOR('',#9728,10.);
#2523=VECTOR('',#9729,10.);
#2524=VECTOR('',#9730,10.);
#2525=VECTOR('',#9731,10.);
#2526=VECTOR('',#9732,10.);
#2527=VECTOR('',#9733,10.);
#2528=VECTOR('',#9734,10.);
#2529=VECTOR('',#9735,10.);
#2530=VECTOR('',#9738,10.);
#2531=VECTOR('',#9739,10.);
#2532=VECTOR('',#9744,10.);
#2533=VECTOR('',#9745,10.);
#2534=VECTOR('',#9748,10.);
#2535=VECTOR('',#9751,1000.);
#2536=VECTOR('',#9754,1000.);
#2537=VECTOR('',#9757,1000.);
#2538=VECTOR('',#9760,1000.);
#2539=VECTOR('',#9763,1000.);
#2540=VECTOR('',#9766,1000.);
#2541=VECTOR('',#9769,1000.);
#2542=VECTOR('',#9772,1000.);
#2543=VECTOR('',#9775,1000.);
#2544=VECTOR('',#9778,1000.);
#2545=VECTOR('',#9781,1000.);
#2546=VECTOR('',#9784,1000.);
#2547=VECTOR('',#9787,1000.);
#2548=VECTOR('',#9790,1000.);
#2549=VECTOR('',#9793,1000.);
#2550=VECTOR('',#9796,1000.);
#2551=VECTOR('',#9799,1000.);
#2552=VECTOR('',#9802,1000.);
#2553=VECTOR('',#9805,1000.);
#2554=VECTOR('',#9808,1000.);
#2555=VECTOR('',#9811,1000.);
#2556=VECTOR('',#9814,1000.);
#2557=VECTOR('',#9817,1000.);
#2558=VECTOR('',#9820,1000.);
#2559=VECTOR('',#9823,1000.);
#2560=VECTOR('',#9826,1000.);
#2561=VECTOR('',#9829,1000.);
#2562=VECTOR('',#9832,1000.);
#2563=VECTOR('',#9835,2.56000000000007);
#2564=VECTOR('',#9838,10.);
#2565=VECTOR('',#9841,10.);
#2566=VECTOR('',#9844,10.);
#2567=VECTOR('',#9847,10.);
#2568=VECTOR('',#9850,10.);
#2569=VECTOR('',#9853,10.);
#2570=VECTOR('',#9856,10.);
#2571=VECTOR('',#9859,10.);
#2572=VECTOR('',#9862,10.);
#2573=VECTOR('',#9865,10.);
#2574=VECTOR('',#9868,10.);
#2575=VECTOR('',#9871,10.);
#2576=VECTOR('',#9874,10.);
#2577=VECTOR('',#9877,10.);
#2578=VECTOR('',#9880,10.);
#2579=VECTOR('',#9883,10.);
#2580=VECTOR('',#9886,10.);
#2581=VECTOR('',#9889,10.);
#2582=VECTOR('',#9892,10.);
#2583=VECTOR('',#9895,10.);
#2584=VECTOR('',#9898,10.);
#2585=VECTOR('',#9901,10.);
#2586=VECTOR('',#9904,10.);
#2587=VECTOR('',#9907,10.);
#2588=VECTOR('',#9910,10.);
#2589=VECTOR('',#9913,10.);
#2590=VECTOR('',#9916,10.);
#2591=VECTOR('',#9919,10.);
#2592=VECTOR('',#9922,1000.);
#2593=VECTOR('',#9935,10.);
#2594=VECTOR('',#9938,10.);
#2595=VECTOR('',#9941,10.);
#2596=VECTOR('',#9944,10.);
#2597=VECTOR('',#9947,10.);
#2598=VECTOR('',#9950,10.);
#2599=VECTOR('',#9953,10.);
#2600=VECTOR('',#9956,10.);
#2601=VECTOR('',#9961,10.);
#2602=VECTOR('',#9962,10.);
#2603=VECTOR('',#9963,10.);
#2604=VECTOR('',#9964,10.);
#2605=VECTOR('',#9967,10.);
#2606=VECTOR('',#9970,10.);
#2607=VECTOR('',#9973,10.);
#2608=VECTOR('',#9974,10.);
#2609=VECTOR('',#9977,10.);
#2610=VECTOR('',#9980,10.);
#2611=VECTOR('',#9983,10.);
#2612=VECTOR('',#9986,10.);
#2613=VECTOR('',#9989,10.);
#2614=VECTOR('',#9992,10.);
#2615=VECTOR('',#9993,10.);
#2616=VECTOR('',#9998,10.);
#2617=VECTOR('',#10001,10.);
#2618=VECTOR('',#10002,10.);
#2619=VECTOR('',#10005,10.);
#2620=VECTOR('',#10006,10.);
#2621=VECTOR('',#10007,10.);
#2622=VECTOR('',#10010,1.6);
#2623=VECTOR('',#10015,1.6);
#2624=VECTOR('',#10020,10.);
#2625=VECTOR('',#10025,10.);
#2626=VECTOR('',#10028,10.);
#2627=VECTOR('',#10029,10.);
#2628=VECTOR('',#10038,10.);
#2629=VECTOR('',#10041,10.);
#2630=VECTOR('',#10042,10.);
#2631=VECTOR('',#10051,10.);
#2632=VECTOR('',#10052,10.);
#2633=VECTOR('',#10053,10.);
#2634=VECTOR('',#10056,10.);
#2635=VECTOR('',#10057,10.);
#2636=VECTOR('',#10060,10.);
#2637=VECTOR('',#10061,10.);
#2638=VECTOR('',#10064,10.);
#2639=CIRCLE('',#7429,2.);
#2640=CIRCLE('',#7430,2.);
#2641=CIRCLE('',#7431,1.6);
#2642=CIRCLE('',#7433,2.);
#2643=CIRCLE('',#7434,2.);
#2644=CIRCLE('',#7436,4.);
#2645=CIRCLE('',#7438,4.);
#2646=CIRCLE('',#7443,2.);
#2647=CIRCLE('',#7445,2.);
#2648=CIRCLE('',#7446,1.6);
#2649=CIRCLE('',#7451,1.9);
#2650=CIRCLE('',#7452,1.9);
#2651=CIRCLE('',#7454,1.);
#2652=CIRCLE('',#7455,1.);
#2653=CIRCLE('',#7457,1.);
#2654=CIRCLE('',#7458,1.);
#2655=CIRCLE('',#7459,1.);
#2656=CIRCLE('',#7460,1.);
#2657=CIRCLE('',#7461,1.);
#2658=CIRCLE('',#7462,1.);
#2659=CIRCLE('',#7463,1.);
#2660=CIRCLE('',#7464,1.);
#2661=CIRCLE('',#7465,1.);
#2662=CIRCLE('',#7466,1.);
#2663=CIRCLE('',#7467,1.);
#2664=CIRCLE('',#7468,1.);
#2665=CIRCLE('',#7469,1.);
#2666=CIRCLE('',#7470,1.);
#2667=CIRCLE('',#7471,1.);
#2668=CIRCLE('',#7472,1.);
#2669=CIRCLE('',#7473,1.);
#2670=CIRCLE('',#7474,1.);
#2671=CIRCLE('',#7475,1.);
#2672=CIRCLE('',#7476,1.);
#2673=CIRCLE('',#7477,1.);
#2674=CIRCLE('',#7478,1.);
#2675=CIRCLE('',#7479,1.);
#2676=CIRCLE('',#7480,1.);
#2677=CIRCLE('',#7481,1.);
#2678=CIRCLE('',#7484,1.);
#2679=CIRCLE('',#7486,1.);
#2680=CIRCLE('',#7489,1.);
#2681=CIRCLE('',#7492,1.);
#2682=CIRCLE('',#7495,1.);
#2683=CIRCLE('',#7498,1.);
#2684=CIRCLE('',#7501,1.);
#2685=CIRCLE('',#7503,1.);
#2686=CIRCLE('',#7506,1.);
#2687=CIRCLE('',#7508,1.);
#2688=CIRCLE('',#7511,1.);
#2689=CIRCLE('',#7514,1.);
#2690=CIRCLE('',#7517,1.);
#2691=CIRCLE('',#7519,1.);
#2692=CIRCLE('',#7522,1.);
#2693=CIRCLE('',#7525,1.);
#2694=CIRCLE('',#7528,1.);
#2695=CIRCLE('',#7530,1.);
#2696=CIRCLE('',#7533,1.);
#2697=CIRCLE('',#7536,1.);
#2698=CIRCLE('',#7539,1.);
#2699=CIRCLE('',#7541,1.);
#2700=CIRCLE('',#7544,1.);
#2701=CIRCLE('',#7547,1.);
#2702=CIRCLE('',#7550,1.);
#2703=CIRCLE('',#7562,1.6);
#2704=CIRCLE('',#7563,1.6);
#2705=CIRCLE('',#7565,2.);
#2706=CIRCLE('',#7566,2.);
#2707=CIRCLE('',#7569,2.);
#2708=CIRCLE('',#7571,2.);
#2709=CIRCLE('',#7574,4.);
#2710=CIRCLE('',#7575,4.);
#2711=CIRCLE('',#7577,2.);
#2712=CIRCLE('',#7579,2.);
#2713=CIRCLE('',#7587,3.);
#2714=CIRCLE('',#7588,3.);
#2715=CIRCLE('',#7591,3.);
#2716=CIRCLE('',#7592,3.);
#2717=CIRCLE('',#7594,1.6);
#2718=CIRCLE('',#7595,1.6);
#2719=CIRCLE('',#7597,3.);
#2720=CIRCLE('',#7598,3.);
#2721=CIRCLE('',#7600,1.);
#2722=CIRCLE('',#7601,3.);
#2723=CIRCLE('',#7603,3.);
#2724=CIRCLE('',#7604,1.6);
#2725=CIRCLE('',#7607,1.);
#2726=CIRCLE('',#7608,1.);
#2727=CIRCLE('',#7609,1.);
#2728=CIRCLE('',#7610,1.);
#2729=CIRCLE('',#7611,1.);
#2730=CIRCLE('',#7612,1.);
#2731=CIRCLE('',#7613,1.);
#2732=CIRCLE('',#7614,1.);
#2733=CIRCLE('',#7615,1.);
#2734=CIRCLE('',#7616,1.);
#2735=CIRCLE('',#7617,1.);
#2736=CIRCLE('',#7618,1.);
#2737=CIRCLE('',#7619,1.6);
#2738=CIRCLE('',#7620,1.6);
#2739=CIRCLE('',#7624,1.6);
#2740=CIRCLE('',#7626,3.);
#2741=CIRCLE('',#7630,3.);
#2742=CIRCLE('',#7632,1.);
#2743=CIRCLE('',#7634,1.);
#2744=CIRCLE('',#7636,1.);
#2745=CIRCLE('',#7638,1.6);
#2746=CIRCLE('',#7640,1.6);
#2747=CIRCLE('',#7643,1.);
#2748=CIRCLE('',#7649,1.);
#2749=CIRCLE('',#7652,1.);
#2750=CIRCLE('',#7655,1.);
#2751=CIRCLE('',#7658,1.);
#2752=CIRCLE('',#7661,1.);
#2753=CIRCLE('',#7663,1.);
#2754=CIRCLE('',#7664,1.);
#2755=CIRCLE('',#7665,1.);
#2756=CIRCLE('',#7666,1.);
#2757=CIRCLE('',#7668,1.);
#2758=CIRCLE('',#7669,1.);
#2759=CIRCLE('',#7672,3.);
#2760=CIRCLE('',#7674,3.);
#2761=CIRCLE('',#7692,1.6);
#2762=CIRCLE('',#7693,1.6);
#2763=CIRCLE('',#7695,3.5);
#2764=CIRCLE('',#7696,3.5);
#2765=CIRCLE('',#7705,3.3);
#2766=CIRCLE('',#7706,3.3);
#2767=CIRCLE('',#7707,4.);
#2768=CIRCLE('',#7709,4.);
#2769=CIRCLE('',#7710,3.3);
#2770=CIRCLE('',#7711,3.3);
#2771=CIRCLE('',#7714,1.4);
#2772=CIRCLE('',#7715,1.4);
#2773=CIRCLE('',#7716,1.4);
#2774=CIRCLE('',#7717,1.4);
#2775=CIRCLE('',#7719,2.825);
#2776=CIRCLE('',#7720,1.4);
#2777=CIRCLE('',#7721,2.825);
#2778=CIRCLE('',#7722,1.4);
#2779=CIRCLE('',#7723,2.825);
#2780=CIRCLE('',#7724,1.4);
#2781=CIRCLE('',#7725,2.825);
#2782=CIRCLE('',#7727,1.4);
#2783=CIRCLE('',#7728,2.825);
#2784=CIRCLE('',#7729,1.4);
#2785=CIRCLE('',#7730,2.825);
#2786=CIRCLE('',#7731,2.825);
#2787=CIRCLE('',#7732,1.4);
#2788=CIRCLE('',#7733,2.825);
#2789=CIRCLE('',#7763,1.34324972242779);
#2790=CIRCLE('',#7765,1.5);
#2791=CIRCLE('',#7766,1.5);
#2792=CIRCLE('',#7768,1.5);
#2793=CIRCLE('',#7772,0.7);
#2794=CIRCLE('',#7773,7.);
#2795=CIRCLE('',#7774,7.);
#2796=CIRCLE('',#7775,0.699999999998782);
#2797=CIRCLE('',#7776,0.25);
#2798=CIRCLE('',#7777,0.25);
#2799=CIRCLE('',#7778,0.25);
#2800=CIRCLE('',#7779,0.25);
#2801=CIRCLE('',#7781,7.);
#2802=CIRCLE('',#7783,7.);
#2803=CIRCLE('',#7785,1.543);
#2804=CIRCLE('',#7786,1.943);
#2805=CIRCLE('',#7788,1.943);
#2806=CIRCLE('',#7789,1.543);
#2807=CIRCLE('',#7790,1.543);
#2808=CIRCLE('',#7792,1.543);
#2809=CIRCLE('',#7795,1.943);
#2810=CIRCLE('',#7799,0.7);
#2811=CIRCLE('',#7801,0.699999999998782);
#2812=CIRCLE('',#7804,0.25);
#2813=CIRCLE('',#7807,0.25);
#2814=CIRCLE('',#7809,0.25);
#2815=CIRCLE('',#7812,0.25);
#2816=CIRCLE('',#7817,1.5);
#2817=CIRCLE('',#7818,1.2);
#2818=CIRCLE('',#7820,1.5);
#2819=CIRCLE('',#7823,1.15470053837925);
#2820=CIRCLE('',#7825,2.85);
#2821=CIRCLE('',#7826,2.85);
#2822=CIRCLE('',#7828,1.5);
#2823=CIRCLE('',#7830,1.15470053837925);
#2824=CIRCLE('',#7831,1.15470053837925);
#2825=CIRCLE('',#7832,1.15470053837925);
#2826=CIRCLE('',#7833,1.15470053837925);
#2827=CIRCLE('',#7834,1.15470053837925);
#2828=CIRCLE('',#7860,1.);
#2829=CIRCLE('',#7861,1.);
#2830=CIRCLE('',#7862,1.);
#2831=CIRCLE('',#7863,1.);
#2832=CIRCLE('',#7864,2.50000000000007);
#2833=CIRCLE('',#7866,1.);
#2834=CIRCLE('',#7867,1.);
#2835=CIRCLE('',#7868,1.);
#2836=CIRCLE('',#7869,1.);
#2837=CIRCLE('',#7870,2.50000000000007);
#2838=CIRCLE('',#7934,1.);
#2839=CIRCLE('',#7935,1.);
#2840=CIRCLE('',#7936,1.);
#2841=CIRCLE('',#7937,1.);
#2842=CIRCLE('',#7938,2.50000000000007);
#2843=CIRCLE('',#7940,1.);
#2844=CIRCLE('',#7941,1.);
#2845=CIRCLE('',#7942,1.);
#2846=CIRCLE('',#7943,1.);
#2847=CIRCLE('',#7944,2.50000000000007);
#2848=CIRCLE('',#8010,1.);
#2849=CIRCLE('',#8011,1.);
#2850=CIRCLE('',#8012,1.);
#2851=CIRCLE('',#8013,1.);
#2852=CIRCLE('',#8014,1.);
#2853=CIRCLE('',#8015,1.);
#2854=CIRCLE('',#8016,1.);
#2855=CIRCLE('',#8017,1.);
#2856=CIRCLE('',#8018,1.7);
#2857=CIRCLE('',#8019,1.7);
#2858=CIRCLE('',#8021,1.);
#2859=CIRCLE('',#8024,1.);
#2860=CIRCLE('',#8027,1.);
#2861=CIRCLE('',#8030,1.);
#2862=CIRCLE('',#8034,1.7);
#2863=CIRCLE('',#8036,1.7);
#2864=CIRCLE('',#8039,1.);
#2865=CIRCLE('',#8042,1.);
#2866=CIRCLE('',#8044,1.);
#2867=CIRCLE('',#8047,1.);
#2868=VERTEX_POINT('',#10081);
#2869=VERTEX_POINT('',#10082);
#2870=VERTEX_POINT('',#10084);
#2871=VERTEX_POINT('',#10086);
#2872=VERTEX_POINT('',#10088);
#2873=VERTEX_POINT('',#10090);
#2874=VERTEX_POINT('',#10093);
#2875=VERTEX_POINT('',#10096);
#2876=VERTEX_POINT('',#10097);
#2877=VERTEX_POINT('',#10099);
#2878=VERTEX_POINT('',#10101);
#2879=VERTEX_POINT('',#10106);
#2880=VERTEX_POINT('',#10111);
#2881=VERTEX_POINT('',#10115);
#2882=VERTEX_POINT('',#10121);
#2883=VERTEX_POINT('',#10125);
#2884=VERTEX_POINT('',#10129);
#2885=VERTEX_POINT('',#10132);
#2886=VERTEX_POINT('',#10140);
#2887=VERTEX_POINT('',#10142);
#2888=VERTEX_POINT('',#10146);
#2889=VERTEX_POINT('',#10147);
#2890=VERTEX_POINT('',#10149);
#2891=VERTEX_POINT('',#10151);
#2892=VERTEX_POINT('',#10155);
#2893=VERTEX_POINT('',#10157);
#2894=VERTEX_POINT('',#10159);
#2895=VERTEX_POINT('',#10161);
#2896=VERTEX_POINT('',#10163);
#2897=VERTEX_POINT('',#10165);
#2898=VERTEX_POINT('',#10167);
#2899=VERTEX_POINT('',#10169);
#2900=VERTEX_POINT('',#10171);
#2901=VERTEX_POINT('',#10173);
#2902=VERTEX_POINT('',#10175);
#2903=VERTEX_POINT('',#10177);
#2904=VERTEX_POINT('',#10179);
#2905=VERTEX_POINT('',#10181);
#2906=VERTEX_POINT('',#10183);
#2907=VERTEX_POINT('',#10185);
#2908=VERTEX_POINT('',#10187);
#2909=VERTEX_POINT('',#10189);
#2910=VERTEX_POINT('',#10191);
#2911=VERTEX_POINT('',#10193);
#2912=VERTEX_POINT('',#10195);
#2913=VERTEX_POINT('',#10197);
#2914=VERTEX_POINT('',#10199);
#2915=VERTEX_POINT('',#10201);
#2916=VERTEX_POINT('',#10203);
#2917=VERTEX_POINT('',#10205);
#2918=VERTEX_POINT('',#10207);
#2919=VERTEX_POINT('',#10209);
#2920=VERTEX_POINT('',#10211);
#2921=VERTEX_POINT('',#10213);
#2922=VERTEX_POINT('',#10216);
#2923=VERTEX_POINT('',#10218);
#2924=VERTEX_POINT('',#10220);
#2925=VERTEX_POINT('',#10222);
#2926=VERTEX_POINT('',#10224);
#2927=VERTEX_POINT('',#10226);
#2928=VERTEX_POINT('',#10228);
#2929=VERTEX_POINT('',#10230);
#2930=VERTEX_POINT('',#10232);
#2931=VERTEX_POINT('',#10234);
#2932=VERTEX_POINT('',#10236);
#2933=VERTEX_POINT('',#10238);
#2934=VERTEX_POINT('',#10240);
#2935=VERTEX_POINT('',#10242);
#2936=VERTEX_POINT('',#10244);
#2937=VERTEX_POINT('',#10246);
#2938=VERTEX_POINT('',#10248);
#2939=VERTEX_POINT('',#10250);
#2940=VERTEX_POINT('',#10252);
#2941=VERTEX_POINT('',#10254);
#2942=VERTEX_POINT('',#10256);
#2943=VERTEX_POINT('',#10258);
#2944=VERTEX_POINT('',#10262);
#2945=VERTEX_POINT('',#10266);
#2946=VERTEX_POINT('',#10270);
#2947=VERTEX_POINT('',#10272);
#2948=VERTEX_POINT('',#10278);
#2949=VERTEX_POINT('',#10279);
#2950=VERTEX_POINT('',#10286);
#2951=VERTEX_POINT('',#10287);
#2952=VERTEX_POINT('',#10292);
#2953=VERTEX_POINT('',#10296);
#2954=VERTEX_POINT('',#10298);
#2955=VERTEX_POINT('',#10302);
#2956=VERTEX_POINT('',#10306);
#2957=VERTEX_POINT('',#10308);
#2958=VERTEX_POINT('',#10312);
#2959=VERTEX_POINT('',#10318);
#2960=VERTEX_POINT('',#10322);
#2961=VERTEX_POINT('',#10326);
#2962=VERTEX_POINT('',#10330);
#2963=VERTEX_POINT('',#10332);
#2964=VERTEX_POINT('',#10338);
#2965=VERTEX_POINT('',#10339);
#2966=VERTEX_POINT('',#10346);
#2967=VERTEX_POINT('',#10348);
#2968=VERTEX_POINT('',#10352);
#2969=VERTEX_POINT('',#10356);
#2970=VERTEX_POINT('',#10360);
#2971=VERTEX_POINT('',#10362);
#2972=VERTEX_POINT('',#10368);
#2973=VERTEX_POINT('',#10369);
#2974=VERTEX_POINT('',#10374);
#2975=VERTEX_POINT('',#10378);
#2976=VERTEX_POINT('',#10382);
#2977=VERTEX_POINT('',#10386);
#2978=VERTEX_POINT('',#10390);
#2979=VERTEX_POINT('',#10392);
#2980=VERTEX_POINT('',#10398);
#2981=VERTEX_POINT('',#10399);
#2982=VERTEX_POINT('',#10404);
#2983=VERTEX_POINT('',#10408);
#2984=VERTEX_POINT('',#10412);
#2985=VERTEX_POINT('',#10416);
#2986=VERTEX_POINT('',#10420);
#2987=VERTEX_POINT('',#10422);
#2988=VERTEX_POINT('',#10428);
#2989=VERTEX_POINT('',#10429);
#2990=VERTEX_POINT('',#10434);
#2991=VERTEX_POINT('',#10438);
#2992=VERTEX_POINT('',#10439);
#2993=VERTEX_POINT('',#10446);
#2994=VERTEX_POINT('',#10462);
#2995=VERTEX_POINT('',#10468);
#2996=VERTEX_POINT('',#10474);
#2997=VERTEX_POINT('',#10476);
#2998=VERTEX_POINT('',#10480);
#2999=VERTEX_POINT('',#10481);
#3000=VERTEX_POINT('',#10483);
#3001=VERTEX_POINT('',#10485);
#3002=VERTEX_POINT('',#10489);
#3003=VERTEX_POINT('',#10491);
#3004=VERTEX_POINT('',#10495);
#3005=VERTEX_POINT('',#10497);
#3006=VERTEX_POINT('',#10499);
#3007=VERTEX_POINT('',#10503);
#3008=VERTEX_POINT('',#10504);
#3009=VERTEX_POINT('',#10509);
#3010=VERTEX_POINT('',#10526);
#3011=VERTEX_POINT('',#10527);
#3012=VERTEX_POINT('',#10529);
#3013=VERTEX_POINT('',#10531);
#3014=VERTEX_POINT('',#10535);
#3015=VERTEX_POINT('',#10536);
#3016=VERTEX_POINT('',#10538);
#3017=VERTEX_POINT('',#10540);
#3018=VERTEX_POINT('',#10544);
#3019=VERTEX_POINT('',#10546);
#3020=VERTEX_POINT('',#10550);
#3021=VERTEX_POINT('',#10552);
#3022=VERTEX_POINT('',#10559);
#3023=VERTEX_POINT('',#10561);
#3024=VERTEX_POINT('',#10565);
#3025=VERTEX_POINT('',#10566);
#3026=VERTEX_POINT('',#10568);
#3027=VERTEX_POINT('',#10570);
#3028=VERTEX_POINT('',#10574);
#3029=VERTEX_POINT('',#10576);
#3030=VERTEX_POINT('',#10578);
#3031=VERTEX_POINT('',#10580);
#3032=VERTEX_POINT('',#10582);
#3033=VERTEX_POINT('',#10584);
#3034=VERTEX_POINT('',#10586);
#3035=VERTEX_POINT('',#10588);
#3036=VERTEX_POINT('',#10592);
#3037=VERTEX_POINT('',#10594);
#3038=VERTEX_POINT('',#10596);
#3039=VERTEX_POINT('',#10598);
#3040=VERTEX_POINT('',#10600);
#3041=VERTEX_POINT('',#10602);
#3042=VERTEX_POINT('',#10605);
#3043=VERTEX_POINT('',#10608);
#3044=VERTEX_POINT('',#10612);
#3045=VERTEX_POINT('',#10614);
#3046=VERTEX_POINT('',#10616);
#3047=VERTEX_POINT('',#10618);
#3048=VERTEX_POINT('',#10620);
#3049=VERTEX_POINT('',#10622);
#3050=VERTEX_POINT('',#10624);
#3051=VERTEX_POINT('',#10626);
#3052=VERTEX_POINT('',#10628);
#3053=VERTEX_POINT('',#10630);
#3054=VERTEX_POINT('',#10632);
#3055=VERTEX_POINT('',#10634);
#3056=VERTEX_POINT('',#10636);
#3057=VERTEX_POINT('',#10638);
#3058=VERTEX_POINT('',#10640);
#3059=VERTEX_POINT('',#10642);
#3060=VERTEX_POINT('',#10644);
#3061=VERTEX_POINT('',#10646);
#3062=VERTEX_POINT('',#10648);
#3063=VERTEX_POINT('',#10650);
#3064=VERTEX_POINT('',#10652);
#3065=VERTEX_POINT('',#10654);
#3066=VERTEX_POINT('',#10656);
#3067=VERTEX_POINT('',#10658);
#3068=VERTEX_POINT('',#10660);
#3069=VERTEX_POINT('',#10662);
#3070=VERTEX_POINT('',#10664);
#3071=VERTEX_POINT('',#10666);
#3072=VERTEX_POINT('',#10668);
#3073=VERTEX_POINT('',#10670);
#3074=VERTEX_POINT('',#10673);
#3075=VERTEX_POINT('',#10675);
#3076=VERTEX_POINT('',#10678);
#3077=VERTEX_POINT('',#10680);
#3078=VERTEX_POINT('',#10684);
#3079=VERTEX_POINT('',#10688);
#3080=VERTEX_POINT('',#10694);
#3081=VERTEX_POINT('',#10696);
#3082=VERTEX_POINT('',#10704);
#3083=VERTEX_POINT('',#10708);
#3084=VERTEX_POINT('',#10709);
#3085=VERTEX_POINT('',#10714);
#3086=VERTEX_POINT('',#10716);
#3087=VERTEX_POINT('',#10720);
#3088=VERTEX_POINT('',#10724);
#3089=VERTEX_POINT('',#10728);
#3090=VERTEX_POINT('',#10732);
#3091=VERTEX_POINT('',#10736);
#3092=VERTEX_POINT('',#10740);
#3093=VERTEX_POINT('',#10744);
#3094=VERTEX_POINT('',#10748);
#3095=VERTEX_POINT('',#10750);
#3096=VERTEX_POINT('',#10754);
#3097=VERTEX_POINT('',#10758);
#3098=VERTEX_POINT('',#10764);
#3099=VERTEX_POINT('',#10766);
#3100=VERTEX_POINT('',#10770);
#3101=VERTEX_POINT('',#10774);
#3102=VERTEX_POINT('',#10778);
#3103=VERTEX_POINT('',#10782);
#3104=VERTEX_POINT('',#10786);
#3105=VERTEX_POINT('',#10790);
#3106=VERTEX_POINT('',#10792);
#3107=VERTEX_POINT('',#10795);
#3108=VERTEX_POINT('',#10797);
#3109=VERTEX_POINT('',#10800);
#3110=VERTEX_POINT('',#10802);
#3111=VERTEX_POINT('',#10804);
#3112=VERTEX_POINT('',#10806);
#3113=VERTEX_POINT('',#10809);
#3114=VERTEX_POINT('',#10813);
#3115=VERTEX_POINT('',#10815);
#3116=VERTEX_POINT('',#10819);
#3117=VERTEX_POINT('',#10820);
#3118=VERTEX_POINT('',#10822);
#3119=VERTEX_POINT('',#10824);
#3120=VERTEX_POINT('',#10826);
#3121=VERTEX_POINT('',#10828);
#3122=VERTEX_POINT('',#10831);
#3123=VERTEX_POINT('',#10833);
#3124=VERTEX_POINT('',#10837);
#3125=VERTEX_POINT('',#10840);
#3126=VERTEX_POINT('',#10842);
#3127=VERTEX_POINT('',#10865);
#3128=VERTEX_POINT('',#10867);
#3129=VERTEX_POINT('',#10869);
#3130=VERTEX_POINT('',#10878);
#3131=VERTEX_POINT('',#10880);
#3132=VERTEX_POINT('',#10884);
#3133=VERTEX_POINT('',#10886);
#3134=VERTEX_POINT('',#10893);
#3135=VERTEX_POINT('',#10894);
#3136=VERTEX_POINT('',#10908);
#3137=VERTEX_POINT('',#10910);
#3138=VERTEX_POINT('',#10926);
#3139=VERTEX_POINT('',#10927);
#3140=VERTEX_POINT('',#10941);
#3141=VERTEX_POINT('',#10943);
#3142=VERTEX_POINT('',#10959);
#3143=VERTEX_POINT('',#10960);
#3144=VERTEX_POINT('',#10974);
#3145=VERTEX_POINT('',#10976);
#3146=VERTEX_POINT('',#10992);
#3147=VERTEX_POINT('',#10993);
#3148=VERTEX_POINT('',#11007);
#3149=VERTEX_POINT('',#11009);
#3150=VERTEX_POINT('',#11025);
#3151=VERTEX_POINT('',#11026);
#3152=VERTEX_POINT('',#11029);
#3153=VERTEX_POINT('',#11033);
#3154=VERTEX_POINT('',#11035);
#3155=VERTEX_POINT('',#11037);
#3156=VERTEX_POINT('',#11043);
#3157=VERTEX_POINT('',#11045);
#3158=VERTEX_POINT('',#11047);
#3159=VERTEX_POINT('',#11049);
#3160=VERTEX_POINT('',#11054);
#3161=VERTEX_POINT('',#11059);
#3162=VERTEX_POINT('',#11072);
#3163=VERTEX_POINT('',#11074);
#3164=VERTEX_POINT('',#11088);
#3165=VERTEX_POINT('',#11093);
#3166=VERTEX_POINT('',#11107);
#3167=VERTEX_POINT('',#11112);
#3168=VERTEX_POINT('',#11125);
#3169=VERTEX_POINT('',#11127);
#3170=VERTEX_POINT('',#11141);
#3171=VERTEX_POINT('',#11146);
#3172=VERTEX_POINT('',#11160);
#3173=VERTEX_POINT('',#11165);
#3174=VERTEX_POINT('',#11178);
#3175=VERTEX_POINT('',#11180);
#3176=VERTEX_POINT('',#11194);
#3177=VERTEX_POINT('',#11199);
#3178=VERTEX_POINT('',#11213);
#3179=VERTEX_POINT('',#11218);
#3180=VERTEX_POINT('',#11231);
#3181=VERTEX_POINT('',#11233);
#3182=VERTEX_POINT('',#11247);
#3183=VERTEX_POINT('',#11265);
#3184=VERTEX_POINT('',#11267);
#3185=VERTEX_POINT('',#11280);
#3186=VERTEX_POINT('',#11285);
#3187=VERTEX_POINT('',#11299);
#3188=VERTEX_POINT('',#11301);
#3189=VERTEX_POINT('',#11318);
#3190=VERTEX_POINT('',#11320);
#3191=VERTEX_POINT('',#11333);
#3192=VERTEX_POINT('',#11338);
#3193=VERTEX_POINT('',#11352);
#3194=VERTEX_POINT('',#11354);
#3195=VERTEX_POINT('',#11372);
#3196=VERTEX_POINT('',#11385);
#3197=VERTEX_POINT('',#11390);
#3198=VERTEX_POINT('',#11404);
#3199=VERTEX_POINT('',#11406);
#3200=VERTEX_POINT('',#11423);
#3201=VERTEX_POINT('',#11425);
#3202=VERTEX_POINT('',#11438);
#3203=VERTEX_POINT('',#11443);
#3204=VERTEX_POINT('',#11457);
#3205=VERTEX_POINT('',#11459);
#3206=VERTEX_POINT('',#11528);
#3207=VERTEX_POINT('',#11531);
#3208=VERTEX_POINT('',#11532);
#3209=VERTEX_POINT('',#11537);
#3210=VERTEX_POINT('',#11543);
#3211=VERTEX_POINT('',#11544);
#3212=VERTEX_POINT('',#11546);
#3213=VERTEX_POINT('',#11548);
#3214=VERTEX_POINT('',#11550);
#3215=VERTEX_POINT('',#11552);
#3216=VERTEX_POINT('',#11554);
#3217=VERTEX_POINT('',#11556);
#3218=VERTEX_POINT('',#11558);
#3219=VERTEX_POINT('',#11560);
#3220=VERTEX_POINT('',#11562);
#3221=VERTEX_POINT('',#11564);
#3222=VERTEX_POINT('',#11566);
#3223=VERTEX_POINT('',#11568);
#3224=VERTEX_POINT('',#11572);
#3225=VERTEX_POINT('',#11574);
#3226=VERTEX_POINT('',#11579);
#3227=VERTEX_POINT('',#11650);
#3228=VERTEX_POINT('',#11655);
#3229=VERTEX_POINT('',#11657);
#3230=VERTEX_POINT('',#11661);
#3231=VERTEX_POINT('',#11663);
#3232=VERTEX_POINT('',#11665);
#3233=VERTEX_POINT('',#11667);
#3234=VERTEX_POINT('',#11669);
#3235=VERTEX_POINT('',#11674);
#3236=VERTEX_POINT('',#11686);
#3237=VERTEX_POINT('',#11687);
#3238=VERTEX_POINT('',#11761);
#3239=VERTEX_POINT('',#11798);
#3240=VERTEX_POINT('',#11824);
#3241=VERTEX_POINT('',#11828);
#3242=VERTEX_POINT('',#11864);
#3243=VERTEX_POINT('',#11868);
#3244=VERTEX_POINT('',#11870);
#3245=VERTEX_POINT('',#11875);
#3246=VERTEX_POINT('',#11879);
#3247=VERTEX_POINT('',#11883);
#3248=VERTEX_POINT('',#11887);
#3249=VERTEX_POINT('',#11891);
#3250=VERTEX_POINT('',#11897);
#3251=VERTEX_POINT('',#11901);
#3252=VERTEX_POINT('',#11905);
#3253=VERTEX_POINT('',#11913);
#3254=VERTEX_POINT('',#11915);
#3255=VERTEX_POINT('',#11919);
#3256=VERTEX_POINT('',#11924);
#3257=VERTEX_POINT('',#11925);
#3258=VERTEX_POINT('',#11931);
#3259=VERTEX_POINT('',#11933);
#3260=VERTEX_POINT('',#11937);
#3261=VERTEX_POINT('',#11940);
#3262=VERTEX_POINT('',#11941);
#3263=VERTEX_POINT('',#11943);
#3264=VERTEX_POINT('',#11946);
#3265=VERTEX_POINT('',#11971);
#3266=VERTEX_POINT('',#11972);
#3267=VERTEX_POINT('',#11974);
#3268=VERTEX_POINT('',#11976);
#3269=VERTEX_POINT('',#11978);
#3270=VERTEX_POINT('',#11980);
#3271=VERTEX_POINT('',#12007);
#3272=VERTEX_POINT('',#12008);
#3273=VERTEX_POINT('',#12010);
#3274=VERTEX_POINT('',#12012);
#3275=VERTEX_POINT('',#12014);
#3276=VERTEX_POINT('',#12016);
#3277=VERTEX_POINT('',#12018);
#3278=VERTEX_POINT('',#12020);
#3279=VERTEX_POINT('',#12022);
#3280=VERTEX_POINT('',#12024);
#3281=VERTEX_POINT('',#12026);
#3282=VERTEX_POINT('',#12028);
#3283=VERTEX_POINT('',#12030);
#3284=VERTEX_POINT('',#12032);
#3285=VERTEX_POINT('',#12034);
#3286=VERTEX_POINT('',#12036);
#3287=VERTEX_POINT('',#12038);
#3288=VERTEX_POINT('',#12040);
#3289=VERTEX_POINT('',#12042);
#3290=VERTEX_POINT('',#12044);
#3291=VERTEX_POINT('',#12046);
#3292=VERTEX_POINT('',#12048);
#3293=VERTEX_POINT('',#12050);
#3294=VERTEX_POINT('',#12052);
#3295=VERTEX_POINT('',#12054);
#3296=VERTEX_POINT('',#12056);
#3297=VERTEX_POINT('',#12058);
#3298=VERTEX_POINT('',#12060);
#3299=VERTEX_POINT('',#12062);
#3300=VERTEX_POINT('',#12064);
#3301=VERTEX_POINT('',#12066);
#3302=VERTEX_POINT('',#12068);
#3303=VERTEX_POINT('',#12070);
#3304=VERTEX_POINT('',#12072);
#3305=VERTEX_POINT('',#12074);
#3306=VERTEX_POINT('',#12076);
#3307=VERTEX_POINT('',#12078);
#3308=VERTEX_POINT('',#12080);
#3309=VERTEX_POINT('',#12082);
#3310=VERTEX_POINT('',#12084);
#3311=VERTEX_POINT('',#12086);
#3312=VERTEX_POINT('',#12088);
#3313=VERTEX_POINT('',#12090);
#3314=VERTEX_POINT('',#12092);
#3315=VERTEX_POINT('',#12094);
#3316=VERTEX_POINT('',#12096);
#3317=VERTEX_POINT('',#12098);
#3318=VERTEX_POINT('',#12100);
#3319=VERTEX_POINT('',#12102);
#3320=VERTEX_POINT('',#12104);
#3321=VERTEX_POINT('',#12106);
#3322=VERTEX_POINT('',#12108);
#3323=VERTEX_POINT('',#12110);
#3324=VERTEX_POINT('',#12112);
#3325=VERTEX_POINT('',#12114);
#3326=VERTEX_POINT('',#12116);
#3327=VERTEX_POINT('',#12118);
#3328=VERTEX_POINT('',#12120);
#3329=VERTEX_POINT('',#12122);
#3330=VERTEX_POINT('',#12124);
#3331=VERTEX_POINT('',#12127);
#3332=VERTEX_POINT('',#12130);
#3333=VERTEX_POINT('',#12131);
#3334=VERTEX_POINT('',#12133);
#3335=VERTEX_POINT('',#12135);
#3336=VERTEX_POINT('',#12137);
#3337=VERTEX_POINT('',#12139);
#3338=VERTEX_POINT('',#12141);
#3339=VERTEX_POINT('',#12143);
#3340=VERTEX_POINT('',#12145);
#3341=VERTEX_POINT('',#12147);
#3342=VERTEX_POINT('',#12149);
#3343=VERTEX_POINT('',#12151);
#3344=VERTEX_POINT('',#12153);
#3345=VERTEX_POINT('',#12155);
#3346=VERTEX_POINT('',#12157);
#3347=VERTEX_POINT('',#12159);
#3348=VERTEX_POINT('',#12161);
#3349=VERTEX_POINT('',#12163);
#3350=VERTEX_POINT('',#12165);
#3351=VERTEX_POINT('',#12167);
#3352=VERTEX_POINT('',#12169);
#3353=VERTEX_POINT('',#12171);
#3354=VERTEX_POINT('',#12173);
#3355=VERTEX_POINT('',#12175);
#3356=VERTEX_POINT('',#12177);
#3357=VERTEX_POINT('',#12179);
#3358=VERTEX_POINT('',#12181);
#3359=VERTEX_POINT('',#12183);
#3360=VERTEX_POINT('',#12185);
#3361=VERTEX_POINT('',#12187);
#3362=VERTEX_POINT('',#12189);
#3363=VERTEX_POINT('',#12191);
#3364=VERTEX_POINT('',#12193);
#3365=VERTEX_POINT('',#12195);
#3366=VERTEX_POINT('',#12197);
#3367=VERTEX_POINT('',#12199);
#3368=VERTEX_POINT('',#12201);
#3369=VERTEX_POINT('',#12203);
#3370=VERTEX_POINT('',#12205);
#3371=VERTEX_POINT('',#12207);
#3372=VERTEX_POINT('',#12209);
#3373=VERTEX_POINT('',#12211);
#3374=VERTEX_POINT('',#12213);
#3375=VERTEX_POINT('',#12215);
#3376=VERTEX_POINT('',#12217);
#3377=VERTEX_POINT('',#12219);
#3378=VERTEX_POINT('',#12221);
#3379=VERTEX_POINT('',#12223);
#3380=VERTEX_POINT('',#12225);
#3381=VERTEX_POINT('',#12227);
#3382=VERTEX_POINT('',#12229);
#3383=VERTEX_POINT('',#12231);
#3384=VERTEX_POINT('',#12233);
#3385=VERTEX_POINT('',#12235);
#3386=VERTEX_POINT('',#12237);
#3387=VERTEX_POINT('',#12239);
#3388=VERTEX_POINT('',#12241);
#3389=VERTEX_POINT('',#12243);
#3390=VERTEX_POINT('',#12245);
#3391=VERTEX_POINT('',#12247);
#3392=VERTEX_POINT('',#12250);
#3393=VERTEX_POINT('',#12376);
#3394=VERTEX_POINT('',#12377);
#3395=VERTEX_POINT('',#12379);
#3396=VERTEX_POINT('',#12381);
#3397=VERTEX_POINT('',#12383);
#3398=VERTEX_POINT('',#12385);
#3399=VERTEX_POINT('',#12387);
#3400=VERTEX_POINT('',#12389);
#3401=VERTEX_POINT('',#12391);
#3402=VERTEX_POINT('',#12393);
#3403=VERTEX_POINT('',#12395);
#3404=VERTEX_POINT('',#12397);
#3405=VERTEX_POINT('',#12399);
#3406=VERTEX_POINT('',#12401);
#3407=VERTEX_POINT('',#12403);
#3408=VERTEX_POINT('',#12405);
#3409=VERTEX_POINT('',#12407);
#3410=VERTEX_POINT('',#12409);
#3411=VERTEX_POINT('',#12411);
#3412=VERTEX_POINT('',#12413);
#3413=VERTEX_POINT('',#12415);
#3414=VERTEX_POINT('',#12417);
#3415=VERTEX_POINT('',#12419);
#3416=VERTEX_POINT('',#12421);
#3417=VERTEX_POINT('',#12423);
#3418=VERTEX_POINT('',#12425);
#3419=VERTEX_POINT('',#12427);
#3420=VERTEX_POINT('',#12429);
#3421=VERTEX_POINT('',#12431);
#3422=VERTEX_POINT('',#12433);
#3423=VERTEX_POINT('',#12435);
#3424=VERTEX_POINT('',#12437);
#3425=VERTEX_POINT('',#12439);
#3426=VERTEX_POINT('',#12441);
#3427=VERTEX_POINT('',#12443);
#3428=VERTEX_POINT('',#12445);
#3429=VERTEX_POINT('',#12447);
#3430=VERTEX_POINT('',#12449);
#3431=VERTEX_POINT('',#12451);
#3432=VERTEX_POINT('',#12453);
#3433=VERTEX_POINT('',#12455);
#3434=VERTEX_POINT('',#12457);
#3435=VERTEX_POINT('',#12459);
#3436=VERTEX_POINT('',#12461);
#3437=VERTEX_POINT('',#12463);
#3438=VERTEX_POINT('',#12465);
#3439=VERTEX_POINT('',#12467);
#3440=VERTEX_POINT('',#12469);
#3441=VERTEX_POINT('',#12471);
#3442=VERTEX_POINT('',#12473);
#3443=VERTEX_POINT('',#12475);
#3444=VERTEX_POINT('',#12477);
#3445=VERTEX_POINT('',#12479);
#3446=VERTEX_POINT('',#12481);
#3447=VERTEX_POINT('',#12483);
#3448=VERTEX_POINT('',#12485);
#3449=VERTEX_POINT('',#12487);
#3450=VERTEX_POINT('',#12489);
#3451=VERTEX_POINT('',#12491);
#3452=VERTEX_POINT('',#12493);
#3453=VERTEX_POINT('',#12496);
#3454=VERTEX_POINT('',#12499);
#3455=VERTEX_POINT('',#12500);
#3456=VERTEX_POINT('',#12502);
#3457=VERTEX_POINT('',#12504);
#3458=VERTEX_POINT('',#12506);
#3459=VERTEX_POINT('',#12508);
#3460=VERTEX_POINT('',#12510);
#3461=VERTEX_POINT('',#12512);
#3462=VERTEX_POINT('',#12514);
#3463=VERTEX_POINT('',#12516);
#3464=VERTEX_POINT('',#12518);
#3465=VERTEX_POINT('',#12520);
#3466=VERTEX_POINT('',#12522);
#3467=VERTEX_POINT('',#12524);
#3468=VERTEX_POINT('',#12526);
#3469=VERTEX_POINT('',#12528);
#3470=VERTEX_POINT('',#12530);
#3471=VERTEX_POINT('',#12532);
#3472=VERTEX_POINT('',#12534);
#3473=VERTEX_POINT('',#12536);
#3474=VERTEX_POINT('',#12538);
#3475=VERTEX_POINT('',#12540);
#3476=VERTEX_POINT('',#12542);
#3477=VERTEX_POINT('',#12544);
#3478=VERTEX_POINT('',#12546);
#3479=VERTEX_POINT('',#12548);
#3480=VERTEX_POINT('',#12550);
#3481=VERTEX_POINT('',#12552);
#3482=VERTEX_POINT('',#12554);
#3483=VERTEX_POINT('',#12556);
#3484=VERTEX_POINT('',#12558);
#3485=VERTEX_POINT('',#12560);
#3486=VERTEX_POINT('',#12562);
#3487=VERTEX_POINT('',#12564);
#3488=VERTEX_POINT('',#12566);
#3489=VERTEX_POINT('',#12568);
#3490=VERTEX_POINT('',#12570);
#3491=VERTEX_POINT('',#12572);
#3492=VERTEX_POINT('',#12574);
#3493=VERTEX_POINT('',#12576);
#3494=VERTEX_POINT('',#12578);
#3495=VERTEX_POINT('',#12580);
#3496=VERTEX_POINT('',#12582);
#3497=VERTEX_POINT('',#12584);
#3498=VERTEX_POINT('',#12586);
#3499=VERTEX_POINT('',#12588);
#3500=VERTEX_POINT('',#12590);
#3501=VERTEX_POINT('',#12592);
#3502=VERTEX_POINT('',#12594);
#3503=VERTEX_POINT('',#12596);
#3504=VERTEX_POINT('',#12598);
#3505=VERTEX_POINT('',#12600);
#3506=VERTEX_POINT('',#12602);
#3507=VERTEX_POINT('',#12604);
#3508=VERTEX_POINT('',#12606);
#3509=VERTEX_POINT('',#12608);
#3510=VERTEX_POINT('',#12610);
#3511=VERTEX_POINT('',#12612);
#3512=VERTEX_POINT('',#12614);
#3513=VERTEX_POINT('',#12616);
#3514=VERTEX_POINT('',#12619);
#3515=VERTEX_POINT('',#12747);
#3516=VERTEX_POINT('',#12748);
#3517=VERTEX_POINT('',#12750);
#3518=VERTEX_POINT('',#12752);
#3519=VERTEX_POINT('',#12754);
#3520=VERTEX_POINT('',#12756);
#3521=VERTEX_POINT('',#12758);
#3522=VERTEX_POINT('',#12760);
#3523=VERTEX_POINT('',#12762);
#3524=VERTEX_POINT('',#12764);
#3525=VERTEX_POINT('',#12766);
#3526=VERTEX_POINT('',#12768);
#3527=VERTEX_POINT('',#12770);
#3528=VERTEX_POINT('',#12772);
#3529=VERTEX_POINT('',#12774);
#3530=VERTEX_POINT('',#12776);
#3531=VERTEX_POINT('',#12779);
#3532=VERTEX_POINT('',#12781);
#3533=VERTEX_POINT('',#12783);
#3534=VERTEX_POINT('',#12784);
#3535=VERTEX_POINT('',#12786);
#3536=VERTEX_POINT('',#12788);
#3537=VERTEX_POINT('',#12792);
#3538=VERTEX_POINT('',#12794);
#3539=VERTEX_POINT('',#12798);
#3540=VERTEX_POINT('',#12802);
#3541=VERTEX_POINT('',#12804);
#3542=VERTEX_POINT('',#12810);
#3543=VERTEX_POINT('',#12812);
#3544=VERTEX_POINT('',#12816);
#3545=VERTEX_POINT('',#12820);
#3546=VERTEX_POINT('',#12824);
#3547=VERTEX_POINT('',#12828);
#3548=VERTEX_POINT('',#12830);
#3549=VERTEX_POINT('',#12834);
#3550=VERTEX_POINT('',#12838);
#3551=VERTEX_POINT('',#12844);
#3552=VERTEX_POINT('',#12848);
#3553=VERTEX_POINT('',#12854);
#3554=VERTEX_POINT('',#12858);
#3555=VERTEX_POINT('',#12865);
#3556=VERTEX_POINT('',#12866);
#3557=VERTEX_POINT('',#12871);
#3558=VERTEX_POINT('',#12875);
#3559=EDGE_CURVE('',#2868,#2869,#2639,.T.);
#3560=EDGE_CURVE('',#2868,#2870,#1139,.T.);
#3561=EDGE_CURVE('',#2871,#2870,#2640,.T.);
#3562=EDGE_CURVE('',#2871,#2872,#1140,.T.);
#3563=EDGE_CURVE('',#2872,#2873,#1141,.T.);
#3564=EDGE_CURVE('',#2873,#2869,#1142,.T.);
#3565=EDGE_CURVE('',#2874,#2874,#2641,.T.);
#3566=EDGE_CURVE('',#2875,#2876,#1143,.T.);
#3567=EDGE_CURVE('',#2875,#2877,#2642,.T.);
#3568=EDGE_CURVE('',#2877,#2878,#1144,.T.);
#3569=EDGE_CURVE('',#2876,#2878,#2643,.T.);
#3570=EDGE_CURVE('',#2873,#2875,#1145,.T.);
#3571=EDGE_CURVE('',#2879,#2873,#2644,.T.);
#3572=EDGE_CURVE('',#2877,#2879,#1146,.T.);
#3573=EDGE_CURVE('',#2876,#2872,#1147,.T.);
#3574=EDGE_CURVE('',#2878,#2880,#1148,.T.);
#3575=EDGE_CURVE('',#2872,#2880,#2645,.T.);
#3576=EDGE_CURVE('',#2869,#2881,#1149,.T.);
#3577=EDGE_CURVE('',#2881,#2875,#1150,.T.);
#3578=EDGE_CURVE('',#2880,#2879,#1151,.T.);
#3579=EDGE_CURVE('',#2882,#2871,#1152,.T.);
#3580=EDGE_CURVE('',#2882,#2876,#1153,.T.);
#3581=EDGE_CURVE('',#2870,#2883,#1154,.T.);
#3582=EDGE_CURVE('',#2883,#2882,#2646,.T.);
#3583=EDGE_CURVE('',#2881,#2884,#2647,.T.);
#3584=EDGE_CURVE('',#2883,#2884,#1155,.T.);
#3585=EDGE_CURVE('',#2885,#2885,#2648,.T.);
#3586=EDGE_CURVE('',#2884,#2868,#1156,.T.);
#3587=EDGE_CURVE('',#2874,#2885,#1157,.T.);
#3588=EDGE_CURVE('',#2886,#2886,#2649,.T.);
#3589=EDGE_CURVE('',#2886,#2887,#1158,.T.);
#3590=EDGE_CURVE('',#2887,#2887,#2650,.T.);
#3591=EDGE_CURVE('',#2888,#2889,#2651,.T.);
#3592=EDGE_CURVE('',#2889,#2890,#1159,.T.);
#3593=EDGE_CURVE('',#2890,#2891,#2652,.T.);
#3594=EDGE_CURVE('',#2891,#2888,#1160,.T.);
#3595=EDGE_CURVE('',#2880,#2892,#1161,.T.);
#3596=EDGE_CURVE('',#2892,#2893,#1162,.T.);
#3597=EDGE_CURVE('',#2893,#2894,#1163,.T.);
#3598=EDGE_CURVE('',#2895,#2894,#2653,.T.);
#3599=EDGE_CURVE('',#2895,#2896,#1164,.T.);
#3600=EDGE_CURVE('',#2897,#2896,#2654,.T.);
#3601=EDGE_CURVE('',#2897,#2898,#1165,.T.);
#3602=EDGE_CURVE('',#2899,#2898,#2655,.T.);
#3603=EDGE_CURVE('',#2899,#2900,#1166,.T.);
#3604=EDGE_CURVE('',#2901,#2900,#2656,.T.);
#3605=EDGE_CURVE('',#2901,#2902,#1167,.T.);
#3606=EDGE_CURVE('',#2903,#2902,#2657,.T.);
#3607=EDGE_CURVE('',#2903,#2904,#1168,.T.);
#3608=EDGE_CURVE('',#2905,#2904,#2658,.T.);
#3609=EDGE_CURVE('',#2905,#2906,#1169,.T.);
#3610=EDGE_CURVE('',#2907,#2906,#2659,.T.);
#3611=EDGE_CURVE('',#2907,#2908,#1170,.T.);
#3612=EDGE_CURVE('',#2909,#2908,#2660,.T.);
#3613=EDGE_CURVE('',#2909,#2910,#1171,.T.);
#3614=EDGE_CURVE('',#2911,#2910,#2661,.T.);
#3615=EDGE_CURVE('',#2911,#2912,#1172,.T.);
#3616=EDGE_CURVE('',#2913,#2912,#2662,.T.);
#3617=EDGE_CURVE('',#2913,#2914,#1173,.T.);
#3618=EDGE_CURVE('',#2915,#2914,#2663,.T.);
#3619=EDGE_CURVE('',#2915,#2916,#1174,.T.);
#3620=EDGE_CURVE('',#2917,#2916,#2664,.T.);
#3621=EDGE_CURVE('',#2917,#2918,#1175,.T.);
#3622=EDGE_CURVE('',#2919,#2918,#2665,.T.);
#3623=EDGE_CURVE('',#2919,#2920,#1176,.T.);
#3624=EDGE_CURVE('',#2921,#2920,#2666,.T.);
#3625=EDGE_CURVE('',#2921,#2889,#1177,.T.);
#3626=EDGE_CURVE('',#2888,#2922,#1178,.T.);
#3627=EDGE_CURVE('',#2923,#2922,#2667,.T.);
#3628=EDGE_CURVE('',#2923,#2924,#1179,.T.);
#3629=EDGE_CURVE('',#2925,#2924,#2668,.T.);
#3630=EDGE_CURVE('',#2925,#2926,#1180,.T.);
#3631=EDGE_CURVE('',#2927,#2926,#2669,.T.);
#3632=EDGE_CURVE('',#2927,#2928,#1181,.T.);
#3633=EDGE_CURVE('',#2929,#2928,#2670,.T.);
#3634=EDGE_CURVE('',#2929,#2930,#1182,.T.);
#3635=EDGE_CURVE('',#2931,#2930,#2671,.T.);
#3636=EDGE_CURVE('',#2931,#2932,#1183,.T.);
#3637=EDGE_CURVE('',#2933,#2932,#2672,.T.);
#3638=EDGE_CURVE('',#2933,#2934,#1184,.T.);
#3639=EDGE_CURVE('',#2935,#2934,#2673,.T.);
#3640=EDGE_CURVE('',#2935,#2936,#1185,.T.);
#3641=EDGE_CURVE('',#2937,#2936,#2674,.T.);
#3642=EDGE_CURVE('',#2937,#2938,#1186,.T.);
#3643=EDGE_CURVE('',#2939,#2938,#2675,.T.);
#3644=EDGE_CURVE('',#2939,#2940,#1187,.T.);
#3645=EDGE_CURVE('',#2941,#2940,#2676,.T.);
#3646=EDGE_CURVE('',#2941,#2942,#1188,.T.);
#3647=EDGE_CURVE('',#2943,#2942,#2677,.T.);
#3648=EDGE_CURVE('',#2879,#2943,#1189,.T.);
#3649=EDGE_CURVE('',#2944,#2891,#1190,.T.);
#3650=EDGE_CURVE('',#2922,#2944,#1191,.T.);
#3651=EDGE_CURVE('',#2944,#2945,#2678,.T.);
#3652=EDGE_CURVE('',#2945,#2923,#1192,.T.);
#3653=EDGE_CURVE('',#2924,#2946,#1193,.T.);
#3654=EDGE_CURVE('',#2946,#2947,#2679,.T.);
#3655=EDGE_CURVE('',#2947,#2925,#1194,.T.);
#3656=EDGE_CURVE('',#2946,#2945,#1195,.T.);
#3657=EDGE_CURVE('',#2948,#2949,#2680,.T.);
#3658=EDGE_CURVE('',#2949,#2927,#1196,.T.);
#3659=EDGE_CURVE('',#2926,#2948,#1197,.T.);
#3660=EDGE_CURVE('',#2948,#2947,#1198,.T.);
#3661=EDGE_CURVE('',#2950,#2951,#2681,.T.);
#3662=EDGE_CURVE('',#2951,#2935,#1199,.T.);
#3663=EDGE_CURVE('',#2934,#2950,#1200,.T.);
#3664=EDGE_CURVE('',#2952,#2951,#1201,.T.);
#3665=EDGE_CURVE('',#2936,#2952,#1202,.T.);
#3666=EDGE_CURVE('',#2932,#2953,#1203,.T.);
#3667=EDGE_CURVE('',#2953,#2954,#2682,.T.);
#3668=EDGE_CURVE('',#2954,#2933,#1204,.T.);
#3669=EDGE_CURVE('',#2955,#2931,#1205,.T.);
#3670=EDGE_CURVE('',#2953,#2955,#1206,.T.);
#3671=EDGE_CURVE('',#2928,#2956,#1207,.T.);
#3672=EDGE_CURVE('',#2956,#2957,#2683,.T.);
#3673=EDGE_CURVE('',#2957,#2929,#1208,.T.);
#3674=EDGE_CURVE('',#2958,#2957,#1209,.T.);
#3675=EDGE_CURVE('',#2930,#2958,#1210,.T.);
#3676=EDGE_CURVE('',#2958,#2955,#2684,.T.);
#3677=EDGE_CURVE('',#2952,#2959,#2685,.T.);
#3678=EDGE_CURVE('',#2959,#2937,#1211,.T.);
#3679=EDGE_CURVE('',#2960,#2959,#1212,.T.);
#3680=EDGE_CURVE('',#2938,#2960,#1213,.T.);
#3681=EDGE_CURVE('',#2960,#2961,#2686,.T.);
#3682=EDGE_CURVE('',#2961,#2939,#1214,.T.);
#3683=EDGE_CURVE('',#2940,#2962,#1215,.T.);
#3684=EDGE_CURVE('',#2962,#2963,#2687,.T.);
#3685=EDGE_CURVE('',#2963,#2941,#1216,.T.);
#3686=EDGE_CURVE('',#2962,#2961,#1217,.T.);
#3687=EDGE_CURVE('',#2964,#2965,#2688,.T.);
#3688=EDGE_CURVE('',#2965,#2943,#1218,.T.);
#3689=EDGE_CURVE('',#2942,#2964,#1219,.T.);
#3690=EDGE_CURVE('',#2965,#2877,#1220,.T.);
#3691=EDGE_CURVE('',#2894,#2966,#1221,.T.);
#3692=EDGE_CURVE('',#2966,#2967,#2689,.T.);
#3693=EDGE_CURVE('',#2967,#2895,#1222,.T.);
#3694=EDGE_CURVE('',#2968,#2967,#1223,.T.);
#3695=EDGE_CURVE('',#2896,#2968,#1224,.T.);
#3696=EDGE_CURVE('',#2968,#2969,#2690,.T.);
#3697=EDGE_CURVE('',#2969,#2897,#1225,.T.);
#3698=EDGE_CURVE('',#2898,#2970,#1226,.T.);
#3699=EDGE_CURVE('',#2970,#2971,#2691,.T.);
#3700=EDGE_CURVE('',#2971,#2899,#1227,.T.);
#3701=EDGE_CURVE('',#2970,#2969,#1228,.T.);
#3702=EDGE_CURVE('',#2972,#2973,#2692,.T.);
#3703=EDGE_CURVE('',#2973,#2901,#1229,.T.);
#3704=EDGE_CURVE('',#2900,#2972,#1230,.T.);
#3705=EDGE_CURVE('',#2974,#2973,#1231,.T.);
#3706=EDGE_CURVE('',#2902,#2974,#1232,.T.);
#3707=EDGE_CURVE('',#2974,#2975,#2693,.T.);
#3708=EDGE_CURVE('',#2975,#2903,#1233,.T.);
#3709=EDGE_CURVE('',#2976,#2975,#1234,.T.);
#3710=EDGE_CURVE('',#2904,#2976,#1235,.T.);
#3711=EDGE_CURVE('',#2976,#2977,#2694,.T.);
#3712=EDGE_CURVE('',#2977,#2905,#1236,.T.);
#3713=EDGE_CURVE('',#2906,#2978,#1237,.T.);
#3714=EDGE_CURVE('',#2978,#2979,#2695,.T.);
#3715=EDGE_CURVE('',#2979,#2907,#1238,.T.);
#3716=EDGE_CURVE('',#2978,#2977,#1239,.T.);
#3717=EDGE_CURVE('',#2980,#2981,#2696,.T.);
#3718=EDGE_CURVE('',#2981,#2909,#1240,.T.);
#3719=EDGE_CURVE('',#2908,#2980,#1241,.T.);
#3720=EDGE_CURVE('',#2982,#2981,#1242,.T.);
#3721=EDGE_CURVE('',#2910,#2982,#1243,.T.);
#3722=EDGE_CURVE('',#2982,#2983,#2697,.T.);
#3723=EDGE_CURVE('',#2983,#2911,#1244,.T.);
#3724=EDGE_CURVE('',#2984,#2983,#1245,.T.);
#3725=EDGE_CURVE('',#2912,#2984,#1246,.T.);
#3726=EDGE_CURVE('',#2984,#2985,#2698,.T.);
#3727=EDGE_CURVE('',#2985,#2913,#1247,.T.);
#3728=EDGE_CURVE('',#2914,#2986,#1248,.T.);
#3729=EDGE_CURVE('',#2986,#2987,#2699,.T.);
#3730=EDGE_CURVE('',#2987,#2915,#1249,.T.);
#3731=EDGE_CURVE('',#2986,#2985,#1250,.T.);
#3732=EDGE_CURVE('',#2988,#2989,#2700,.T.);
#3733=EDGE_CURVE('',#2989,#2917,#1251,.T.);
#3734=EDGE_CURVE('',#2916,#2988,#1252,.T.);
#3735=EDGE_CURVE('',#2990,#2989,#1253,.T.);
#3736=EDGE_CURVE('',#2918,#2990,#1254,.T.);
#3737=EDGE_CURVE('',#2991,#2992,#2701,.T.);
#3738=EDGE_CURVE('',#2992,#2921,#1255,.T.);
#3739=EDGE_CURVE('',#2920,#2991,#1256,.T.);
#3740=EDGE_CURVE('',#2890,#2992,#1257,.T.);
#3741=EDGE_CURVE('',#2990,#2993,#2702,.T.);
#3742=EDGE_CURVE('',#2993,#2919,#1258,.T.);
#3743=EDGE_CURVE('',#2991,#2993,#1259,.T.);
#3744=EDGE_CURVE('',#2950,#2954,#1260,.T.);
#3745=EDGE_CURVE('',#2988,#2987,#1261,.T.);
#3746=EDGE_CURVE('',#2972,#2971,#1262,.T.);
#3747=EDGE_CURVE('',#2980,#2979,#1263,.T.);
#3748=EDGE_CURVE('',#2964,#2963,#1264,.T.);
#3749=EDGE_CURVE('',#2893,#2994,#1265,.T.);
#3750=EDGE_CURVE('',#2966,#2994,#1266,.T.);
#3751=EDGE_CURVE('',#2956,#2949,#1267,.T.);
#3752=EDGE_CURVE('',#2994,#2995,#1268,.T.);
#3753=EDGE_CURVE('',#2995,#2878,#1269,.T.);
#3754=EDGE_CURVE('',#2995,#2892,#1270,.T.);
#3755=EDGE_CURVE('',#2996,#2996,#2703,.T.);
#3756=EDGE_CURVE('',#2996,#2997,#1271,.T.);
#3757=EDGE_CURVE('',#2997,#2997,#2704,.T.);
#3758=EDGE_CURVE('',#2998,#2999,#2705,.T.);
#3759=EDGE_CURVE('',#2999,#3000,#1272,.T.);
#3760=EDGE_CURVE('',#3000,#3001,#2706,.T.);
#3761=EDGE_CURVE('',#3001,#2998,#1273,.T.);
#3762=EDGE_CURVE('',#3001,#3002,#1274,.T.);
#3763=EDGE_CURVE('',#3002,#3003,#1275,.T.);
#3764=EDGE_CURVE('',#2998,#3003,#1276,.T.);
#3765=EDGE_CURVE('',#3000,#3004,#1277,.T.);
#3766=EDGE_CURVE('',#3005,#3004,#2707,.T.);
#3767=EDGE_CURVE('',#3005,#3006,#1278,.T.);
#3768=EDGE_CURVE('',#3006,#3002,#1279,.T.);
#3769=EDGE_CURVE('',#3007,#3008,#2708,.T.);
#3770=EDGE_CURVE('',#3008,#3005,#1280,.T.);
#3771=EDGE_CURVE('',#3004,#3007,#1281,.T.);
#3772=EDGE_CURVE('',#3009,#3008,#1282,.T.);
#3773=EDGE_CURVE('',#3009,#3006,#1283,.T.);
#3774=EDGE_CURVE('',#3003,#3009,#1284,.T.);
#3775=EDGE_CURVE('',#3003,#2893,#2709,.T.);
#3776=EDGE_CURVE('',#2892,#3009,#2710,.T.);
#3777=EDGE_CURVE('',#3002,#2994,#2711,.T.);
#3778=EDGE_CURVE('',#3006,#2995,#2712,.T.);
#3779=EDGE_CURVE('',#3007,#2999,#1285,.T.);
#3780=EDGE_CURVE('',#3010,#3011,#1286,.T.);
#3781=EDGE_CURVE('',#3012,#3011,#1287,.T.);
#3782=EDGE_CURVE('',#3012,#3013,#1288,.T.);
#3783=EDGE_CURVE('',#3010,#3013,#1289,.T.);
#3784=EDGE_CURVE('',#3014,#3015,#1290,.T.);
#3785=EDGE_CURVE('',#3015,#3016,#1291,.T.);
#3786=EDGE_CURVE('',#3017,#3016,#1292,.T.);
#3787=EDGE_CURVE('',#3014,#3017,#1293,.T.);
#3788=EDGE_CURVE('',#3013,#3018,#2713,.T.);
#3789=EDGE_CURVE('',#3019,#3012,#2714,.T.);
#3790=EDGE_CURVE('',#3018,#3019,#1294,.T.);
#3791=EDGE_CURVE('',#3020,#3019,#1295,.T.);
#3792=EDGE_CURVE('',#3020,#3021,#1296,.T.);
#3793=EDGE_CURVE('',#3021,#3018,#1297,.T.);
#3794=EDGE_CURVE('',#3015,#3020,#2715,.T.);
#3795=EDGE_CURVE('',#3021,#3014,#2716,.T.);
#3796=EDGE_CURVE('',#3022,#3022,#2717,.T.);
#3797=EDGE_CURVE('',#3022,#3023,#1298,.T.);
#3798=EDGE_CURVE('',#3023,#3023,#2718,.T.);
#3799=EDGE_CURVE('',#3024,#3025,#2719,.T.);
#3800=EDGE_CURVE('',#3025,#3026,#1299,.T.);
#3801=EDGE_CURVE('',#3026,#3027,#2720,.T.);
#3802=EDGE_CURVE('',#3027,#3024,#1300,.T.);
#3803=EDGE_CURVE('',#3025,#3028,#1301,.T.);
#3804=EDGE_CURVE('',#3029,#3028,#1302,.T.);
#3805=EDGE_CURVE('',#3030,#3029,#2721,.T.);
#3806=EDGE_CURVE('',#3030,#3031,#1303,.T.);
#3807=EDGE_CURVE('',#3032,#3031,#1304,.T.);
#3808=EDGE_CURVE('',#3033,#3032,#1305,.T.);
#3809=EDGE_CURVE('',#3034,#3033,#2722,.T.);
#3810=EDGE_CURVE('',#3035,#3034,#1306,.T.);
#3811=EDGE_CURVE('',#3035,#3026,#1307,.T.);
#3812=EDGE_CURVE('',#3024,#3036,#1308,.F.);
#3813=EDGE_CURVE('',#3036,#3037,#2723,.T.);
#3814=EDGE_CURVE('',#3038,#3037,#1309,.T.);
#3815=EDGE_CURVE('',#3038,#3039,#1310,.T.);
#3816=EDGE_CURVE('',#3040,#3039,#1311,.T.);
#3817=EDGE_CURVE('',#3041,#3040,#1312,.T.);
#3818=EDGE_CURVE('',#3029,#3041,#1313,.T.);
#3819=EDGE_CURVE('',#3042,#3042,#2724,.T.);
#3820=EDGE_CURVE('',#3043,#3027,#1314,.T.);
#3821=EDGE_CURVE('',#3043,#3036,#1315,.T.);
#3822=EDGE_CURVE('',#3044,#3032,#2725,.T.);
#3823=EDGE_CURVE('',#3045,#3044,#1316,.T.);
#3824=EDGE_CURVE('',#3046,#3045,#1317,.T.);
#3825=EDGE_CURVE('',#3047,#3046,#2726,.T.);
#3826=EDGE_CURVE('',#3048,#3047,#1318,.T.);
#3827=EDGE_CURVE('',#3049,#3048,#2727,.T.);
#3828=EDGE_CURVE('',#3050,#3049,#1319,.T.);
#3829=EDGE_CURVE('',#3051,#3050,#2728,.T.);
#3830=EDGE_CURVE('',#3052,#3051,#1320,.T.);
#3831=EDGE_CURVE('',#3053,#3052,#2729,.T.);
#3832=EDGE_CURVE('',#3053,#3054,#1321,.T.);
#3833=EDGE_CURVE('',#3054,#3055,#1322,.T.);
#3834=EDGE_CURVE('',#3056,#3055,#2730,.T.);
#3835=EDGE_CURVE('',#3056,#3057,#1323,.T.);
#3836=EDGE_CURVE('',#3058,#3057,#1324,.T.);
#3837=EDGE_CURVE('',#3058,#3059,#1325,.T.);
#3838=EDGE_CURVE('',#3060,#3059,#2731,.T.);
#3839=EDGE_CURVE('',#3060,#3061,#1326,.T.);
#3840=EDGE_CURVE('',#3061,#3062,#1327,.T.);
#3841=EDGE_CURVE('',#3063,#3062,#2732,.T.);
#3842=EDGE_CURVE('',#3064,#3063,#1328,.T.);
#3843=EDGE_CURVE('',#3065,#3064,#2733,.T.);
#3844=EDGE_CURVE('',#3066,#3065,#1329,.T.);
#3845=EDGE_CURVE('',#3067,#3066,#2734,.T.);
#3846=EDGE_CURVE('',#3068,#3067,#1330,.T.);
#3847=EDGE_CURVE('',#3069,#3068,#2735,.T.);
#3848=EDGE_CURVE('',#3070,#3069,#1331,.T.);
#3849=EDGE_CURVE('',#3071,#3070,#1332,.T.);
#3850=EDGE_CURVE('',#3072,#3071,#2736,.T.);
#3851=EDGE_CURVE('',#3073,#3072,#1333,.T.);
#3852=EDGE_CURVE('',#3033,#3073,#1334,.T.);
#3853=EDGE_CURVE('',#3074,#3074,#2737,.T.);
#3854=EDGE_CURVE('',#3075,#3075,#2738,.T.);
#3855=EDGE_CURVE('',#3076,#3039,#1335,.T.);
#3856=EDGE_CURVE('',#3077,#3038,#1336,.T.);
#3857=EDGE_CURVE('',#3076,#3077,#1337,.T.);
#3858=EDGE_CURVE('',#3037,#3078,#1338,.T.);
#3859=EDGE_CURVE('',#3078,#3077,#1339,.T.);
#3860=EDGE_CURVE('',#3079,#3079,#2739,.T.);
#3861=EDGE_CURVE('',#3079,#3042,#1340,.T.);
#3862=EDGE_CURVE('',#3078,#3043,#2740,.T.);
#3863=EDGE_CURVE('',#3080,#3034,#1341,.T.);
#3864=EDGE_CURVE('',#3081,#3080,#1342,.T.);
#3865=EDGE_CURVE('',#3081,#3076,#1343,.T.);
#3866=EDGE_CURVE('',#3081,#3040,#1344,.T.);
#3867=EDGE_CURVE('',#3073,#3080,#2741,.T.);
#3868=EDGE_CURVE('',#3041,#3082,#2742,.T.);
#3869=EDGE_CURVE('',#3082,#3030,#1345,.T.);
#3870=EDGE_CURVE('',#3083,#3084,#2743,.T.);
#3871=EDGE_CURVE('',#3084,#3047,#1346,.T.);
#3872=EDGE_CURVE('',#3046,#3083,#1347,.T.);
#3873=EDGE_CURVE('',#3068,#3085,#1348,.T.);
#3874=EDGE_CURVE('',#3085,#3086,#2744,.T.);
#3875=EDGE_CURVE('',#3086,#3069,#1349,.T.);
#3876=EDGE_CURVE('',#3087,#3087,#2745,.T.);
#3877=EDGE_CURVE('',#3087,#3074,#1350,.T.);
#3878=EDGE_CURVE('',#3088,#3088,#2746,.T.);
#3879=EDGE_CURVE('',#3088,#3075,#1351,.T.);
#3880=EDGE_CURVE('',#3089,#3067,#1352,.T.);
#3881=EDGE_CURVE('',#3089,#3085,#1353,.T.);
#3882=EDGE_CURVE('',#3066,#3090,#1354,.T.);
#3883=EDGE_CURVE('',#3090,#3089,#2747,.T.);
#3884=EDGE_CURVE('',#3091,#3065,#1355,.T.);
#3885=EDGE_CURVE('',#3091,#3090,#1356,.T.);
#3886=EDGE_CURVE('',#3045,#3092,#1357,.T.);
#3887=EDGE_CURVE('',#3092,#3083,#1358,.T.);
#3888=EDGE_CURVE('',#3093,#3070,#1359,.T.);
#3889=EDGE_CURVE('',#3093,#3086,#1360,.T.);
#3890=EDGE_CURVE('',#3062,#3094,#1361,.T.);
#3891=EDGE_CURVE('',#3061,#3095,#1362,.T.);
#3892=EDGE_CURVE('',#3094,#3095,#1363,.T.);
#3893=EDGE_CURVE('',#3094,#3096,#2748,.T.);
#3894=EDGE_CURVE('',#3096,#3063,#1364,.T.);
#3895=EDGE_CURVE('',#3064,#3097,#1365,.T.);
#3896=EDGE_CURVE('',#3096,#3097,#1366,.T.);
#3897=EDGE_CURVE('',#3097,#3091,#2749,.T.);
#3898=EDGE_CURVE('',#3098,#3053,#1367,.T.);
#3899=EDGE_CURVE('',#3099,#3098,#1368,.T.);
#3900=EDGE_CURVE('',#3099,#3054,#1369,.T.);
#3901=EDGE_CURVE('',#3052,#3100,#1370,.T.);
#3902=EDGE_CURVE('',#3100,#3098,#2750,.T.);
#3903=EDGE_CURVE('',#3055,#3101,#1371,.T.);
#3904=EDGE_CURVE('',#3101,#3099,#1372,.T.);
#3905=EDGE_CURVE('',#3101,#3102,#2751,.T.);
#3906=EDGE_CURVE('',#3102,#3056,#1373,.T.);
#3907=EDGE_CURVE('',#3103,#3060,#1374,.T.);
#3908=EDGE_CURVE('',#3095,#3103,#1375,.T.);
#3909=EDGE_CURVE('',#3104,#3103,#2752,.T.);
#3910=EDGE_CURVE('',#3059,#3104,#1376,.T.);
#3911=EDGE_CURVE('',#3082,#3105,#1377,.T.);
#3912=EDGE_CURVE('',#3106,#3105,#2753,.T.);
#3913=EDGE_CURVE('',#3093,#3106,#1378,.T.);
#3914=EDGE_CURVE('',#3107,#3104,#1379,.T.);
#3915=EDGE_CURVE('',#3108,#3107,#1380,.T.);
#3916=EDGE_CURVE('',#3108,#3102,#1381,.T.);
#3917=EDGE_CURVE('',#3109,#3100,#1382,.T.);
#3918=EDGE_CURVE('',#3110,#3109,#2754,.T.);
#3919=EDGE_CURVE('',#3111,#3110,#1383,.T.);
#3920=EDGE_CURVE('',#3112,#3111,#2755,.T.);
#3921=EDGE_CURVE('',#3112,#3084,#1384,.T.);
#3922=EDGE_CURVE('',#3113,#3092,#1385,.T.);
#3923=EDGE_CURVE('',#3031,#3113,#2756,.T.);
#3924=EDGE_CURVE('',#3107,#3114,#2757,.T.);
#3925=EDGE_CURVE('',#3114,#3115,#1386,.T.);
#3926=EDGE_CURVE('',#3115,#3108,#2758,.T.);
#3927=EDGE_CURVE('',#3116,#3117,#1387,.T.);
#3928=EDGE_CURVE('',#3118,#3116,#1388,.T.);
#3929=EDGE_CURVE('',#3119,#3118,#1389,.T.);
#3930=EDGE_CURVE('',#3119,#3120,#1390,.T.);
#3931=EDGE_CURVE('',#3120,#3121,#1391,.T.);
#3932=EDGE_CURVE('',#3016,#3121,#1392,.T.);
#3933=EDGE_CURVE('',#3122,#3011,#1393,.T.);
#3934=EDGE_CURVE('',#3123,#3122,#1394,.T.);
#3935=EDGE_CURVE('',#3117,#3123,#1395,.T.);
#3936=EDGE_CURVE('',#3124,#3114,#1396,.T.);
#3937=EDGE_CURVE('',#3116,#3058,#2759,.T.);
#3938=EDGE_CURVE('',#3010,#3125,#1397,.T.);
#3939=EDGE_CURVE('',#3126,#3125,#1398,.T.);
#3940=EDGE_CURVE('',#3124,#3126,#1399,.T.);
#3941=EDGE_CURVE('',#3057,#3118,#2760,.T.);
#3942=EDGE_CURVE('',#3105,#3072,#1400,.T.);
#3943=EDGE_CURVE('',#3071,#3106,#1401,.T.);
#3944=EDGE_CURVE('',#3113,#3044,#1402,.T.);
#3945=EDGE_CURVE('',#3111,#3049,#1403,.T.);
#3946=EDGE_CURVE('',#3050,#3110,#1404,.T.);
#3947=EDGE_CURVE('',#3109,#3051,#1405,.T.);
#3948=EDGE_CURVE('',#3048,#3112,#1406,.T.);
#3949=EDGE_CURVE('',#3115,#3127,#1407,.T.);
#3950=EDGE_CURVE('',#3127,#3128,#1408,.T.);
#3951=EDGE_CURVE('',#3128,#3129,#1409,.T.);
#3952=EDGE_CURVE('',#3129,#3017,#1410,.T.);
#3953=EDGE_CURVE('',#3130,#3130,#2761,.T.);
#3954=EDGE_CURVE('',#3130,#3131,#1411,.T.);
#3955=EDGE_CURVE('',#3131,#3131,#2762,.T.);
#3956=EDGE_CURVE('',#3132,#3132,#2763,.T.);
#3957=EDGE_CURVE('',#3132,#3133,#1412,.T.);
#3958=EDGE_CURVE('',#3133,#3133,#2764,.T.);
#3959=EDGE_CURVE('',#3134,#3135,#58,.F.);
#3960=EDGE_CURVE('',#3136,#3134,#1413,.T.);
#3961=EDGE_CURVE('',#3137,#3136,#59,.F.);
#3962=EDGE_CURVE('',#3135,#3137,#1414,.T.);
#3963=EDGE_CURVE('',#3138,#3139,#60,.F.);
#3964=EDGE_CURVE('',#3140,#3138,#1415,.T.);
#3965=EDGE_CURVE('',#3141,#3140,#61,.F.);
#3966=EDGE_CURVE('',#3139,#3141,#1416,.T.);
#3967=EDGE_CURVE('',#3142,#3143,#62,.F.);
#3968=EDGE_CURVE('',#3144,#3142,#1417,.T.);
#3969=EDGE_CURVE('',#3145,#3144,#63,.F.);
#3970=EDGE_CURVE('',#3143,#3145,#1418,.T.);
#3971=EDGE_CURVE('',#3146,#3147,#64,.F.);
#3972=EDGE_CURVE('',#3148,#3146,#1419,.T.);
#3973=EDGE_CURVE('',#3149,#3148,#65,.F.);
#3974=EDGE_CURVE('',#3147,#3149,#1420,.T.);
#3975=EDGE_CURVE('',#3150,#3151,#2765,.T.);
#3976=EDGE_CURVE('',#3151,#3150,#2766,.T.);
#3977=EDGE_CURVE('',#3151,#3152,#1421,.T.);
#3978=EDGE_CURVE('',#3152,#3152,#2767,.T.);
#3979=EDGE_CURVE('',#3153,#3153,#2768,.T.);
#3980=EDGE_CURVE('',#3153,#3154,#1422,.T.);
#3981=EDGE_CURVE('',#3154,#3155,#2769,.T.);
#3982=EDGE_CURVE('',#3155,#3154,#2770,.T.);
#3983=EDGE_CURVE('',#3152,#3153,#1423,.T.);
#3984=EDGE_CURVE('',#3139,#3156,#2771,.T.);
#3985=EDGE_CURVE('',#3141,#3157,#2772,.T.);
#3986=EDGE_CURVE('',#3157,#3158,#2773,.T.);
#3987=EDGE_CURVE('',#3158,#3159,#1424,.T.);
#3988=EDGE_CURVE('',#3156,#3159,#2774,.T.);
#3989=EDGE_CURVE('',#3150,#3157,#1425,.T.);
#3990=EDGE_CURVE('',#3140,#3160,#21,.T.);
#3991=EDGE_CURVE('',#3160,#3161,#66,.T.);
#3992=EDGE_CURVE('',#3161,#3162,#2775,.T.);
#3993=EDGE_CURVE('',#3162,#3163,#67,.T.);
#3994=EDGE_CURVE('',#3163,#3164,#22,.T.);
#3995=EDGE_CURVE('',#3164,#3165,#68,.T.);
#3996=EDGE_CURVE('',#3145,#3165,#2776,.T.);
#3997=EDGE_CURVE('',#3144,#3166,#23,.T.);
#3998=EDGE_CURVE('',#3166,#3167,#69,.T.);
#3999=EDGE_CURVE('',#3167,#3168,#2777,.T.);
#4000=EDGE_CURVE('',#3168,#3169,#70,.T.);
#4001=EDGE_CURVE('',#3169,#3170,#24,.T.);
#4002=EDGE_CURVE('',#3170,#3171,#71,.T.);
#4003=EDGE_CURVE('',#3149,#3171,#2778,.T.);
#4004=EDGE_CURVE('',#3148,#3172,#25,.T.);
#4005=EDGE_CURVE('',#3172,#3173,#72,.T.);
#4006=EDGE_CURVE('',#3173,#3174,#2779,.T.);
#4007=EDGE_CURVE('',#3174,#3175,#73,.T.);
#4008=EDGE_CURVE('',#3175,#3176,#26,.T.);
#4009=EDGE_CURVE('',#3176,#3177,#74,.T.);
#4010=EDGE_CURVE('',#3137,#3177,#2780,.T.);
#4011=EDGE_CURVE('',#3136,#3178,#27,.T.);
#4012=EDGE_CURVE('',#3178,#3179,#75,.T.);
#4013=EDGE_CURVE('',#3179,#3180,#2781,.T.);
#4014=EDGE_CURVE('',#3180,#3181,#76,.T.);
#4015=EDGE_CURVE('',#3181,#3182,#28,.T.);
#4016=EDGE_CURVE('',#3182,#3158,#77,.T.);
#4017=EDGE_CURVE('',#3147,#3183,#2782,.T.);
#4018=EDGE_CURVE('',#3183,#3184,#78,.T.);
#4019=EDGE_CURVE('',#3184,#3185,#29,.T.);
#4020=EDGE_CURVE('',#3185,#3186,#79,.T.);
#4021=EDGE_CURVE('',#3186,#3187,#2783,.T.);
#4022=EDGE_CURVE('',#3187,#3188,#80,.T.);
#4023=EDGE_CURVE('',#3188,#3142,#30,.T.);
#4024=EDGE_CURVE('',#3143,#3189,#2784,.T.);
#4025=EDGE_CURVE('',#3189,#3190,#81,.T.);
#4026=EDGE_CURVE('',#3190,#3191,#31,.T.);
#4027=EDGE_CURVE('',#3191,#3192,#82,.T.);
#4028=EDGE_CURVE('',#3192,#3193,#2785,.T.);
#4029=EDGE_CURVE('',#3193,#3194,#83,.T.);
#4030=EDGE_CURVE('',#3194,#3138,#32,.T.);
#4031=EDGE_CURVE('',#3156,#3155,#1426,.T.);
#4032=EDGE_CURVE('',#3159,#3195,#84,.T.);
#4033=EDGE_CURVE('',#3195,#3196,#33,.T.);
#4034=EDGE_CURVE('',#3196,#3197,#85,.T.);
#4035=EDGE_CURVE('',#3197,#3198,#2786,.T.);
#4036=EDGE_CURVE('',#3198,#3199,#86,.T.);
#4037=EDGE_CURVE('',#3199,#3134,#34,.T.);
#4038=EDGE_CURVE('',#3135,#3200,#2787,.T.);
#4039=EDGE_CURVE('',#3200,#3201,#87,.T.);
#4040=EDGE_CURVE('',#3201,#3202,#35,.T.);
#4041=EDGE_CURVE('',#3202,#3203,#88,.T.);
#4042=EDGE_CURVE('',#3203,#3204,#2788,.T.);
#4043=EDGE_CURVE('',#3204,#3205,#89,.T.);
#4044=EDGE_CURVE('',#3205,#3146,#36,.T.);
#4045=EDGE_CURVE('',#3165,#3189,#1427,.T.);
#4046=EDGE_CURVE('',#3171,#3183,#1428,.T.);
#4047=EDGE_CURVE('',#3177,#3200,#1429,.T.);
#4048=EDGE_CURVE('',#3173,#3204,#1430,.T.);
#4049=EDGE_CURVE('',#3203,#3174,#1431,.T.);
#4050=EDGE_CURVE('',#3175,#3202,#1432,.T.);
#4051=EDGE_CURVE('',#3201,#3176,#1433,.T.);
#4052=EDGE_CURVE('',#3205,#3172,#1434,.T.);
#4053=EDGE_CURVE('',#3188,#3166,#1435,.T.);
#4054=EDGE_CURVE('',#3167,#3187,#1436,.T.);
#4055=EDGE_CURVE('',#3186,#3168,#1437,.T.);
#4056=EDGE_CURVE('',#3169,#3185,#1438,.T.);
#4057=EDGE_CURVE('',#3184,#3170,#1439,.T.);
#4058=EDGE_CURVE('',#3194,#3160,#1440,.T.);
#4059=EDGE_CURVE('',#3161,#3193,#1441,.T.);
#4060=EDGE_CURVE('',#3192,#3162,#1442,.T.);
#4061=EDGE_CURVE('',#3163,#3191,#1443,.T.);
#4062=EDGE_CURVE('',#3190,#3164,#1444,.T.);
#4063=EDGE_CURVE('',#3199,#3178,#1445,.T.);
#4064=EDGE_CURVE('',#3179,#3198,#1446,.T.);
#4065=EDGE_CURVE('',#3197,#3180,#1447,.T.);
#4066=EDGE_CURVE('',#3181,#3196,#1448,.T.);
#4067=EDGE_CURVE('',#3195,#3182,#1449,.T.);
#4068=EDGE_CURVE('',#3206,#3206,#2789,.T.);
#4069=EDGE_CURVE('',#3207,#3208,#2790,.T.);
#4070=EDGE_CURVE('',#3208,#3206,#1450,.T.);
#4071=EDGE_CURVE('',#3208,#3207,#2791,.T.);
#4072=EDGE_CURVE('',#3207,#3209,#1451,.T.);
#4073=EDGE_CURVE('',#3209,#3209,#2792,.T.);
#4074=EDGE_CURVE('',#3210,#3211,#1452,.T.);
#4075=EDGE_CURVE('',#3211,#3212,#2793,.T.);
#4076=EDGE_CURVE('',#3212,#3213,#2794,.T.);
#4077=EDGE_CURVE('',#3213,#3214,#1453,.T.);
#4078=EDGE_CURVE('',#3214,#3215,#2795,.T.);
#4079=EDGE_CURVE('',#3215,#3216,#2796,.T.);
#4080=EDGE_CURVE('',#3216,#3217,#1454,.T.);
#4081=EDGE_CURVE('',#3217,#3218,#2797,.T.);
#4082=EDGE_CURVE('',#3218,#3219,#1455,.T.);
#4083=EDGE_CURVE('',#3219,#3220,#2798,.T.);
#4084=EDGE_CURVE('',#3220,#3221,#1456,.T.);
#4085=EDGE_CURVE('',#3221,#3222,#2799,.T.);
#4086=EDGE_CURVE('',#3222,#3223,#1457,.T.);
#4087=EDGE_CURVE('',#3223,#3210,#2800,.T.);
#4088=EDGE_CURVE('',#3224,#3214,#1458,.T.);
#4089=EDGE_CURVE('',#3225,#3224,#90,.T.);
#4090=EDGE_CURVE('',#3226,#3225,#91,.T.);
#4091=EDGE_CURVE('',#3227,#3226,#92,.T.);
#4092=EDGE_CURVE('',#3227,#3228,#1459,.F.);
#4093=EDGE_CURVE('',#3229,#3228,#2801,.T.);
#4094=EDGE_CURVE('',#3229,#3215,#1460,.T.);
#4095=EDGE_CURVE('',#3230,#3213,#1461,.F.);
#4096=EDGE_CURVE('',#3231,#3212,#1462,.T.);
#4097=EDGE_CURVE('',#3232,#3231,#2802,.T.);
#4098=EDGE_CURVE('',#3232,#3233,#1463,.T.);
#4099=EDGE_CURVE('',#3234,#3233,#93,.T.);
#4100=EDGE_CURVE('',#3235,#3234,#94,.T.);
#4101=EDGE_CURVE('',#3230,#3235,#95,.T.);
#4102=EDGE_CURVE('',#3236,#3237,#2803,.T.);
#4103=EDGE_CURVE('',#3237,#3225,#96,.T.);
#4104=EDGE_CURVE('',#3224,#3230,#2804,.T.);
#4105=EDGE_CURVE('',#3235,#3236,#97,.T.);
#4106=EDGE_CURVE('',#3238,#3236,#98,.T.);
#4107=EDGE_CURVE('',#3234,#3238,#99,.T.);
#4108=EDGE_CURVE('',#3233,#3227,#2805,.T.);
#4109=EDGE_CURVE('',#3226,#3239,#100,.T.);
#4110=EDGE_CURVE('',#3239,#3240,#2806,.T.);
#4111=EDGE_CURVE('',#3240,#3238,#2807,.T.);
#4112=EDGE_CURVE('',#3241,#3241,#2808,.T.);
#4113=EDGE_CURVE('',#3241,#3240,#1464,.T.);
#4114=EDGE_CURVE('',#3237,#3239,#101,.F.);
#4115=EDGE_CURVE('',#3228,#3232,#1465,.T.);
#4116=EDGE_CURVE('',#3241,#3242,#1466,.T.);
#4117=EDGE_CURVE('',#3242,#3242,#2809,.T.);
#4118=EDGE_CURVE('',#3243,#3220,#1467,.T.);
#4119=EDGE_CURVE('',#3244,#3243,#1468,.T.);
#4120=EDGE_CURVE('',#3244,#3221,#1469,.T.);
#4121=EDGE_CURVE('',#3245,#3211,#1470,.T.);
#4122=EDGE_CURVE('',#3231,#3245,#2810,.T.);
#4123=EDGE_CURVE('',#3246,#3229,#2811,.T.);
#4124=EDGE_CURVE('',#3246,#3216,#1471,.T.);
#4125=EDGE_CURVE('',#3247,#3246,#1472,.T.);
#4126=EDGE_CURVE('',#3247,#3217,#1473,.T.);
#4127=EDGE_CURVE('',#3248,#3247,#2812,.T.);
#4128=EDGE_CURVE('',#3248,#3218,#1474,.T.);
#4129=EDGE_CURVE('',#3249,#3248,#1475,.T.);
#4130=EDGE_CURVE('',#3249,#3219,#1476,.T.);
#4131=EDGE_CURVE('',#3243,#3249,#2813,.T.);
#4132=EDGE_CURVE('',#3250,#3244,#2814,.T.);
#4133=EDGE_CURVE('',#3250,#3222,#1477,.T.);
#4134=EDGE_CURVE('',#3251,#3250,#1478,.T.);
#4135=EDGE_CURVE('',#3251,#3223,#1479,.T.);
#4136=EDGE_CURVE('',#3252,#3251,#2815,.T.);
#4137=EDGE_CURVE('',#3210,#3252,#1480,.T.);
#4138=EDGE_CURVE('',#3245,#3252,#1481,.T.);
#4139=EDGE_CURVE('',#3253,#3253,#2816,.T.);
#4140=EDGE_CURVE('',#3253,#3254,#1482,.T.);
#4141=EDGE_CURVE('',#3254,#3254,#2817,.T.);
#4142=EDGE_CURVE('',#3253,#3255,#1483,.T.);
#4143=EDGE_CURVE('',#3255,#3255,#2818,.T.);
#4144=EDGE_CURVE('',#3256,#3257,#37,.F.);
#4145=EDGE_CURVE('',#3256,#3257,#2819,.T.);
#4146=EDGE_CURVE('',#3258,#3258,#2820,.T.);
#4147=EDGE_CURVE('',#3258,#3259,#1484,.T.);
#4148=EDGE_CURVE('',#3259,#3259,#2821,.T.);
#4149=EDGE_CURVE('',#3260,#3260,#2822,.T.);
#4150=EDGE_CURVE('',#3261,#3262,#2823,.T.);
#4151=EDGE_CURVE('',#3263,#3261,#2824,.T.);
#4152=EDGE_CURVE('',#3257,#3263,#2825,.T.);
#4153=EDGE_CURVE('',#3264,#3256,#2826,.T.);
#4154=EDGE_CURVE('',#3262,#3264,#2827,.T.);
#4155=EDGE_CURVE('',#3257,#3263,#38,.T.);
#4156=EDGE_CURVE('',#3263,#3261,#39,.T.);
#4157=EDGE_CURVE('',#3261,#3262,#40,.T.);
#4158=EDGE_CURVE('',#3262,#3264,#41,.T.);
#4159=EDGE_CURVE('',#3264,#3256,#42,.T.);
#4160=EDGE_CURVE('',#3265,#3266,#1485,.T.);
#4161=EDGE_CURVE('',#3266,#3267,#1486,.T.);
#4162=EDGE_CURVE('',#3267,#3268,#1487,.T.);
#4163=EDGE_CURVE('',#3268,#3269,#1488,.T.);
#4164=EDGE_CURVE('',#3269,#3270,#1489,.T.);
#4165=EDGE_CURVE('',#3270,#3265,#1490,.T.);
#4166=EDGE_CURVE('',#3266,#3256,#1491,.T.);
#4167=EDGE_CURVE('',#3267,#3257,#1492,.T.);
#4168=EDGE_CURVE('',#3268,#3263,#1493,.T.);
#4169=EDGE_CURVE('',#3269,#3261,#1494,.T.);
#4170=EDGE_CURVE('',#3270,#3262,#1495,.T.);
#4171=EDGE_CURVE('',#3265,#3264,#1496,.T.);
#4172=EDGE_CURVE('',#3271,#3272,#1497,.T.);
#4173=EDGE_CURVE('',#3272,#3273,#1498,.T.);
#4174=EDGE_CURVE('',#3273,#3274,#2828,.T.);
#4175=EDGE_CURVE('',#3274,#3275,#1499,.T.);
#4176=EDGE_CURVE('',#3275,#3276,#1500,.T.);
#4177=EDGE_CURVE('',#3276,#3277,#1501,.T.);
#4178=EDGE_CURVE('',#3277,#3278,#1502,.T.);
#4179=EDGE_CURVE('',#3278,#3279,#1503,.T.);
#4180=EDGE_CURVE('',#3279,#3280,#1504,.T.);
#4181=EDGE_CURVE('',#3280,#3281,#1505,.T.);
#4182=EDGE_CURVE('',#3281,#3282,#1506,.T.);
#4183=EDGE_CURVE('',#3282,#3283,#1507,.T.);
#4184=EDGE_CURVE('',#3283,#3284,#1508,.T.);
#4185=EDGE_CURVE('',#3284,#3285,#1509,.T.);
#4186=EDGE_CURVE('',#3285,#3286,#1510,.T.);
#4187=EDGE_CURVE('',#3286,#3287,#1511,.T.);
#4188=EDGE_CURVE('',#3287,#3288,#1512,.T.);
#4189=EDGE_CURVE('',#3288,#3289,#2829,.T.);
#4190=EDGE_CURVE('',#3289,#3290,#1513,.T.);
#4191=EDGE_CURVE('',#3290,#3291,#1514,.T.);
#4192=EDGE_CURVE('',#3291,#3292,#1515,.T.);
#4193=EDGE_CURVE('',#3292,#3293,#1516,.T.);
#4194=EDGE_CURVE('',#3293,#3294,#1517,.T.);
#4195=EDGE_CURVE('',#3294,#3295,#1518,.T.);
#4196=EDGE_CURVE('',#3295,#3296,#1519,.T.);
#4197=EDGE_CURVE('',#3296,#3297,#1520,.T.);
#4198=EDGE_CURVE('',#3297,#3298,#1521,.T.);
#4199=EDGE_CURVE('',#3298,#3299,#1522,.T.);
#4200=EDGE_CURVE('',#3299,#3300,#1523,.T.);
#4201=EDGE_CURVE('',#3300,#3301,#1524,.T.);
#4202=EDGE_CURVE('',#3301,#3302,#1525,.T.);
#4203=EDGE_CURVE('',#3302,#3303,#1526,.T.);
#4204=EDGE_CURVE('',#3303,#3304,#2830,.T.);
#4205=EDGE_CURVE('',#3304,#3305,#1527,.T.);
#4206=EDGE_CURVE('',#3305,#3306,#1528,.T.);
#4207=EDGE_CURVE('',#3306,#3307,#1529,.T.);
#4208=EDGE_CURVE('',#3307,#3308,#1530,.T.);
#4209=EDGE_CURVE('',#3308,#3309,#1531,.T.);
#4210=EDGE_CURVE('',#3309,#3310,#1532,.T.);
#4211=EDGE_CURVE('',#3310,#3311,#1533,.T.);
#4212=EDGE_CURVE('',#3311,#3312,#1534,.T.);
#4213=EDGE_CURVE('',#3312,#3313,#1535,.T.);
#4214=EDGE_CURVE('',#3313,#3314,#1536,.T.);
#4215=EDGE_CURVE('',#3314,#3315,#1537,.T.);
#4216=EDGE_CURVE('',#3315,#3316,#1538,.T.);
#4217=EDGE_CURVE('',#3316,#3317,#1539,.T.);
#4218=EDGE_CURVE('',#3317,#3318,#1540,.T.);
#4219=EDGE_CURVE('',#3318,#3319,#2831,.T.);
#4220=EDGE_CURVE('',#3319,#3320,#1541,.T.);
#4221=EDGE_CURVE('',#3320,#3321,#1542,.T.);
#4222=EDGE_CURVE('',#3321,#3322,#1543,.T.);
#4223=EDGE_CURVE('',#3322,#3323,#1544,.T.);
#4224=EDGE_CURVE('',#3323,#3324,#1545,.T.);
#4225=EDGE_CURVE('',#3324,#3325,#1546,.T.);
#4226=EDGE_CURVE('',#3325,#3326,#1547,.T.);
#4227=EDGE_CURVE('',#3326,#3327,#1548,.T.);
#4228=EDGE_CURVE('',#3327,#3328,#1549,.T.);
#4229=EDGE_CURVE('',#3328,#3329,#1550,.T.);
#4230=EDGE_CURVE('',#3329,#3330,#1551,.T.);
#4231=EDGE_CURVE('',#3330,#3271,#1552,.T.);
#4232=EDGE_CURVE('',#3331,#3331,#2832,.T.);
#4233=EDGE_CURVE('',#3332,#3333,#1553,.T.);
#4234=EDGE_CURVE('',#3334,#3332,#1554,.T.);
#4235=EDGE_CURVE('',#3335,#3334,#1555,.T.);
#4236=EDGE_CURVE('',#3336,#3335,#1556,.T.);
#4237=EDGE_CURVE('',#3337,#3336,#1557,.T.);
#4238=EDGE_CURVE('',#3338,#3337,#1558,.T.);
#4239=EDGE_CURVE('',#3339,#3338,#1559,.T.);
#4240=EDGE_CURVE('',#3340,#3339,#1560,.T.);
#4241=EDGE_CURVE('',#3341,#3340,#1561,.T.);
#4242=EDGE_CURVE('',#3342,#3341,#1562,.T.);
#4243=EDGE_CURVE('',#3343,#3342,#1563,.T.);
#4244=EDGE_CURVE('',#3344,#3343,#1564,.T.);
#4245=EDGE_CURVE('',#3345,#3344,#2833,.T.);
#4246=EDGE_CURVE('',#3346,#3345,#1565,.T.);
#4247=EDGE_CURVE('',#3347,#3346,#1566,.T.);
#4248=EDGE_CURVE('',#3348,#3347,#1567,.T.);
#4249=EDGE_CURVE('',#3349,#3348,#1568,.T.);
#4250=EDGE_CURVE('',#3350,#3349,#1569,.T.);
#4251=EDGE_CURVE('',#3351,#3350,#1570,.T.);
#4252=EDGE_CURVE('',#3352,#3351,#1571,.T.);
#4253=EDGE_CURVE('',#3353,#3352,#1572,.T.);
#4254=EDGE_CURVE('',#3354,#3353,#1573,.T.);
#4255=EDGE_CURVE('',#3355,#3354,#1574,.T.);
#4256=EDGE_CURVE('',#3356,#3355,#1575,.T.);
#4257=EDGE_CURVE('',#3357,#3356,#1576,.T.);
#4258=EDGE_CURVE('',#3358,#3357,#1577,.T.);
#4259=EDGE_CURVE('',#3359,#3358,#1578,.T.);
#4260=EDGE_CURVE('',#3360,#3359,#2834,.T.);
#4261=EDGE_CURVE('',#3361,#3360,#1579,.T.);
#4262=EDGE_CURVE('',#3362,#3361,#1580,.T.);
#4263=EDGE_CURVE('',#3363,#3362,#1581,.T.);
#4264=EDGE_CURVE('',#3364,#3363,#1582,.T.);
#4265=EDGE_CURVE('',#3365,#3364,#1583,.T.);
#4266=EDGE_CURVE('',#3366,#3365,#1584,.T.);
#4267=EDGE_CURVE('',#3367,#3366,#1585,.T.);
#4268=EDGE_CURVE('',#3368,#3367,#1586,.T.);
#4269=EDGE_CURVE('',#3369,#3368,#1587,.T.);
#4270=EDGE_CURVE('',#3370,#3369,#1588,.T.);
#4271=EDGE_CURVE('',#3371,#3370,#1589,.T.);
#4272=EDGE_CURVE('',#3372,#3371,#1590,.T.);
#4273=EDGE_CURVE('',#3373,#3372,#1591,.T.);
#4274=EDGE_CURVE('',#3374,#3373,#1592,.T.);
#4275=EDGE_CURVE('',#3375,#3374,#2835,.T.);
#4276=EDGE_CURVE('',#3376,#3375,#1593,.T.);
#4277=EDGE_CURVE('',#3377,#3376,#1594,.T.);
#4278=EDGE_CURVE('',#3378,#3377,#1595,.T.);
#4279=EDGE_CURVE('',#3379,#3378,#1596,.T.);
#4280=EDGE_CURVE('',#3380,#3379,#1597,.T.);
#4281=EDGE_CURVE('',#3381,#3380,#1598,.T.);
#4282=EDGE_CURVE('',#3382,#3381,#1599,.T.);
#4283=EDGE_CURVE('',#3383,#3382,#1600,.T.);
#4284=EDGE_CURVE('',#3384,#3383,#1601,.T.);
#4285=EDGE_CURVE('',#3385,#3384,#1602,.T.);
#4286=EDGE_CURVE('',#3386,#3385,#1603,.T.);
#4287=EDGE_CURVE('',#3387,#3386,#1604,.T.);
#4288=EDGE_CURVE('',#3388,#3387,#1605,.T.);
#4289=EDGE_CURVE('',#3389,#3388,#1606,.T.);
#4290=EDGE_CURVE('',#3390,#3389,#2836,.T.);
#4291=EDGE_CURVE('',#3391,#3390,#1607,.T.);
#4292=EDGE_CURVE('',#3333,#3391,#1608,.T.);
#4293=EDGE_CURVE('',#3392,#3392,#2837,.T.);
#4294=EDGE_CURVE('',#3363,#3300,#1609,.T.);
#4295=EDGE_CURVE('',#3364,#3299,#1610,.T.);
#4296=EDGE_CURVE('',#3362,#3301,#1611,.T.);
#4297=EDGE_CURVE('',#3361,#3302,#1612,.T.);
#4298=EDGE_CURVE('',#3360,#3303,#1613,.T.);
#4299=EDGE_CURVE('',#3359,#3304,#1614,.T.);
#4300=EDGE_CURVE('',#3358,#3305,#1615,.T.);
#4301=EDGE_CURVE('',#3357,#3306,#1616,.T.);
#4302=EDGE_CURVE('',#3356,#3307,#1617,.T.);
#4303=EDGE_CURVE('',#3355,#3308,#1618,.T.);
#4304=EDGE_CURVE('',#3354,#3309,#1619,.T.);
#4305=EDGE_CURVE('',#3353,#3310,#1620,.T.);
#4306=EDGE_CURVE('',#3352,#3311,#1621,.T.);
#4307=EDGE_CURVE('',#3351,#3312,#1622,.T.);
#4308=EDGE_CURVE('',#3350,#3313,#1623,.T.);
#4309=EDGE_CURVE('',#3349,#3314,#1624,.T.);
#4310=EDGE_CURVE('',#3348,#3315,#1625,.T.);
#4311=EDGE_CURVE('',#3347,#3316,#1626,.T.);
#4312=EDGE_CURVE('',#3346,#3317,#1627,.T.);
#4313=EDGE_CURVE('',#3345,#3318,#1628,.T.);
#4314=EDGE_CURVE('',#3344,#3319,#1629,.T.);
#4315=EDGE_CURVE('',#3343,#3320,#1630,.T.);
#4316=EDGE_CURVE('',#3342,#3321,#1631,.T.);
#4317=EDGE_CURVE('',#3341,#3322,#1632,.T.);
#4318=EDGE_CURVE('',#3340,#3323,#1633,.T.);
#4319=EDGE_CURVE('',#3339,#3324,#1634,.T.);
#4320=EDGE_CURVE('',#3338,#3325,#1635,.T.);
#4321=EDGE_CURVE('',#3337,#3326,#1636,.T.);
#4322=EDGE_CURVE('',#3336,#3327,#1637,.T.);
#4323=EDGE_CURVE('',#3335,#3328,#1638,.T.);
#4324=EDGE_CURVE('',#3334,#3329,#1639,.T.);
#4325=EDGE_CURVE('',#3392,#3331,#1640,.T.);
#4326=EDGE_CURVE('',#3365,#3298,#1641,.T.);
#4327=EDGE_CURVE('',#3366,#3297,#1642,.T.);
#4328=EDGE_CURVE('',#3367,#3296,#1643,.T.);
#4329=EDGE_CURVE('',#3368,#3295,#1644,.T.);
#4330=EDGE_CURVE('',#3369,#3294,#1645,.T.);
#4331=EDGE_CURVE('',#3370,#3293,#1646,.T.);
#4332=EDGE_CURVE('',#3371,#3292,#1647,.T.);
#4333=EDGE_CURVE('',#3372,#3291,#1648,.T.);
#4334=EDGE_CURVE('',#3373,#3290,#1649,.T.);
#4335=EDGE_CURVE('',#3374,#3289,#1650,.T.);
#4336=EDGE_CURVE('',#3375,#3288,#1651,.T.);
#4337=EDGE_CURVE('',#3376,#3287,#1652,.T.);
#4338=EDGE_CURVE('',#3377,#3286,#1653,.T.);
#4339=EDGE_CURVE('',#3378,#3285,#1654,.T.);
#4340=EDGE_CURVE('',#3379,#3284,#1655,.T.);
#4341=EDGE_CURVE('',#3380,#3283,#1656,.T.);
#4342=EDGE_CURVE('',#3381,#3282,#1657,.T.);
#4343=EDGE_CURVE('',#3382,#3281,#1658,.T.);
#4344=EDGE_CURVE('',#3383,#3280,#1659,.T.);
#4345=EDGE_CURVE('',#3384,#3279,#1660,.T.);
#4346=EDGE_CURVE('',#3385,#3278,#1661,.T.);
#4347=EDGE_CURVE('',#3386,#3277,#1662,.T.);
#4348=EDGE_CURVE('',#3387,#3276,#1663,.T.);
#4349=EDGE_CURVE('',#3388,#3275,#1664,.T.);
#4350=EDGE_CURVE('',#3389,#3274,#1665,.T.);
#4351=EDGE_CURVE('',#3390,#3273,#1666,.T.);
#4352=EDGE_CURVE('',#3391,#3272,#1667,.T.);
#4353=EDGE_CURVE('',#3333,#3271,#1668,.T.);
#4354=EDGE_CURVE('',#3332,#3330,#1669,.T.);
#4355=EDGE_CURVE('',#3393,#3394,#1670,.T.);
#4356=EDGE_CURVE('',#3394,#3395,#1671,.T.);
#4357=EDGE_CURVE('',#3395,#3396,#2838,.T.);
#4358=EDGE_CURVE('',#3396,#3397,#1672,.T.);
#4359=EDGE_CURVE('',#3397,#3398,#1673,.T.);
#4360=EDGE_CURVE('',#3398,#3399,#1674,.T.);
#4361=EDGE_CURVE('',#3399,#3400,#1675,.T.);
#4362=EDGE_CURVE('',#3400,#3401,#1676,.T.);
#4363=EDGE_CURVE('',#3401,#3402,#1677,.T.);
#4364=EDGE_CURVE('',#3402,#3403,#1678,.T.);
#4365=EDGE_CURVE('',#3403,#3404,#1679,.T.);
#4366=EDGE_CURVE('',#3404,#3405,#1680,.T.);
#4367=EDGE_CURVE('',#3405,#3406,#1681,.T.);
#4368=EDGE_CURVE('',#3406,#3407,#1682,.T.);
#4369=EDGE_CURVE('',#3407,#3408,#1683,.T.);
#4370=EDGE_CURVE('',#3408,#3409,#1684,.T.);
#4371=EDGE_CURVE('',#3409,#3410,#1685,.T.);
#4372=EDGE_CURVE('',#3410,#3411,#2839,.T.);
#4373=EDGE_CURVE('',#3411,#3412,#1686,.T.);
#4374=EDGE_CURVE('',#3412,#3413,#1687,.T.);
#4375=EDGE_CURVE('',#3413,#3414,#1688,.T.);
#4376=EDGE_CURVE('',#3414,#3415,#1689,.T.);
#4377=EDGE_CURVE('',#3415,#3416,#1690,.T.);
#4378=EDGE_CURVE('',#3416,#3417,#1691,.T.);
#4379=EDGE_CURVE('',#3417,#3418,#1692,.T.);
#4380=EDGE_CURVE('',#3418,#3419,#1693,.T.);
#4381=EDGE_CURVE('',#3419,#3420,#1694,.T.);
#4382=EDGE_CURVE('',#3420,#3421,#1695,.T.);
#4383=EDGE_CURVE('',#3421,#3422,#1696,.T.);
#4384=EDGE_CURVE('',#3422,#3423,#1697,.T.);
#4385=EDGE_CURVE('',#3423,#3424,#1698,.T.);
#4386=EDGE_CURVE('',#3424,#3425,#1699,.T.);
#4387=EDGE_CURVE('',#3425,#3426,#2840,.T.);
#4388=EDGE_CURVE('',#3426,#3427,#1700,.T.);
#4389=EDGE_CURVE('',#3427,#3428,#1701,.T.);
#4390=EDGE_CURVE('',#3428,#3429,#1702,.T.);
#4391=EDGE_CURVE('',#3429,#3430,#1703,.T.);
#4392=EDGE_CURVE('',#3430,#3431,#1704,.T.);
#4393=EDGE_CURVE('',#3431,#3432,#1705,.T.);
#4394=EDGE_CURVE('',#3432,#3433,#1706,.T.);
#4395=EDGE_CURVE('',#3433,#3434,#1707,.T.);
#4396=EDGE_CURVE('',#3434,#3435,#1708,.T.);
#4397=EDGE_CURVE('',#3435,#3436,#1709,.T.);
#4398=EDGE_CURVE('',#3436,#3437,#1710,.T.);
#4399=EDGE_CURVE('',#3437,#3438,#1711,.T.);
#4400=EDGE_CURVE('',#3438,#3439,#1712,.T.);
#4401=EDGE_CURVE('',#3439,#3440,#1713,.T.);
#4402=EDGE_CURVE('',#3440,#3441,#2841,.T.);
#4403=EDGE_CURVE('',#3441,#3442,#1714,.T.);
#4404=EDGE_CURVE('',#3442,#3443,#1715,.T.);
#4405=EDGE_CURVE('',#3443,#3444,#1716,.T.);
#4406=EDGE_CURVE('',#3444,#3445,#1717,.T.);
#4407=EDGE_CURVE('',#3445,#3446,#1718,.T.);
#4408=EDGE_CURVE('',#3446,#3447,#1719,.T.);
#4409=EDGE_CURVE('',#3447,#3448,#1720,.T.);
#4410=EDGE_CURVE('',#3448,#3449,#1721,.T.);
#4411=EDGE_CURVE('',#3449,#3450,#1722,.T.);
#4412=EDGE_CURVE('',#3450,#3451,#1723,.T.);
#4413=EDGE_CURVE('',#3451,#3452,#1724,.T.);
#4414=EDGE_CURVE('',#3452,#3393,#1725,.T.);
#4415=EDGE_CURVE('',#3453,#3453,#2842,.T.);
#4416=EDGE_CURVE('',#3454,#3455,#1726,.T.);
#4417=EDGE_CURVE('',#3456,#3454,#1727,.T.);
#4418=EDGE_CURVE('',#3457,#3456,#1728,.T.);
#4419=EDGE_CURVE('',#3458,#3457,#1729,.T.);
#4420=EDGE_CURVE('',#3459,#3458,#1730,.T.);
#4421=EDGE_CURVE('',#3460,#3459,#1731,.T.);
#4422=EDGE_CURVE('',#3461,#3460,#1732,.T.);
#4423=EDGE_CURVE('',#3462,#3461,#1733,.T.);
#4424=EDGE_CURVE('',#3463,#3462,#1734,.T.);
#4425=EDGE_CURVE('',#3464,#3463,#1735,.T.);
#4426=EDGE_CURVE('',#3465,#3464,#1736,.T.);
#4427=EDGE_CURVE('',#3466,#3465,#1737,.T.);
#4428=EDGE_CURVE('',#3467,#3466,#2843,.T.);
#4429=EDGE_CURVE('',#3468,#3467,#1738,.T.);
#4430=EDGE_CURVE('',#3469,#3468,#1739,.T.);
#4431=EDGE_CURVE('',#3470,#3469,#1740,.T.);
#4432=EDGE_CURVE('',#3471,#3470,#1741,.T.);
#4433=EDGE_CURVE('',#3472,#3471,#1742,.T.);
#4434=EDGE_CURVE('',#3473,#3472,#1743,.T.);
#4435=EDGE_CURVE('',#3474,#3473,#1744,.T.);
#4436=EDGE_CURVE('',#3475,#3474,#1745,.T.);
#4437=EDGE_CURVE('',#3476,#3475,#1746,.T.);
#4438=EDGE_CURVE('',#3477,#3476,#1747,.T.);
#4439=EDGE_CURVE('',#3478,#3477,#1748,.T.);
#4440=EDGE_CURVE('',#3479,#3478,#1749,.T.);
#4441=EDGE_CURVE('',#3480,#3479,#1750,.T.);
#4442=EDGE_CURVE('',#3481,#3480,#1751,.T.);
#4443=EDGE_CURVE('',#3482,#3481,#2844,.T.);
#4444=EDGE_CURVE('',#3483,#3482,#1752,.T.);
#4445=EDGE_CURVE('',#3484,#3483,#1753,.T.);
#4446=EDGE_CURVE('',#3485,#3484,#1754,.T.);
#4447=EDGE_CURVE('',#3486,#3485,#1755,.T.);
#4448=EDGE_CURVE('',#3487,#3486,#1756,.T.);
#4449=EDGE_CURVE('',#3488,#3487,#1757,.T.);
#4450=EDGE_CURVE('',#3489,#3488,#1758,.T.);
#4451=EDGE_CURVE('',#3490,#3489,#1759,.T.);
#4452=EDGE_CURVE('',#3491,#3490,#1760,.T.);
#4453=EDGE_CURVE('',#3492,#3491,#1761,.T.);
#4454=EDGE_CURVE('',#3493,#3492,#1762,.T.);
#4455=EDGE_CURVE('',#3494,#3493,#1763,.T.);
#4456=EDGE_CURVE('',#3495,#3494,#1764,.T.);
#4457=EDGE_CURVE('',#3496,#3495,#1765,.T.);
#4458=EDGE_CURVE('',#3497,#3496,#2845,.T.);
#4459=EDGE_CURVE('',#3498,#3497,#1766,.T.);
#4460=EDGE_CURVE('',#3499,#3498,#1767,.T.);
#4461=EDGE_CURVE('',#3500,#3499,#1768,.T.);
#4462=EDGE_CURVE('',#3501,#3500,#1769,.T.);
#4463=EDGE_CURVE('',#3502,#3501,#1770,.T.);
#4464=EDGE_CURVE('',#3503,#3502,#1771,.T.);
#4465=EDGE_CURVE('',#3504,#3503,#1772,.T.);
#4466=EDGE_CURVE('',#3505,#3504,#1773,.T.);
#4467=EDGE_CURVE('',#3506,#3505,#1774,.T.);
#4468=EDGE_CURVE('',#3507,#3506,#1775,.T.);
#4469=EDGE_CURVE('',#3508,#3507,#1776,.T.);
#4470=EDGE_CURVE('',#3509,#3508,#1777,.T.);
#4471=EDGE_CURVE('',#3510,#3509,#1778,.T.);
#4472=EDGE_CURVE('',#3511,#3510,#1779,.T.);
#4473=EDGE_CURVE('',#3512,#3511,#2846,.T.);
#4474=EDGE_CURVE('',#3513,#3512,#1780,.T.);
#4475=EDGE_CURVE('',#3455,#3513,#1781,.T.);
#4476=EDGE_CURVE('',#3514,#3514,#2847,.T.);
#4477=EDGE_CURVE('',#3485,#3422,#1782,.T.);
#4478=EDGE_CURVE('',#3486,#3421,#1783,.T.);
#4479=EDGE_CURVE('',#3484,#3423,#1784,.T.);
#4480=EDGE_CURVE('',#3483,#3424,#1785,.T.);
#4481=EDGE_CURVE('',#3482,#3425,#1786,.T.);
#4482=EDGE_CURVE('',#3481,#3426,#1787,.T.);
#4483=EDGE_CURVE('',#3480,#3427,#1788,.T.);
#4484=EDGE_CURVE('',#3479,#3428,#1789,.T.);
#4485=EDGE_CURVE('',#3478,#3429,#1790,.T.);
#4486=EDGE_CURVE('',#3477,#3430,#1791,.T.);
#4487=EDGE_CURVE('',#3476,#3431,#1792,.T.);
#4488=EDGE_CURVE('',#3475,#3432,#1793,.T.);
#4489=EDGE_CURVE('',#3474,#3433,#1794,.T.);
#4490=EDGE_CURVE('',#3473,#3434,#1795,.T.);
#4491=EDGE_CURVE('',#3472,#3435,#1796,.T.);
#4492=EDGE_CURVE('',#3471,#3436,#1797,.T.);
#4493=EDGE_CURVE('',#3470,#3437,#1798,.T.);
#4494=EDGE_CURVE('',#3469,#3438,#1799,.T.);
#4495=EDGE_CURVE('',#3468,#3439,#1800,.T.);
#4496=EDGE_CURVE('',#3467,#3440,#1801,.T.);
#4497=EDGE_CURVE('',#3466,#3441,#1802,.T.);
#4498=EDGE_CURVE('',#3465,#3442,#1803,.T.);
#4499=EDGE_CURVE('',#3464,#3443,#1804,.T.);
#4500=EDGE_CURVE('',#3463,#3444,#1805,.T.);
#4501=EDGE_CURVE('',#3462,#3445,#1806,.T.);
#4502=EDGE_CURVE('',#3461,#3446,#1807,.T.);
#4503=EDGE_CURVE('',#3460,#3447,#1808,.T.);
#4504=EDGE_CURVE('',#3459,#3448,#1809,.T.);
#4505=EDGE_CURVE('',#3458,#3449,#1810,.T.);
#4506=EDGE_CURVE('',#3457,#3450,#1811,.T.);
#4507=EDGE_CURVE('',#3456,#3451,#1812,.T.);
#4508=EDGE_CURVE('',#3514,#3453,#1813,.T.);
#4509=EDGE_CURVE('',#3487,#3420,#1814,.T.);
#4510=EDGE_CURVE('',#3488,#3419,#1815,.T.);
#4511=EDGE_CURVE('',#3489,#3418,#1816,.T.);
#4512=EDGE_CURVE('',#3490,#3417,#1817,.T.);
#4513=EDGE_CURVE('',#3491,#3416,#1818,.T.);
#4514=EDGE_CURVE('',#3492,#3415,#1819,.T.);
#4515=EDGE_CURVE('',#3493,#3414,#1820,.T.);
#4516=EDGE_CURVE('',#3494,#3413,#1821,.T.);
#4517=EDGE_CURVE('',#3495,#3412,#1822,.T.);
#4518=EDGE_CURVE('',#3496,#3411,#1823,.T.);
#4519=EDGE_CURVE('',#3497,#3410,#1824,.T.);
#4520=EDGE_CURVE('',#3498,#3409,#1825,.T.);
#4521=EDGE_CURVE('',#3499,#3408,#1826,.T.);
#4522=EDGE_CURVE('',#3500,#3407,#1827,.T.);
#4523=EDGE_CURVE('',#3501,#3406,#1828,.T.);
#4524=EDGE_CURVE('',#3502,#3405,#1829,.T.);
#4525=EDGE_CURVE('',#3503,#3404,#1830,.T.);
#4526=EDGE_CURVE('',#3504,#3403,#1831,.T.);
#4527=EDGE_CURVE('',#3505,#3402,#1832,.T.);
#4528=EDGE_CURVE('',#3506,#3401,#1833,.T.);
#4529=EDGE_CURVE('',#3507,#3400,#1834,.T.);
#4530=EDGE_CURVE('',#3508,#3399,#1835,.T.);
#4531=EDGE_CURVE('',#3509,#3398,#1836,.T.);
#4532=EDGE_CURVE('',#3510,#3397,#1837,.T.);
#4533=EDGE_CURVE('',#3511,#3396,#1838,.T.);
#4534=EDGE_CURVE('',#3512,#3395,#1839,.T.);
#4535=EDGE_CURVE('',#3513,#3394,#1840,.T.);
#4536=EDGE_CURVE('',#3455,#3393,#1841,.T.);
#4537=EDGE_CURVE('',#3454,#3452,#1842,.T.);
#4538=EDGE_CURVE('',#3515,#3516,#2848,.T.);
#4539=EDGE_CURVE('',#3515,#3517,#1843,.T.);
#4540=EDGE_CURVE('',#3518,#3517,#2849,.T.);
#4541=EDGE_CURVE('',#3518,#3519,#1844,.T.);
#4542=EDGE_CURVE('',#3520,#3519,#2850,.T.);
#4543=EDGE_CURVE('',#3521,#3520,#1845,.T.);
#4544=EDGE_CURVE('',#3521,#3522,#2851,.T.);
#4545=EDGE_CURVE('',#3522,#3523,#1846,.T.);
#4546=EDGE_CURVE('',#3523,#3524,#2852,.T.);
#4547=EDGE_CURVE('',#3525,#3524,#1847,.T.);
#4548=EDGE_CURVE('',#3525,#3526,#2853,.T.);
#4549=EDGE_CURVE('',#3526,#3527,#1848,.T.);
#4550=EDGE_CURVE('',#3527,#3528,#2854,.T.);
#4551=EDGE_CURVE('',#3528,#3529,#1849,.T.);
#4552=EDGE_CURVE('',#3530,#3529,#2855,.T.);
#4553=EDGE_CURVE('',#3530,#3516,#1850,.T.);
#4554=EDGE_CURVE('',#3531,#3531,#2856,.F.);
#4555=EDGE_CURVE('',#3532,#3532,#2857,.F.);
#4556=EDGE_CURVE('',#3533,#3534,#1851,.T.);
#4557=EDGE_CURVE('',#3534,#3535,#1852,.T.);
#4558=EDGE_CURVE('',#3535,#3536,#1853,.T.);
#4559=EDGE_CURVE('',#3536,#3533,#1854,.T.);
#4560=EDGE_CURVE('',#3529,#3537,#1855,.T.);
#4561=EDGE_CURVE('',#3537,#3538,#2858,.T.);
#4562=EDGE_CURVE('',#3538,#3530,#1856,.T.);
#4563=EDGE_CURVE('',#3539,#3528,#1857,.T.);
#4564=EDGE_CURVE('',#3537,#3539,#1858,.T.);
#4565=EDGE_CURVE('',#3516,#3540,#1859,.T.);
#4566=EDGE_CURVE('',#3540,#3541,#2859,.T.);
#4567=EDGE_CURVE('',#3541,#3515,#1860,.T.);
#4568=EDGE_CURVE('',#3540,#3538,#1861,.T.);
#4569=EDGE_CURVE('',#3517,#3542,#1862,.T.);
#4570=EDGE_CURVE('',#3542,#3543,#2860,.T.);
#4571=EDGE_CURVE('',#3543,#3518,#1863,.T.);
#4572=EDGE_CURVE('',#3543,#3544,#1864,.T.);
#4573=EDGE_CURVE('',#3519,#3544,#1865,.T.);
#4574=EDGE_CURVE('',#3544,#3545,#2861,.T.);
#4575=EDGE_CURVE('',#3545,#3520,#1866,.T.);
#4576=EDGE_CURVE('',#3546,#3545,#1867,.T.);
#4577=EDGE_CURVE('',#3546,#3521,#1868,.T.);
#4578=EDGE_CURVE('',#3547,#3524,#1869,.T.);
#4579=EDGE_CURVE('',#3548,#3547,#1870,.T.);
#4580=EDGE_CURVE('',#3548,#3525,#1871,.T.);
#4581=EDGE_CURVE('',#3532,#3549,#1872,.T.);
#4582=EDGE_CURVE('',#3549,#3549,#2862,.F.);
#4583=EDGE_CURVE('',#3531,#3550,#1873,.T.);
#4584=EDGE_CURVE('',#3550,#3550,#2863,.F.);
#4585=EDGE_CURVE('',#3542,#3541,#1874,.T.);
#4586=EDGE_CURVE('',#3539,#3551,#2864,.T.);
#4587=EDGE_CURVE('',#3551,#3527,#1875,.T.);
#4588=EDGE_CURVE('',#3551,#3552,#1876,.T.);
#4589=EDGE_CURVE('',#3552,#3526,#1877,.T.);
#4590=EDGE_CURVE('',#3552,#3548,#2865,.T.);
#4591=EDGE_CURVE('',#3547,#3553,#2866,.T.);
#4592=EDGE_CURVE('',#3553,#3523,#1878,.T.);
#4593=EDGE_CURVE('',#3553,#3554,#1879,.T.);
#4594=EDGE_CURVE('',#3554,#3522,#1880,.T.);
#4595=EDGE_CURVE('',#3554,#3546,#2867,.T.);
#4596=EDGE_CURVE('',#3555,#3556,#1881,.T.);
#4597=EDGE_CURVE('',#3556,#3534,#1882,.T.);
#4598=EDGE_CURVE('',#3533,#3555,#1883,.T.);
#4599=EDGE_CURVE('',#3556,#3557,#1884,.T.);
#4600=EDGE_CURVE('',#3535,#3557,#1885,.T.);
#4601=EDGE_CURVE('',#3558,#3555,#1886,.T.);
#4602=EDGE_CURVE('',#3536,#3558,#1887,.T.);
#4603=EDGE_CURVE('',#3557,#3558,#1888,.T.);
#4604=ORIENTED_EDGE('',*,*,#3559,.F.);
#4605=ORIENTED_EDGE('',*,*,#3560,.T.);
#4606=ORIENTED_EDGE('',*,*,#3561,.F.);
#4607=ORIENTED_EDGE('',*,*,#3562,.T.);
#4608=ORIENTED_EDGE('',*,*,#3563,.T.);
#4609=ORIENTED_EDGE('',*,*,#3564,.T.);
#4610=ORIENTED_EDGE('',*,*,#3565,.T.);
#4611=ORIENTED_EDGE('',*,*,#3566,.F.);
#4612=ORIENTED_EDGE('',*,*,#3567,.T.);
#4613=ORIENTED_EDGE('',*,*,#3568,.T.);
#4614=ORIENTED_EDGE('',*,*,#3569,.F.);
#4615=ORIENTED_EDGE('',*,*,#3570,.F.);
#4616=ORIENTED_EDGE('',*,*,#3571,.F.);
#4617=ORIENTED_EDGE('',*,*,#3572,.F.);
#4618=ORIENTED_EDGE('',*,*,#3567,.F.);
#4619=ORIENTED_EDGE('',*,*,#3573,.F.);
#4620=ORIENTED_EDGE('',*,*,#3569,.T.);
#4621=ORIENTED_EDGE('',*,*,#3574,.T.);
#4622=ORIENTED_EDGE('',*,*,#3575,.F.);
#4623=ORIENTED_EDGE('',*,*,#3576,.F.);
#4624=ORIENTED_EDGE('',*,*,#3564,.F.);
#4625=ORIENTED_EDGE('',*,*,#3570,.T.);
#4626=ORIENTED_EDGE('',*,*,#3577,.F.);
#4627=ORIENTED_EDGE('',*,*,#3563,.F.);
#4628=ORIENTED_EDGE('',*,*,#3575,.T.);
#4629=ORIENTED_EDGE('',*,*,#3578,.T.);
#4630=ORIENTED_EDGE('',*,*,#3571,.T.);
#4631=ORIENTED_EDGE('',*,*,#3579,.F.);
#4632=ORIENTED_EDGE('',*,*,#3580,.T.);
#4633=ORIENTED_EDGE('',*,*,#3573,.T.);
#4634=ORIENTED_EDGE('',*,*,#3562,.F.);
#4635=ORIENTED_EDGE('',*,*,#3561,.T.);
#4636=ORIENTED_EDGE('',*,*,#3581,.T.);
#4637=ORIENTED_EDGE('',*,*,#3582,.T.);
#4638=ORIENTED_EDGE('',*,*,#3579,.T.);
#4639=ORIENTED_EDGE('',*,*,#3583,.F.);
#4640=ORIENTED_EDGE('',*,*,#3577,.T.);
#4641=ORIENTED_EDGE('',*,*,#3566,.T.);
#4642=ORIENTED_EDGE('',*,*,#3580,.F.);
#4643=ORIENTED_EDGE('',*,*,#3582,.F.);
#4644=ORIENTED_EDGE('',*,*,#3584,.T.);
#4645=ORIENTED_EDGE('',*,*,#3585,.T.);
#4646=ORIENTED_EDGE('',*,*,#3586,.F.);
#4647=ORIENTED_EDGE('',*,*,#3584,.F.);
#4648=ORIENTED_EDGE('',*,*,#3581,.F.);
#4649=ORIENTED_EDGE('',*,*,#3560,.F.);
#4650=ORIENTED_EDGE('',*,*,#3559,.T.);
#4651=ORIENTED_EDGE('',*,*,#3576,.T.);
#4652=ORIENTED_EDGE('',*,*,#3583,.T.);
#4653=ORIENTED_EDGE('',*,*,#3586,.T.);
#4654=ORIENTED_EDGE('',*,*,#3565,.F.);
#4655=ORIENTED_EDGE('',*,*,#3587,.T.);
#4656=ORIENTED_EDGE('',*,*,#3585,.F.);
#4657=ORIENTED_EDGE('',*,*,#3587,.F.);
#4658=ORIENTED_EDGE('',*,*,#3588,.F.);
#4659=ORIENTED_EDGE('',*,*,#3589,.T.);
#4660=ORIENTED_EDGE('',*,*,#3590,.F.);
#4661=ORIENTED_EDGE('',*,*,#3589,.F.);
#4662=ORIENTED_EDGE('',*,*,#3591,.T.);
#4663=ORIENTED_EDGE('',*,*,#3592,.T.);
#4664=ORIENTED_EDGE('',*,*,#3593,.T.);
#4665=ORIENTED_EDGE('',*,*,#3594,.T.);
#4666=ORIENTED_EDGE('',*,*,#3578,.F.);
#4667=ORIENTED_EDGE('',*,*,#3595,.T.);
#4668=ORIENTED_EDGE('',*,*,#3596,.T.);
#4669=ORIENTED_EDGE('',*,*,#3597,.T.);
#4670=ORIENTED_EDGE('',*,*,#3598,.F.);
#4671=ORIENTED_EDGE('',*,*,#3599,.T.);
#4672=ORIENTED_EDGE('',*,*,#3600,.F.);
#4673=ORIENTED_EDGE('',*,*,#3601,.T.);
#4674=ORIENTED_EDGE('',*,*,#3602,.F.);
#4675=ORIENTED_EDGE('',*,*,#3603,.T.);
#4676=ORIENTED_EDGE('',*,*,#3604,.F.);
#4677=ORIENTED_EDGE('',*,*,#3605,.T.);
#4678=ORIENTED_EDGE('',*,*,#3606,.F.);
#4679=ORIENTED_EDGE('',*,*,#3607,.T.);
#4680=ORIENTED_EDGE('',*,*,#3608,.F.);
#4681=ORIENTED_EDGE('',*,*,#3609,.T.);
#4682=ORIENTED_EDGE('',*,*,#3610,.F.);
#4683=ORIENTED_EDGE('',*,*,#3611,.T.);
#4684=ORIENTED_EDGE('',*,*,#3612,.F.);
#4685=ORIENTED_EDGE('',*,*,#3613,.T.);
#4686=ORIENTED_EDGE('',*,*,#3614,.F.);
#4687=ORIENTED_EDGE('',*,*,#3615,.T.);
#4688=ORIENTED_EDGE('',*,*,#3616,.F.);
#4689=ORIENTED_EDGE('',*,*,#3617,.T.);
#4690=ORIENTED_EDGE('',*,*,#3618,.F.);
#4691=ORIENTED_EDGE('',*,*,#3619,.T.);
#4692=ORIENTED_EDGE('',*,*,#3620,.F.);
#4693=ORIENTED_EDGE('',*,*,#3621,.T.);
#4694=ORIENTED_EDGE('',*,*,#3622,.F.);
#4695=ORIENTED_EDGE('',*,*,#3623,.T.);
#4696=ORIENTED_EDGE('',*,*,#3624,.F.);
#4697=ORIENTED_EDGE('',*,*,#3625,.T.);
#4698=ORIENTED_EDGE('',*,*,#3591,.F.);
#4699=ORIENTED_EDGE('',*,*,#3626,.T.);
#4700=ORIENTED_EDGE('',*,*,#3627,.F.);
#4701=ORIENTED_EDGE('',*,*,#3628,.T.);
#4702=ORIENTED_EDGE('',*,*,#3629,.F.);
#4703=ORIENTED_EDGE('',*,*,#3630,.T.);
#4704=ORIENTED_EDGE('',*,*,#3631,.F.);
#4705=ORIENTED_EDGE('',*,*,#3632,.T.);
#4706=ORIENTED_EDGE('',*,*,#3633,.F.);
#4707=ORIENTED_EDGE('',*,*,#3634,.T.);
#4708=ORIENTED_EDGE('',*,*,#3635,.F.);
#4709=ORIENTED_EDGE('',*,*,#3636,.T.);
#4710=ORIENTED_EDGE('',*,*,#3637,.F.);
#4711=ORIENTED_EDGE('',*,*,#3638,.T.);
#4712=ORIENTED_EDGE('',*,*,#3639,.F.);
#4713=ORIENTED_EDGE('',*,*,#3640,.T.);
#4714=ORIENTED_EDGE('',*,*,#3641,.F.);
#4715=ORIENTED_EDGE('',*,*,#3642,.T.);
#4716=ORIENTED_EDGE('',*,*,#3643,.F.);
#4717=ORIENTED_EDGE('',*,*,#3644,.T.);
#4718=ORIENTED_EDGE('',*,*,#3645,.F.);
#4719=ORIENTED_EDGE('',*,*,#3646,.T.);
#4720=ORIENTED_EDGE('',*,*,#3647,.F.);
#4721=ORIENTED_EDGE('',*,*,#3648,.F.);
#4722=ORIENTED_EDGE('',*,*,#3588,.T.);
#4723=ORIENTED_EDGE('',*,*,#3594,.F.);
#4724=ORIENTED_EDGE('',*,*,#3649,.F.);
#4725=ORIENTED_EDGE('',*,*,#3650,.F.);
#4726=ORIENTED_EDGE('',*,*,#3626,.F.);
#4727=ORIENTED_EDGE('',*,*,#3627,.T.);
#4728=ORIENTED_EDGE('',*,*,#3650,.T.);
#4729=ORIENTED_EDGE('',*,*,#3651,.T.);
#4730=ORIENTED_EDGE('',*,*,#3652,.T.);
#4731=ORIENTED_EDGE('',*,*,#3629,.T.);
#4732=ORIENTED_EDGE('',*,*,#3653,.T.);
#4733=ORIENTED_EDGE('',*,*,#3654,.T.);
#4734=ORIENTED_EDGE('',*,*,#3655,.T.);
#4735=ORIENTED_EDGE('',*,*,#3652,.F.);
#4736=ORIENTED_EDGE('',*,*,#3656,.F.);
#4737=ORIENTED_EDGE('',*,*,#3653,.F.);
#4738=ORIENTED_EDGE('',*,*,#3628,.F.);
#4739=ORIENTED_EDGE('',*,*,#3657,.T.);
#4740=ORIENTED_EDGE('',*,*,#3658,.T.);
#4741=ORIENTED_EDGE('',*,*,#3631,.T.);
#4742=ORIENTED_EDGE('',*,*,#3659,.T.);
#4743=ORIENTED_EDGE('',*,*,#3655,.F.);
#4744=ORIENTED_EDGE('',*,*,#3660,.F.);
#4745=ORIENTED_EDGE('',*,*,#3659,.F.);
#4746=ORIENTED_EDGE('',*,*,#3630,.F.);
#4747=ORIENTED_EDGE('',*,*,#3661,.T.);
#4748=ORIENTED_EDGE('',*,*,#3662,.T.);
#4749=ORIENTED_EDGE('',*,*,#3639,.T.);
#4750=ORIENTED_EDGE('',*,*,#3663,.T.);
#4751=ORIENTED_EDGE('',*,*,#3662,.F.);
#4752=ORIENTED_EDGE('',*,*,#3664,.F.);
#4753=ORIENTED_EDGE('',*,*,#3665,.F.);
#4754=ORIENTED_EDGE('',*,*,#3640,.F.);
#4755=ORIENTED_EDGE('',*,*,#3637,.T.);
#4756=ORIENTED_EDGE('',*,*,#3666,.T.);
#4757=ORIENTED_EDGE('',*,*,#3667,.T.);
#4758=ORIENTED_EDGE('',*,*,#3668,.T.);
#4759=ORIENTED_EDGE('',*,*,#3666,.F.);
#4760=ORIENTED_EDGE('',*,*,#3636,.F.);
#4761=ORIENTED_EDGE('',*,*,#3669,.F.);
#4762=ORIENTED_EDGE('',*,*,#3670,.F.);
#4763=ORIENTED_EDGE('',*,*,#3633,.T.);
#4764=ORIENTED_EDGE('',*,*,#3671,.T.);
#4765=ORIENTED_EDGE('',*,*,#3672,.T.);
#4766=ORIENTED_EDGE('',*,*,#3673,.T.);
#4767=ORIENTED_EDGE('',*,*,#3673,.F.);
#4768=ORIENTED_EDGE('',*,*,#3674,.F.);
#4769=ORIENTED_EDGE('',*,*,#3675,.F.);
#4770=ORIENTED_EDGE('',*,*,#3634,.F.);
#4771=ORIENTED_EDGE('',*,*,#3635,.T.);
#4772=ORIENTED_EDGE('',*,*,#3675,.T.);
#4773=ORIENTED_EDGE('',*,*,#3676,.T.);
#4774=ORIENTED_EDGE('',*,*,#3669,.T.);
#4775=ORIENTED_EDGE('',*,*,#3641,.T.);
#4776=ORIENTED_EDGE('',*,*,#3665,.T.);
#4777=ORIENTED_EDGE('',*,*,#3677,.T.);
#4778=ORIENTED_EDGE('',*,*,#3678,.T.);
#4779=ORIENTED_EDGE('',*,*,#3678,.F.);
#4780=ORIENTED_EDGE('',*,*,#3679,.F.);
#4781=ORIENTED_EDGE('',*,*,#3680,.F.);
#4782=ORIENTED_EDGE('',*,*,#3642,.F.);
#4783=ORIENTED_EDGE('',*,*,#3643,.T.);
#4784=ORIENTED_EDGE('',*,*,#3680,.T.);
#4785=ORIENTED_EDGE('',*,*,#3681,.T.);
#4786=ORIENTED_EDGE('',*,*,#3682,.T.);
#4787=ORIENTED_EDGE('',*,*,#3645,.T.);
#4788=ORIENTED_EDGE('',*,*,#3683,.T.);
#4789=ORIENTED_EDGE('',*,*,#3684,.T.);
#4790=ORIENTED_EDGE('',*,*,#3685,.T.);
#4791=ORIENTED_EDGE('',*,*,#3682,.F.);
#4792=ORIENTED_EDGE('',*,*,#3686,.F.);
#4793=ORIENTED_EDGE('',*,*,#3683,.F.);
#4794=ORIENTED_EDGE('',*,*,#3644,.F.);
#4795=ORIENTED_EDGE('',*,*,#3687,.T.);
#4796=ORIENTED_EDGE('',*,*,#3688,.T.);
#4797=ORIENTED_EDGE('',*,*,#3647,.T.);
#4798=ORIENTED_EDGE('',*,*,#3689,.T.);
#4799=ORIENTED_EDGE('',*,*,#3572,.T.);
#4800=ORIENTED_EDGE('',*,*,#3648,.T.);
#4801=ORIENTED_EDGE('',*,*,#3688,.F.);
#4802=ORIENTED_EDGE('',*,*,#3690,.T.);
#4803=ORIENTED_EDGE('',*,*,#3598,.T.);
#4804=ORIENTED_EDGE('',*,*,#3691,.T.);
#4805=ORIENTED_EDGE('',*,*,#3692,.T.);
#4806=ORIENTED_EDGE('',*,*,#3693,.T.);
#4807=ORIENTED_EDGE('',*,*,#3693,.F.);
#4808=ORIENTED_EDGE('',*,*,#3694,.F.);
#4809=ORIENTED_EDGE('',*,*,#3695,.F.);
#4810=ORIENTED_EDGE('',*,*,#3599,.F.);
#4811=ORIENTED_EDGE('',*,*,#3600,.T.);
#4812=ORIENTED_EDGE('',*,*,#3695,.T.);
#4813=ORIENTED_EDGE('',*,*,#3696,.T.);
#4814=ORIENTED_EDGE('',*,*,#3697,.T.);
#4815=ORIENTED_EDGE('',*,*,#3602,.T.);
#4816=ORIENTED_EDGE('',*,*,#3698,.T.);
#4817=ORIENTED_EDGE('',*,*,#3699,.T.);
#4818=ORIENTED_EDGE('',*,*,#3700,.T.);
#4819=ORIENTED_EDGE('',*,*,#3697,.F.);
#4820=ORIENTED_EDGE('',*,*,#3701,.F.);
#4821=ORIENTED_EDGE('',*,*,#3698,.F.);
#4822=ORIENTED_EDGE('',*,*,#3601,.F.);
#4823=ORIENTED_EDGE('',*,*,#3702,.T.);
#4824=ORIENTED_EDGE('',*,*,#3703,.T.);
#4825=ORIENTED_EDGE('',*,*,#3604,.T.);
#4826=ORIENTED_EDGE('',*,*,#3704,.T.);
#4827=ORIENTED_EDGE('',*,*,#3703,.F.);
#4828=ORIENTED_EDGE('',*,*,#3705,.F.);
#4829=ORIENTED_EDGE('',*,*,#3706,.F.);
#4830=ORIENTED_EDGE('',*,*,#3605,.F.);
#4831=ORIENTED_EDGE('',*,*,#3606,.T.);
#4832=ORIENTED_EDGE('',*,*,#3706,.T.);
#4833=ORIENTED_EDGE('',*,*,#3707,.T.);
#4834=ORIENTED_EDGE('',*,*,#3708,.T.);
#4835=ORIENTED_EDGE('',*,*,#3708,.F.);
#4836=ORIENTED_EDGE('',*,*,#3709,.F.);
#4837=ORIENTED_EDGE('',*,*,#3710,.F.);
#4838=ORIENTED_EDGE('',*,*,#3607,.F.);
#4839=ORIENTED_EDGE('',*,*,#3608,.T.);
#4840=ORIENTED_EDGE('',*,*,#3710,.T.);
#4841=ORIENTED_EDGE('',*,*,#3711,.T.);
#4842=ORIENTED_EDGE('',*,*,#3712,.T.);
#4843=ORIENTED_EDGE('',*,*,#3610,.T.);
#4844=ORIENTED_EDGE('',*,*,#3713,.T.);
#4845=ORIENTED_EDGE('',*,*,#3714,.T.);
#4846=ORIENTED_EDGE('',*,*,#3715,.T.);
#4847=ORIENTED_EDGE('',*,*,#3712,.F.);
#4848=ORIENTED_EDGE('',*,*,#3716,.F.);
#4849=ORIENTED_EDGE('',*,*,#3713,.F.);
#4850=ORIENTED_EDGE('',*,*,#3609,.F.);
#4851=ORIENTED_EDGE('',*,*,#3717,.T.);
#4852=ORIENTED_EDGE('',*,*,#3718,.T.);
#4853=ORIENTED_EDGE('',*,*,#3612,.T.);
#4854=ORIENTED_EDGE('',*,*,#3719,.T.);
#4855=ORIENTED_EDGE('',*,*,#3718,.F.);
#4856=ORIENTED_EDGE('',*,*,#3720,.F.);
#4857=ORIENTED_EDGE('',*,*,#3721,.F.);
#4858=ORIENTED_EDGE('',*,*,#3613,.F.);
#4859=ORIENTED_EDGE('',*,*,#3614,.T.);
#4860=ORIENTED_EDGE('',*,*,#3721,.T.);
#4861=ORIENTED_EDGE('',*,*,#3722,.T.);
#4862=ORIENTED_EDGE('',*,*,#3723,.T.);
#4863=ORIENTED_EDGE('',*,*,#3723,.F.);
#4864=ORIENTED_EDGE('',*,*,#3724,.F.);
#4865=ORIENTED_EDGE('',*,*,#3725,.F.);
#4866=ORIENTED_EDGE('',*,*,#3615,.F.);
#4867=ORIENTED_EDGE('',*,*,#3616,.T.);
#4868=ORIENTED_EDGE('',*,*,#3725,.T.);
#4869=ORIENTED_EDGE('',*,*,#3726,.T.);
#4870=ORIENTED_EDGE('',*,*,#3727,.T.);
#4871=ORIENTED_EDGE('',*,*,#3618,.T.);
#4872=ORIENTED_EDGE('',*,*,#3728,.T.);
#4873=ORIENTED_EDGE('',*,*,#3729,.T.);
#4874=ORIENTED_EDGE('',*,*,#3730,.T.);
#4875=ORIENTED_EDGE('',*,*,#3727,.F.);
#4876=ORIENTED_EDGE('',*,*,#3731,.F.);
#4877=ORIENTED_EDGE('',*,*,#3728,.F.);
#4878=ORIENTED_EDGE('',*,*,#3617,.F.);
#4879=ORIENTED_EDGE('',*,*,#3732,.T.);
#4880=ORIENTED_EDGE('',*,*,#3733,.T.);
#4881=ORIENTED_EDGE('',*,*,#3620,.T.);
#4882=ORIENTED_EDGE('',*,*,#3734,.T.);
#4883=ORIENTED_EDGE('',*,*,#3733,.F.);
#4884=ORIENTED_EDGE('',*,*,#3735,.F.);
#4885=ORIENTED_EDGE('',*,*,#3736,.F.);
#4886=ORIENTED_EDGE('',*,*,#3621,.F.);
#4887=ORIENTED_EDGE('',*,*,#3737,.T.);
#4888=ORIENTED_EDGE('',*,*,#3738,.T.);
#4889=ORIENTED_EDGE('',*,*,#3624,.T.);
#4890=ORIENTED_EDGE('',*,*,#3739,.T.);
#4891=ORIENTED_EDGE('',*,*,#3592,.F.);
#4892=ORIENTED_EDGE('',*,*,#3625,.F.);
#4893=ORIENTED_EDGE('',*,*,#3738,.F.);
#4894=ORIENTED_EDGE('',*,*,#3740,.F.);
#4895=ORIENTED_EDGE('',*,*,#3741,.T.);
#4896=ORIENTED_EDGE('',*,*,#3742,.T.);
#4897=ORIENTED_EDGE('',*,*,#3622,.T.);
#4898=ORIENTED_EDGE('',*,*,#3736,.T.);
#4899=ORIENTED_EDGE('',*,*,#3739,.F.);
#4900=ORIENTED_EDGE('',*,*,#3623,.F.);
#4901=ORIENTED_EDGE('',*,*,#3742,.F.);
#4902=ORIENTED_EDGE('',*,*,#3743,.F.);
#4903=ORIENTED_EDGE('',*,*,#3663,.F.);
#4904=ORIENTED_EDGE('',*,*,#3638,.F.);
#4905=ORIENTED_EDGE('',*,*,#3668,.F.);
#4906=ORIENTED_EDGE('',*,*,#3744,.F.);
#4907=ORIENTED_EDGE('',*,*,#3730,.F.);
#4908=ORIENTED_EDGE('',*,*,#3745,.F.);
#4909=ORIENTED_EDGE('',*,*,#3734,.F.);
#4910=ORIENTED_EDGE('',*,*,#3619,.F.);
#4911=ORIENTED_EDGE('',*,*,#3700,.F.);
#4912=ORIENTED_EDGE('',*,*,#3746,.F.);
#4913=ORIENTED_EDGE('',*,*,#3704,.F.);
#4914=ORIENTED_EDGE('',*,*,#3603,.F.);
#4915=ORIENTED_EDGE('',*,*,#3715,.F.);
#4916=ORIENTED_EDGE('',*,*,#3747,.F.);
#4917=ORIENTED_EDGE('',*,*,#3719,.F.);
#4918=ORIENTED_EDGE('',*,*,#3611,.F.);
#4919=ORIENTED_EDGE('',*,*,#3685,.F.);
#4920=ORIENTED_EDGE('',*,*,#3748,.F.);
#4921=ORIENTED_EDGE('',*,*,#3689,.F.);
#4922=ORIENTED_EDGE('',*,*,#3646,.F.);
#4923=ORIENTED_EDGE('',*,*,#3749,.T.);
#4924=ORIENTED_EDGE('',*,*,#3750,.F.);
#4925=ORIENTED_EDGE('',*,*,#3691,.F.);
#4926=ORIENTED_EDGE('',*,*,#3597,.F.);
#4927=ORIENTED_EDGE('',*,*,#3658,.F.);
#4928=ORIENTED_EDGE('',*,*,#3751,.F.);
#4929=ORIENTED_EDGE('',*,*,#3671,.F.);
#4930=ORIENTED_EDGE('',*,*,#3632,.F.);
#4931=ORIENTED_EDGE('',*,*,#3690,.F.);
#4932=ORIENTED_EDGE('',*,*,#3687,.F.);
#4933=ORIENTED_EDGE('',*,*,#3748,.T.);
#4934=ORIENTED_EDGE('',*,*,#3684,.F.);
#4935=ORIENTED_EDGE('',*,*,#3686,.T.);
#4936=ORIENTED_EDGE('',*,*,#3681,.F.);
#4937=ORIENTED_EDGE('',*,*,#3679,.T.);
#4938=ORIENTED_EDGE('',*,*,#3677,.F.);
#4939=ORIENTED_EDGE('',*,*,#3664,.T.);
#4940=ORIENTED_EDGE('',*,*,#3661,.F.);
#4941=ORIENTED_EDGE('',*,*,#3744,.T.);
#4942=ORIENTED_EDGE('',*,*,#3667,.F.);
#4943=ORIENTED_EDGE('',*,*,#3670,.T.);
#4944=ORIENTED_EDGE('',*,*,#3676,.F.);
#4945=ORIENTED_EDGE('',*,*,#3674,.T.);
#4946=ORIENTED_EDGE('',*,*,#3672,.F.);
#4947=ORIENTED_EDGE('',*,*,#3751,.T.);
#4948=ORIENTED_EDGE('',*,*,#3657,.F.);
#4949=ORIENTED_EDGE('',*,*,#3660,.T.);
#4950=ORIENTED_EDGE('',*,*,#3654,.F.);
#4951=ORIENTED_EDGE('',*,*,#3656,.T.);
#4952=ORIENTED_EDGE('',*,*,#3651,.F.);
#4953=ORIENTED_EDGE('',*,*,#3649,.T.);
#4954=ORIENTED_EDGE('',*,*,#3593,.F.);
#4955=ORIENTED_EDGE('',*,*,#3740,.T.);
#4956=ORIENTED_EDGE('',*,*,#3737,.F.);
#4957=ORIENTED_EDGE('',*,*,#3743,.T.);
#4958=ORIENTED_EDGE('',*,*,#3741,.F.);
#4959=ORIENTED_EDGE('',*,*,#3735,.T.);
#4960=ORIENTED_EDGE('',*,*,#3732,.F.);
#4961=ORIENTED_EDGE('',*,*,#3745,.T.);
#4962=ORIENTED_EDGE('',*,*,#3729,.F.);
#4963=ORIENTED_EDGE('',*,*,#3731,.T.);
#4964=ORIENTED_EDGE('',*,*,#3726,.F.);
#4965=ORIENTED_EDGE('',*,*,#3724,.T.);
#4966=ORIENTED_EDGE('',*,*,#3722,.F.);
#4967=ORIENTED_EDGE('',*,*,#3720,.T.);
#4968=ORIENTED_EDGE('',*,*,#3717,.F.);
#4969=ORIENTED_EDGE('',*,*,#3747,.T.);
#4970=ORIENTED_EDGE('',*,*,#3714,.F.);
#4971=ORIENTED_EDGE('',*,*,#3716,.T.);
#4972=ORIENTED_EDGE('',*,*,#3711,.F.);
#4973=ORIENTED_EDGE('',*,*,#3709,.T.);
#4974=ORIENTED_EDGE('',*,*,#3707,.F.);
#4975=ORIENTED_EDGE('',*,*,#3705,.T.);
#4976=ORIENTED_EDGE('',*,*,#3702,.F.);
#4977=ORIENTED_EDGE('',*,*,#3746,.T.);
#4978=ORIENTED_EDGE('',*,*,#3699,.F.);
#4979=ORIENTED_EDGE('',*,*,#3701,.T.);
#4980=ORIENTED_EDGE('',*,*,#3696,.F.);
#4981=ORIENTED_EDGE('',*,*,#3694,.T.);
#4982=ORIENTED_EDGE('',*,*,#3692,.F.);
#4983=ORIENTED_EDGE('',*,*,#3750,.T.);
#4984=ORIENTED_EDGE('',*,*,#3752,.T.);
#4985=ORIENTED_EDGE('',*,*,#3753,.T.);
#4986=ORIENTED_EDGE('',*,*,#3568,.F.);
#4987=ORIENTED_EDGE('',*,*,#3590,.T.);
#4988=ORIENTED_EDGE('',*,*,#3574,.F.);
#4989=ORIENTED_EDGE('',*,*,#3753,.F.);
#4990=ORIENTED_EDGE('',*,*,#3754,.T.);
#4991=ORIENTED_EDGE('',*,*,#3595,.F.);
#4992=ORIENTED_EDGE('',*,*,#3755,.F.);
#4993=ORIENTED_EDGE('',*,*,#3756,.T.);
#4994=ORIENTED_EDGE('',*,*,#3757,.F.);
#4995=ORIENTED_EDGE('',*,*,#3756,.F.);
#4996=ORIENTED_EDGE('',*,*,#3758,.T.);
#4997=ORIENTED_EDGE('',*,*,#3759,.T.);
#4998=ORIENTED_EDGE('',*,*,#3760,.T.);
#4999=ORIENTED_EDGE('',*,*,#3761,.T.);
#5000=ORIENTED_EDGE('',*,*,#3761,.F.);
#5001=ORIENTED_EDGE('',*,*,#3762,.T.);
#5002=ORIENTED_EDGE('',*,*,#3763,.T.);
#5003=ORIENTED_EDGE('',*,*,#3764,.F.);
#5004=ORIENTED_EDGE('',*,*,#3760,.F.);
#5005=ORIENTED_EDGE('',*,*,#3765,.T.);
#5006=ORIENTED_EDGE('',*,*,#3766,.F.);
#5007=ORIENTED_EDGE('',*,*,#3767,.T.);
#5008=ORIENTED_EDGE('',*,*,#3768,.T.);
#5009=ORIENTED_EDGE('',*,*,#3762,.F.);
#5010=ORIENTED_EDGE('',*,*,#3757,.T.);
#5011=ORIENTED_EDGE('',*,*,#3769,.T.);
#5012=ORIENTED_EDGE('',*,*,#3770,.T.);
#5013=ORIENTED_EDGE('',*,*,#3766,.T.);
#5014=ORIENTED_EDGE('',*,*,#3771,.T.);
#5015=ORIENTED_EDGE('',*,*,#3770,.F.);
#5016=ORIENTED_EDGE('',*,*,#3772,.F.);
#5017=ORIENTED_EDGE('',*,*,#3773,.T.);
#5018=ORIENTED_EDGE('',*,*,#3767,.F.);
#5019=ORIENTED_EDGE('',*,*,#3774,.F.);
#5020=ORIENTED_EDGE('',*,*,#3775,.T.);
#5021=ORIENTED_EDGE('',*,*,#3596,.F.);
#5022=ORIENTED_EDGE('',*,*,#3776,.T.);
#5023=ORIENTED_EDGE('',*,*,#3763,.F.);
#5024=ORIENTED_EDGE('',*,*,#3777,.T.);
#5025=ORIENTED_EDGE('',*,*,#3749,.F.);
#5026=ORIENTED_EDGE('',*,*,#3775,.F.);
#5027=ORIENTED_EDGE('',*,*,#3773,.F.);
#5028=ORIENTED_EDGE('',*,*,#3776,.F.);
#5029=ORIENTED_EDGE('',*,*,#3754,.F.);
#5030=ORIENTED_EDGE('',*,*,#3778,.F.);
#5031=ORIENTED_EDGE('',*,*,#3759,.F.);
#5032=ORIENTED_EDGE('',*,*,#3779,.F.);
#5033=ORIENTED_EDGE('',*,*,#3771,.F.);
#5034=ORIENTED_EDGE('',*,*,#3765,.F.);
#5035=ORIENTED_EDGE('',*,*,#3768,.F.);
#5036=ORIENTED_EDGE('',*,*,#3778,.T.);
#5037=ORIENTED_EDGE('',*,*,#3752,.F.);
#5038=ORIENTED_EDGE('',*,*,#3777,.F.);
#5039=ORIENTED_EDGE('',*,*,#3758,.F.);
#5040=ORIENTED_EDGE('',*,*,#3764,.T.);
#5041=ORIENTED_EDGE('',*,*,#3774,.T.);
#5042=ORIENTED_EDGE('',*,*,#3772,.T.);
#5043=ORIENTED_EDGE('',*,*,#3769,.F.);
#5044=ORIENTED_EDGE('',*,*,#3779,.T.);
#5045=ORIENTED_EDGE('',*,*,#3755,.T.);
#5046=ORIENTED_EDGE('',*,*,#3780,.T.);
#5047=ORIENTED_EDGE('',*,*,#3781,.F.);
#5048=ORIENTED_EDGE('',*,*,#3782,.T.);
#5049=ORIENTED_EDGE('',*,*,#3783,.F.);
#5050=ORIENTED_EDGE('',*,*,#3784,.T.);
#5051=ORIENTED_EDGE('',*,*,#3785,.T.);
#5052=ORIENTED_EDGE('',*,*,#3786,.F.);
#5053=ORIENTED_EDGE('',*,*,#3787,.F.);
#5054=ORIENTED_EDGE('',*,*,#3788,.F.);
#5055=ORIENTED_EDGE('',*,*,#3782,.F.);
#5056=ORIENTED_EDGE('',*,*,#3789,.F.);
#5057=ORIENTED_EDGE('',*,*,#3790,.F.);
#5058=ORIENTED_EDGE('',*,*,#3790,.T.);
#5059=ORIENTED_EDGE('',*,*,#3791,.F.);
#5060=ORIENTED_EDGE('',*,*,#3792,.T.);
#5061=ORIENTED_EDGE('',*,*,#3793,.T.);
#5062=ORIENTED_EDGE('',*,*,#3794,.F.);
#5063=ORIENTED_EDGE('',*,*,#3784,.F.);
#5064=ORIENTED_EDGE('',*,*,#3795,.F.);
#5065=ORIENTED_EDGE('',*,*,#3792,.F.);
#5066=ORIENTED_EDGE('',*,*,#3796,.T.);
#5067=ORIENTED_EDGE('',*,*,#3797,.T.);
#5068=ORIENTED_EDGE('',*,*,#3798,.T.);
#5069=ORIENTED_EDGE('',*,*,#3797,.F.);
#5070=ORIENTED_EDGE('',*,*,#3799,.T.);
#5071=ORIENTED_EDGE('',*,*,#3800,.T.);
#5072=ORIENTED_EDGE('',*,*,#3801,.T.);
#5073=ORIENTED_EDGE('',*,*,#3802,.T.);
#5074=ORIENTED_EDGE('',*,*,#3800,.F.);
#5075=ORIENTED_EDGE('',*,*,#3803,.T.);
#5076=ORIENTED_EDGE('',*,*,#3804,.F.);
#5077=ORIENTED_EDGE('',*,*,#3805,.F.);
#5078=ORIENTED_EDGE('',*,*,#3806,.T.);
#5079=ORIENTED_EDGE('',*,*,#3807,.F.);
#5080=ORIENTED_EDGE('',*,*,#3808,.F.);
#5081=ORIENTED_EDGE('',*,*,#3809,.F.);
#5082=ORIENTED_EDGE('',*,*,#3810,.F.);
#5083=ORIENTED_EDGE('',*,*,#3811,.T.);
#5084=ORIENTED_EDGE('',*,*,#3799,.F.);
#5085=ORIENTED_EDGE('',*,*,#3812,.T.);
#5086=ORIENTED_EDGE('',*,*,#3813,.T.);
#5087=ORIENTED_EDGE('',*,*,#3814,.F.);
#5088=ORIENTED_EDGE('',*,*,#3815,.T.);
#5089=ORIENTED_EDGE('',*,*,#3816,.F.);
#5090=ORIENTED_EDGE('',*,*,#3817,.F.);
#5091=ORIENTED_EDGE('',*,*,#3818,.F.);
#5092=ORIENTED_EDGE('',*,*,#3804,.T.);
#5093=ORIENTED_EDGE('',*,*,#3803,.F.);
#5094=ORIENTED_EDGE('',*,*,#3819,.F.);
#5095=ORIENTED_EDGE('',*,*,#3802,.F.);
#5096=ORIENTED_EDGE('',*,*,#3820,.F.);
#5097=ORIENTED_EDGE('',*,*,#3821,.T.);
#5098=ORIENTED_EDGE('',*,*,#3812,.F.);
#5099=ORIENTED_EDGE('',*,*,#3808,.T.);
#5100=ORIENTED_EDGE('',*,*,#3822,.F.);
#5101=ORIENTED_EDGE('',*,*,#3823,.F.);
#5102=ORIENTED_EDGE('',*,*,#3824,.F.);
#5103=ORIENTED_EDGE('',*,*,#3825,.F.);
#5104=ORIENTED_EDGE('',*,*,#3826,.F.);
#5105=ORIENTED_EDGE('',*,*,#3827,.F.);
#5106=ORIENTED_EDGE('',*,*,#3828,.F.);
#5107=ORIENTED_EDGE('',*,*,#3829,.F.);
#5108=ORIENTED_EDGE('',*,*,#3830,.F.);
#5109=ORIENTED_EDGE('',*,*,#3831,.F.);
#5110=ORIENTED_EDGE('',*,*,#3832,.T.);
#5111=ORIENTED_EDGE('',*,*,#3833,.T.);
#5112=ORIENTED_EDGE('',*,*,#3834,.F.);
#5113=ORIENTED_EDGE('',*,*,#3835,.T.);
#5114=ORIENTED_EDGE('',*,*,#3836,.F.);
#5115=ORIENTED_EDGE('',*,*,#3837,.T.);
#5116=ORIENTED_EDGE('',*,*,#3838,.F.);
#5117=ORIENTED_EDGE('',*,*,#3839,.T.);
#5118=ORIENTED_EDGE('',*,*,#3840,.T.);
#5119=ORIENTED_EDGE('',*,*,#3841,.F.);
#5120=ORIENTED_EDGE('',*,*,#3842,.F.);
#5121=ORIENTED_EDGE('',*,*,#3843,.F.);
#5122=ORIENTED_EDGE('',*,*,#3844,.F.);
#5123=ORIENTED_EDGE('',*,*,#3845,.F.);
#5124=ORIENTED_EDGE('',*,*,#3846,.F.);
#5125=ORIENTED_EDGE('',*,*,#3847,.F.);
#5126=ORIENTED_EDGE('',*,*,#3848,.F.);
#5127=ORIENTED_EDGE('',*,*,#3849,.F.);
#5128=ORIENTED_EDGE('',*,*,#3850,.F.);
#5129=ORIENTED_EDGE('',*,*,#3851,.F.);
#5130=ORIENTED_EDGE('',*,*,#3852,.F.);
#5131=ORIENTED_EDGE('',*,*,#3853,.T.);
#5132=ORIENTED_EDGE('',*,*,#3854,.T.);
#5133=ORIENTED_EDGE('',*,*,#3855,.T.);
#5134=ORIENTED_EDGE('',*,*,#3815,.F.);
#5135=ORIENTED_EDGE('',*,*,#3856,.F.);
#5136=ORIENTED_EDGE('',*,*,#3857,.F.);
#5137=ORIENTED_EDGE('',*,*,#3856,.T.);
#5138=ORIENTED_EDGE('',*,*,#3814,.T.);
#5139=ORIENTED_EDGE('',*,*,#3858,.T.);
#5140=ORIENTED_EDGE('',*,*,#3859,.T.);
#5141=ORIENTED_EDGE('',*,*,#3860,.T.);
#5142=ORIENTED_EDGE('',*,*,#3861,.T.);
#5143=ORIENTED_EDGE('',*,*,#3819,.T.);
#5144=ORIENTED_EDGE('',*,*,#3861,.F.);
#5145=ORIENTED_EDGE('',*,*,#3862,.F.);
#5146=ORIENTED_EDGE('',*,*,#3858,.F.);
#5147=ORIENTED_EDGE('',*,*,#3813,.F.);
#5148=ORIENTED_EDGE('',*,*,#3821,.F.);
#5149=ORIENTED_EDGE('',*,*,#3801,.F.);
#5150=ORIENTED_EDGE('',*,*,#3811,.F.);
#5151=ORIENTED_EDGE('',*,*,#3810,.T.);
#5152=ORIENTED_EDGE('',*,*,#3863,.F.);
#5153=ORIENTED_EDGE('',*,*,#3864,.F.);
#5154=ORIENTED_EDGE('',*,*,#3865,.T.);
#5155=ORIENTED_EDGE('',*,*,#3857,.T.);
#5156=ORIENTED_EDGE('',*,*,#3859,.F.);
#5157=ORIENTED_EDGE('',*,*,#3862,.T.);
#5158=ORIENTED_EDGE('',*,*,#3820,.T.);
#5159=ORIENTED_EDGE('',*,*,#3860,.F.);
#5160=ORIENTED_EDGE('',*,*,#3865,.F.);
#5161=ORIENTED_EDGE('',*,*,#3866,.T.);
#5162=ORIENTED_EDGE('',*,*,#3816,.T.);
#5163=ORIENTED_EDGE('',*,*,#3855,.F.);
#5164=ORIENTED_EDGE('',*,*,#3809,.T.);
#5165=ORIENTED_EDGE('',*,*,#3852,.T.);
#5166=ORIENTED_EDGE('',*,*,#3867,.T.);
#5167=ORIENTED_EDGE('',*,*,#3863,.T.);
#5168=ORIENTED_EDGE('',*,*,#3805,.T.);
#5169=ORIENTED_EDGE('',*,*,#3818,.T.);
#5170=ORIENTED_EDGE('',*,*,#3868,.T.);
#5171=ORIENTED_EDGE('',*,*,#3869,.T.);
#5172=ORIENTED_EDGE('',*,*,#3870,.T.);
#5173=ORIENTED_EDGE('',*,*,#3871,.T.);
#5174=ORIENTED_EDGE('',*,*,#3825,.T.);
#5175=ORIENTED_EDGE('',*,*,#3872,.T.);
#5176=ORIENTED_EDGE('',*,*,#3847,.T.);
#5177=ORIENTED_EDGE('',*,*,#3873,.T.);
#5178=ORIENTED_EDGE('',*,*,#3874,.T.);
#5179=ORIENTED_EDGE('',*,*,#3875,.T.);
#5180=ORIENTED_EDGE('',*,*,#3876,.F.);
#5181=ORIENTED_EDGE('',*,*,#3877,.T.);
#5182=ORIENTED_EDGE('',*,*,#3853,.F.);
#5183=ORIENTED_EDGE('',*,*,#3877,.F.);
#5184=ORIENTED_EDGE('',*,*,#3878,.F.);
#5185=ORIENTED_EDGE('',*,*,#3879,.T.);
#5186=ORIENTED_EDGE('',*,*,#3854,.F.);
#5187=ORIENTED_EDGE('',*,*,#3879,.F.);
#5188=ORIENTED_EDGE('',*,*,#3880,.F.);
#5189=ORIENTED_EDGE('',*,*,#3881,.T.);
#5190=ORIENTED_EDGE('',*,*,#3873,.F.);
#5191=ORIENTED_EDGE('',*,*,#3846,.T.);
#5192=ORIENTED_EDGE('',*,*,#3845,.T.);
#5193=ORIENTED_EDGE('',*,*,#3882,.T.);
#5194=ORIENTED_EDGE('',*,*,#3883,.T.);
#5195=ORIENTED_EDGE('',*,*,#3880,.T.);
#5196=ORIENTED_EDGE('',*,*,#3884,.F.);
#5197=ORIENTED_EDGE('',*,*,#3885,.T.);
#5198=ORIENTED_EDGE('',*,*,#3882,.F.);
#5199=ORIENTED_EDGE('',*,*,#3844,.T.);
#5200=ORIENTED_EDGE('',*,*,#3886,.T.);
#5201=ORIENTED_EDGE('',*,*,#3887,.T.);
#5202=ORIENTED_EDGE('',*,*,#3872,.F.);
#5203=ORIENTED_EDGE('',*,*,#3824,.T.);
#5204=ORIENTED_EDGE('',*,*,#3888,.T.);
#5205=ORIENTED_EDGE('',*,*,#3848,.T.);
#5206=ORIENTED_EDGE('',*,*,#3875,.F.);
#5207=ORIENTED_EDGE('',*,*,#3889,.F.);
#5208=ORIENTED_EDGE('',*,*,#3890,.F.);
#5209=ORIENTED_EDGE('',*,*,#3840,.F.);
#5210=ORIENTED_EDGE('',*,*,#3891,.T.);
#5211=ORIENTED_EDGE('',*,*,#3892,.F.);
#5212=ORIENTED_EDGE('',*,*,#3893,.T.);
#5213=ORIENTED_EDGE('',*,*,#3894,.T.);
#5214=ORIENTED_EDGE('',*,*,#3841,.T.);
#5215=ORIENTED_EDGE('',*,*,#3890,.T.);
#5216=ORIENTED_EDGE('',*,*,#3895,.F.);
#5217=ORIENTED_EDGE('',*,*,#3842,.T.);
#5218=ORIENTED_EDGE('',*,*,#3894,.F.);
#5219=ORIENTED_EDGE('',*,*,#3896,.T.);
#5220=ORIENTED_EDGE('',*,*,#3843,.T.);
#5221=ORIENTED_EDGE('',*,*,#3895,.T.);
#5222=ORIENTED_EDGE('',*,*,#3897,.T.);
#5223=ORIENTED_EDGE('',*,*,#3884,.T.);
#5224=ORIENTED_EDGE('',*,*,#3898,.F.);
#5225=ORIENTED_EDGE('',*,*,#3899,.F.);
#5226=ORIENTED_EDGE('',*,*,#3900,.T.);
#5227=ORIENTED_EDGE('',*,*,#3832,.F.);
#5228=ORIENTED_EDGE('',*,*,#3831,.T.);
#5229=ORIENTED_EDGE('',*,*,#3901,.T.);
#5230=ORIENTED_EDGE('',*,*,#3902,.T.);
#5231=ORIENTED_EDGE('',*,*,#3898,.T.);
#5232=ORIENTED_EDGE('',*,*,#3903,.F.);
#5233=ORIENTED_EDGE('',*,*,#3833,.F.);
#5234=ORIENTED_EDGE('',*,*,#3900,.F.);
#5235=ORIENTED_EDGE('',*,*,#3904,.F.);
#5236=ORIENTED_EDGE('',*,*,#3834,.T.);
#5237=ORIENTED_EDGE('',*,*,#3903,.T.);
#5238=ORIENTED_EDGE('',*,*,#3905,.T.);
#5239=ORIENTED_EDGE('',*,*,#3906,.T.);
#5240=ORIENTED_EDGE('',*,*,#3907,.F.);
#5241=ORIENTED_EDGE('',*,*,#3908,.F.);
#5242=ORIENTED_EDGE('',*,*,#3891,.F.);
#5243=ORIENTED_EDGE('',*,*,#3839,.F.);
#5244=ORIENTED_EDGE('',*,*,#3909,.T.);
#5245=ORIENTED_EDGE('',*,*,#3907,.T.);
#5246=ORIENTED_EDGE('',*,*,#3838,.T.);
#5247=ORIENTED_EDGE('',*,*,#3910,.T.);
#5248=ORIENTED_EDGE('',*,*,#3806,.F.);
#5249=ORIENTED_EDGE('',*,*,#3869,.F.);
#5250=ORIENTED_EDGE('',*,*,#3911,.T.);
#5251=ORIENTED_EDGE('',*,*,#3912,.F.);
#5252=ORIENTED_EDGE('',*,*,#3913,.F.);
#5253=ORIENTED_EDGE('',*,*,#3889,.T.);
#5254=ORIENTED_EDGE('',*,*,#3874,.F.);
#5255=ORIENTED_EDGE('',*,*,#3881,.F.);
#5256=ORIENTED_EDGE('',*,*,#3883,.F.);
#5257=ORIENTED_EDGE('',*,*,#3885,.F.);
#5258=ORIENTED_EDGE('',*,*,#3897,.F.);
#5259=ORIENTED_EDGE('',*,*,#3896,.F.);
#5260=ORIENTED_EDGE('',*,*,#3893,.F.);
#5261=ORIENTED_EDGE('',*,*,#3892,.T.);
#5262=ORIENTED_EDGE('',*,*,#3908,.T.);
#5263=ORIENTED_EDGE('',*,*,#3909,.F.);
#5264=ORIENTED_EDGE('',*,*,#3914,.F.);
#5265=ORIENTED_EDGE('',*,*,#3915,.F.);
#5266=ORIENTED_EDGE('',*,*,#3916,.T.);
#5267=ORIENTED_EDGE('',*,*,#3905,.F.);
#5268=ORIENTED_EDGE('',*,*,#3904,.T.);
#5269=ORIENTED_EDGE('',*,*,#3899,.T.);
#5270=ORIENTED_EDGE('',*,*,#3902,.F.);
#5271=ORIENTED_EDGE('',*,*,#3917,.F.);
#5272=ORIENTED_EDGE('',*,*,#3918,.F.);
#5273=ORIENTED_EDGE('',*,*,#3919,.F.);
#5274=ORIENTED_EDGE('',*,*,#3920,.F.);
#5275=ORIENTED_EDGE('',*,*,#3921,.T.);
#5276=ORIENTED_EDGE('',*,*,#3870,.F.);
#5277=ORIENTED_EDGE('',*,*,#3887,.F.);
#5278=ORIENTED_EDGE('',*,*,#3922,.F.);
#5279=ORIENTED_EDGE('',*,*,#3923,.F.);
#5280=ORIENTED_EDGE('',*,*,#3876,.T.);
#5281=ORIENTED_EDGE('',*,*,#3878,.T.);
#5282=ORIENTED_EDGE('',*,*,#3924,.T.);
#5283=ORIENTED_EDGE('',*,*,#3925,.T.);
#5284=ORIENTED_EDGE('',*,*,#3926,.T.);
#5285=ORIENTED_EDGE('',*,*,#3915,.T.);
#5286=ORIENTED_EDGE('',*,*,#3927,.F.);
#5287=ORIENTED_EDGE('',*,*,#3928,.F.);
#5288=ORIENTED_EDGE('',*,*,#3929,.F.);
#5289=ORIENTED_EDGE('',*,*,#3930,.T.);
#5290=ORIENTED_EDGE('',*,*,#3931,.T.);
#5291=ORIENTED_EDGE('',*,*,#3932,.F.);
#5292=ORIENTED_EDGE('',*,*,#3785,.F.);
#5293=ORIENTED_EDGE('',*,*,#3794,.T.);
#5294=ORIENTED_EDGE('',*,*,#3791,.T.);
#5295=ORIENTED_EDGE('',*,*,#3789,.T.);
#5296=ORIENTED_EDGE('',*,*,#3781,.T.);
#5297=ORIENTED_EDGE('',*,*,#3933,.F.);
#5298=ORIENTED_EDGE('',*,*,#3934,.F.);
#5299=ORIENTED_EDGE('',*,*,#3935,.F.);
#5300=ORIENTED_EDGE('',*,*,#3798,.F.);
#5301=ORIENTED_EDGE('',*,*,#3936,.T.);
#5302=ORIENTED_EDGE('',*,*,#3924,.F.);
#5303=ORIENTED_EDGE('',*,*,#3914,.T.);
#5304=ORIENTED_EDGE('',*,*,#3910,.F.);
#5305=ORIENTED_EDGE('',*,*,#3837,.F.);
#5306=ORIENTED_EDGE('',*,*,#3937,.F.);
#5307=ORIENTED_EDGE('',*,*,#3927,.T.);
#5308=ORIENTED_EDGE('',*,*,#3935,.T.);
#5309=ORIENTED_EDGE('',*,*,#3934,.T.);
#5310=ORIENTED_EDGE('',*,*,#3933,.T.);
#5311=ORIENTED_EDGE('',*,*,#3780,.F.);
#5312=ORIENTED_EDGE('',*,*,#3938,.T.);
#5313=ORIENTED_EDGE('',*,*,#3939,.F.);
#5314=ORIENTED_EDGE('',*,*,#3940,.F.);
#5315=ORIENTED_EDGE('',*,*,#3937,.T.);
#5316=ORIENTED_EDGE('',*,*,#3836,.T.);
#5317=ORIENTED_EDGE('',*,*,#3941,.T.);
#5318=ORIENTED_EDGE('',*,*,#3928,.T.);
#5319=ORIENTED_EDGE('',*,*,#3942,.F.);
#5320=ORIENTED_EDGE('',*,*,#3911,.F.);
#5321=ORIENTED_EDGE('',*,*,#3868,.F.);
#5322=ORIENTED_EDGE('',*,*,#3817,.T.);
#5323=ORIENTED_EDGE('',*,*,#3866,.F.);
#5324=ORIENTED_EDGE('',*,*,#3864,.T.);
#5325=ORIENTED_EDGE('',*,*,#3867,.F.);
#5326=ORIENTED_EDGE('',*,*,#3851,.T.);
#5327=ORIENTED_EDGE('',*,*,#3943,.F.);
#5328=ORIENTED_EDGE('',*,*,#3849,.T.);
#5329=ORIENTED_EDGE('',*,*,#3888,.F.);
#5330=ORIENTED_EDGE('',*,*,#3913,.T.);
#5331=ORIENTED_EDGE('',*,*,#3850,.T.);
#5332=ORIENTED_EDGE('',*,*,#3943,.T.);
#5333=ORIENTED_EDGE('',*,*,#3912,.T.);
#5334=ORIENTED_EDGE('',*,*,#3942,.T.);
#5335=ORIENTED_EDGE('',*,*,#3944,.F.);
#5336=ORIENTED_EDGE('',*,*,#3922,.T.);
#5337=ORIENTED_EDGE('',*,*,#3886,.F.);
#5338=ORIENTED_EDGE('',*,*,#3823,.T.);
#5339=ORIENTED_EDGE('',*,*,#3923,.T.);
#5340=ORIENTED_EDGE('',*,*,#3944,.T.);
#5341=ORIENTED_EDGE('',*,*,#3822,.T.);
#5342=ORIENTED_EDGE('',*,*,#3807,.T.);
#5343=ORIENTED_EDGE('',*,*,#3945,.F.);
#5344=ORIENTED_EDGE('',*,*,#3919,.T.);
#5345=ORIENTED_EDGE('',*,*,#3946,.F.);
#5346=ORIENTED_EDGE('',*,*,#3828,.T.);
#5347=ORIENTED_EDGE('',*,*,#3947,.F.);
#5348=ORIENTED_EDGE('',*,*,#3917,.T.);
#5349=ORIENTED_EDGE('',*,*,#3901,.F.);
#5350=ORIENTED_EDGE('',*,*,#3830,.T.);
#5351=ORIENTED_EDGE('',*,*,#3829,.T.);
#5352=ORIENTED_EDGE('',*,*,#3946,.T.);
#5353=ORIENTED_EDGE('',*,*,#3918,.T.);
#5354=ORIENTED_EDGE('',*,*,#3947,.T.);
#5355=ORIENTED_EDGE('',*,*,#3948,.F.);
#5356=ORIENTED_EDGE('',*,*,#3826,.T.);
#5357=ORIENTED_EDGE('',*,*,#3871,.F.);
#5358=ORIENTED_EDGE('',*,*,#3921,.F.);
#5359=ORIENTED_EDGE('',*,*,#3920,.T.);
#5360=ORIENTED_EDGE('',*,*,#3945,.T.);
#5361=ORIENTED_EDGE('',*,*,#3827,.T.);
#5362=ORIENTED_EDGE('',*,*,#3948,.T.);
#5363=ORIENTED_EDGE('',*,*,#3929,.T.);
#5364=ORIENTED_EDGE('',*,*,#3941,.F.);
#5365=ORIENTED_EDGE('',*,*,#3835,.F.);
#5366=ORIENTED_EDGE('',*,*,#3906,.F.);
#5367=ORIENTED_EDGE('',*,*,#3916,.F.);
#5368=ORIENTED_EDGE('',*,*,#3926,.F.);
#5369=ORIENTED_EDGE('',*,*,#3949,.T.);
#5370=ORIENTED_EDGE('',*,*,#3950,.T.);
#5371=ORIENTED_EDGE('',*,*,#3951,.T.);
#5372=ORIENTED_EDGE('',*,*,#3952,.T.);
#5373=ORIENTED_EDGE('',*,*,#3786,.T.);
#5374=ORIENTED_EDGE('',*,*,#3932,.T.);
#5375=ORIENTED_EDGE('',*,*,#3931,.F.);
#5376=ORIENTED_EDGE('',*,*,#3930,.F.);
#5377=ORIENTED_EDGE('',*,*,#3949,.F.);
#5378=ORIENTED_EDGE('',*,*,#3925,.F.);
#5379=ORIENTED_EDGE('',*,*,#3936,.F.);
#5380=ORIENTED_EDGE('',*,*,#3940,.T.);
#5381=ORIENTED_EDGE('',*,*,#3939,.T.);
#5382=ORIENTED_EDGE('',*,*,#3938,.F.);
#5383=ORIENTED_EDGE('',*,*,#3783,.T.);
#5384=ORIENTED_EDGE('',*,*,#3788,.T.);
#5385=ORIENTED_EDGE('',*,*,#3793,.F.);
#5386=ORIENTED_EDGE('',*,*,#3795,.T.);
#5387=ORIENTED_EDGE('',*,*,#3787,.T.);
#5388=ORIENTED_EDGE('',*,*,#3952,.F.);
#5389=ORIENTED_EDGE('',*,*,#3951,.F.);
#5390=ORIENTED_EDGE('',*,*,#3950,.F.);
#5391=ORIENTED_EDGE('',*,*,#3796,.F.);
#5392=ORIENTED_EDGE('',*,*,#3953,.F.);
#5393=ORIENTED_EDGE('',*,*,#3954,.T.);
#5394=ORIENTED_EDGE('',*,*,#3955,.T.);
#5395=ORIENTED_EDGE('',*,*,#3954,.F.);
#5396=ORIENTED_EDGE('',*,*,#3956,.F.);
#5397=ORIENTED_EDGE('',*,*,#3957,.T.);
#5398=ORIENTED_EDGE('',*,*,#3958,.T.);
#5399=ORIENTED_EDGE('',*,*,#3957,.F.);
#5400=ORIENTED_EDGE('',*,*,#3958,.F.);
#5401=ORIENTED_EDGE('',*,*,#3953,.T.);
#5402=ORIENTED_EDGE('',*,*,#3956,.T.);
#5403=ORIENTED_EDGE('',*,*,#3955,.F.);
#5404=ORIENTED_EDGE('',*,*,#3959,.F.);
#5405=ORIENTED_EDGE('',*,*,#3960,.F.);
#5406=ORIENTED_EDGE('',*,*,#3961,.F.);
#5407=ORIENTED_EDGE('',*,*,#3962,.F.);
#5408=ORIENTED_EDGE('',*,*,#3963,.F.);
#5409=ORIENTED_EDGE('',*,*,#3964,.F.);
#5410=ORIENTED_EDGE('',*,*,#3965,.F.);
#5411=ORIENTED_EDGE('',*,*,#3966,.F.);
#5412=ORIENTED_EDGE('',*,*,#3967,.F.);
#5413=ORIENTED_EDGE('',*,*,#3968,.F.);
#5414=ORIENTED_EDGE('',*,*,#3969,.F.);
#5415=ORIENTED_EDGE('',*,*,#3970,.F.);
#5416=ORIENTED_EDGE('',*,*,#3971,.F.);
#5417=ORIENTED_EDGE('',*,*,#3972,.F.);
#5418=ORIENTED_EDGE('',*,*,#3973,.F.);
#5419=ORIENTED_EDGE('',*,*,#3974,.F.);
#5420=ORIENTED_EDGE('',*,*,#3975,.F.);
#5421=ORIENTED_EDGE('',*,*,#3976,.F.);
#5422=ORIENTED_EDGE('',*,*,#3977,.T.);
#5423=ORIENTED_EDGE('',*,*,#3978,.T.);
#5424=ORIENTED_EDGE('',*,*,#3977,.F.);
#5425=ORIENTED_EDGE('',*,*,#3979,.F.);
#5426=ORIENTED_EDGE('',*,*,#3980,.T.);
#5427=ORIENTED_EDGE('',*,*,#3981,.T.);
#5428=ORIENTED_EDGE('',*,*,#3982,.T.);
#5429=ORIENTED_EDGE('',*,*,#3980,.F.);
#5430=ORIENTED_EDGE('',*,*,#3978,.F.);
#5431=ORIENTED_EDGE('',*,*,#3983,.T.);
#5432=ORIENTED_EDGE('',*,*,#3979,.T.);
#5433=ORIENTED_EDGE('',*,*,#3983,.F.);
#5434=ORIENTED_EDGE('',*,*,#3984,.F.);
#5435=ORIENTED_EDGE('',*,*,#3966,.T.);
#5436=ORIENTED_EDGE('',*,*,#3985,.T.);
#5437=ORIENTED_EDGE('',*,*,#3986,.T.);
#5438=ORIENTED_EDGE('',*,*,#3987,.T.);
#5439=ORIENTED_EDGE('',*,*,#3988,.F.);
#5440=ORIENTED_EDGE('',*,*,#3975,.T.);
#5441=ORIENTED_EDGE('',*,*,#3976,.T.);
#5442=ORIENTED_EDGE('',*,*,#3989,.T.);
#5443=ORIENTED_EDGE('',*,*,#3985,.F.);
#5444=ORIENTED_EDGE('',*,*,#3965,.T.);
#5445=ORIENTED_EDGE('',*,*,#3990,.T.);
#5446=ORIENTED_EDGE('',*,*,#3991,.T.);
#5447=ORIENTED_EDGE('',*,*,#3992,.T.);
#5448=ORIENTED_EDGE('',*,*,#3993,.T.);
#5449=ORIENTED_EDGE('',*,*,#3994,.T.);
#5450=ORIENTED_EDGE('',*,*,#3995,.T.);
#5451=ORIENTED_EDGE('',*,*,#3996,.F.);
#5452=ORIENTED_EDGE('',*,*,#3969,.T.);
#5453=ORIENTED_EDGE('',*,*,#3997,.T.);
#5454=ORIENTED_EDGE('',*,*,#3998,.T.);
#5455=ORIENTED_EDGE('',*,*,#3999,.T.);
#5456=ORIENTED_EDGE('',*,*,#4000,.T.);
#5457=ORIENTED_EDGE('',*,*,#4001,.T.);
#5458=ORIENTED_EDGE('',*,*,#4002,.T.);
#5459=ORIENTED_EDGE('',*,*,#4003,.F.);
#5460=ORIENTED_EDGE('',*,*,#3973,.T.);
#5461=ORIENTED_EDGE('',*,*,#4004,.T.);
#5462=ORIENTED_EDGE('',*,*,#4005,.T.);
#5463=ORIENTED_EDGE('',*,*,#4006,.T.);
#5464=ORIENTED_EDGE('',*,*,#4007,.T.);
#5465=ORIENTED_EDGE('',*,*,#4008,.T.);
#5466=ORIENTED_EDGE('',*,*,#4009,.T.);
#5467=ORIENTED_EDGE('',*,*,#4010,.F.);
#5468=ORIENTED_EDGE('',*,*,#3961,.T.);
#5469=ORIENTED_EDGE('',*,*,#4011,.T.);
#5470=ORIENTED_EDGE('',*,*,#4012,.T.);
#5471=ORIENTED_EDGE('',*,*,#4013,.T.);
#5472=ORIENTED_EDGE('',*,*,#4014,.T.);
#5473=ORIENTED_EDGE('',*,*,#4015,.T.);
#5474=ORIENTED_EDGE('',*,*,#4016,.T.);
#5475=ORIENTED_EDGE('',*,*,#3986,.F.);
#5476=ORIENTED_EDGE('',*,*,#3989,.F.);
#5477=ORIENTED_EDGE('',*,*,#4017,.T.);
#5478=ORIENTED_EDGE('',*,*,#4018,.T.);
#5479=ORIENTED_EDGE('',*,*,#4019,.T.);
#5480=ORIENTED_EDGE('',*,*,#4020,.T.);
#5481=ORIENTED_EDGE('',*,*,#4021,.T.);
#5482=ORIENTED_EDGE('',*,*,#4022,.T.);
#5483=ORIENTED_EDGE('',*,*,#4023,.T.);
#5484=ORIENTED_EDGE('',*,*,#3967,.T.);
#5485=ORIENTED_EDGE('',*,*,#4024,.T.);
#5486=ORIENTED_EDGE('',*,*,#4025,.T.);
#5487=ORIENTED_EDGE('',*,*,#4026,.T.);
#5488=ORIENTED_EDGE('',*,*,#4027,.T.);
#5489=ORIENTED_EDGE('',*,*,#4028,.T.);
#5490=ORIENTED_EDGE('',*,*,#4029,.T.);
#5491=ORIENTED_EDGE('',*,*,#4030,.T.);
#5492=ORIENTED_EDGE('',*,*,#3963,.T.);
#5493=ORIENTED_EDGE('',*,*,#3984,.T.);
#5494=ORIENTED_EDGE('',*,*,#4031,.T.);
#5495=ORIENTED_EDGE('',*,*,#3981,.F.);
#5496=ORIENTED_EDGE('',*,*,#3982,.F.);
#5497=ORIENTED_EDGE('',*,*,#4031,.F.);
#5498=ORIENTED_EDGE('',*,*,#3988,.T.);
#5499=ORIENTED_EDGE('',*,*,#4032,.T.);
#5500=ORIENTED_EDGE('',*,*,#4033,.T.);
#5501=ORIENTED_EDGE('',*,*,#4034,.T.);
#5502=ORIENTED_EDGE('',*,*,#4035,.T.);
#5503=ORIENTED_EDGE('',*,*,#4036,.T.);
#5504=ORIENTED_EDGE('',*,*,#4037,.T.);
#5505=ORIENTED_EDGE('',*,*,#3959,.T.);
#5506=ORIENTED_EDGE('',*,*,#4038,.T.);
#5507=ORIENTED_EDGE('',*,*,#4039,.T.);
#5508=ORIENTED_EDGE('',*,*,#4040,.T.);
#5509=ORIENTED_EDGE('',*,*,#4041,.T.);
#5510=ORIENTED_EDGE('',*,*,#4042,.T.);
#5511=ORIENTED_EDGE('',*,*,#4043,.T.);
#5512=ORIENTED_EDGE('',*,*,#4044,.T.);
#5513=ORIENTED_EDGE('',*,*,#3971,.T.);
#5514=ORIENTED_EDGE('',*,*,#4045,.T.);
#5515=ORIENTED_EDGE('',*,*,#4024,.F.);
#5516=ORIENTED_EDGE('',*,*,#3970,.T.);
#5517=ORIENTED_EDGE('',*,*,#3996,.T.);
#5518=ORIENTED_EDGE('',*,*,#4046,.T.);
#5519=ORIENTED_EDGE('',*,*,#4017,.F.);
#5520=ORIENTED_EDGE('',*,*,#3974,.T.);
#5521=ORIENTED_EDGE('',*,*,#4003,.T.);
#5522=ORIENTED_EDGE('',*,*,#4038,.F.);
#5523=ORIENTED_EDGE('',*,*,#3962,.T.);
#5524=ORIENTED_EDGE('',*,*,#4010,.T.);
#5525=ORIENTED_EDGE('',*,*,#4047,.T.);
#5526=ORIENTED_EDGE('',*,*,#4006,.F.);
#5527=ORIENTED_EDGE('',*,*,#4048,.T.);
#5528=ORIENTED_EDGE('',*,*,#4042,.F.);
#5529=ORIENTED_EDGE('',*,*,#4049,.T.);
#5530=ORIENTED_EDGE('',*,*,#4008,.F.);
#5531=ORIENTED_EDGE('',*,*,#4050,.T.);
#5532=ORIENTED_EDGE('',*,*,#4040,.F.);
#5533=ORIENTED_EDGE('',*,*,#4051,.T.);
#5534=ORIENTED_EDGE('',*,*,#4044,.F.);
#5535=ORIENTED_EDGE('',*,*,#4052,.T.);
#5536=ORIENTED_EDGE('',*,*,#4004,.F.);
#5537=ORIENTED_EDGE('',*,*,#3972,.T.);
#5538=ORIENTED_EDGE('',*,*,#4043,.F.);
#5539=ORIENTED_EDGE('',*,*,#4048,.F.);
#5540=ORIENTED_EDGE('',*,*,#4005,.F.);
#5541=ORIENTED_EDGE('',*,*,#4052,.F.);
#5542=ORIENTED_EDGE('',*,*,#4041,.F.);
#5543=ORIENTED_EDGE('',*,*,#4050,.F.);
#5544=ORIENTED_EDGE('',*,*,#4007,.F.);
#5545=ORIENTED_EDGE('',*,*,#4049,.F.);
#5546=ORIENTED_EDGE('',*,*,#4009,.F.);
#5547=ORIENTED_EDGE('',*,*,#4051,.F.);
#5548=ORIENTED_EDGE('',*,*,#4039,.F.);
#5549=ORIENTED_EDGE('',*,*,#4047,.F.);
#5550=ORIENTED_EDGE('',*,*,#4023,.F.);
#5551=ORIENTED_EDGE('',*,*,#4053,.T.);
#5552=ORIENTED_EDGE('',*,*,#3997,.F.);
#5553=ORIENTED_EDGE('',*,*,#3968,.T.);
#5554=ORIENTED_EDGE('',*,*,#4022,.F.);
#5555=ORIENTED_EDGE('',*,*,#4054,.F.);
#5556=ORIENTED_EDGE('',*,*,#3998,.F.);
#5557=ORIENTED_EDGE('',*,*,#4053,.F.);
#5558=ORIENTED_EDGE('',*,*,#3999,.F.);
#5559=ORIENTED_EDGE('',*,*,#4054,.T.);
#5560=ORIENTED_EDGE('',*,*,#4021,.F.);
#5561=ORIENTED_EDGE('',*,*,#4055,.T.);
#5562=ORIENTED_EDGE('',*,*,#4020,.F.);
#5563=ORIENTED_EDGE('',*,*,#4056,.F.);
#5564=ORIENTED_EDGE('',*,*,#4000,.F.);
#5565=ORIENTED_EDGE('',*,*,#4055,.F.);
#5566=ORIENTED_EDGE('',*,*,#4001,.F.);
#5567=ORIENTED_EDGE('',*,*,#4056,.T.);
#5568=ORIENTED_EDGE('',*,*,#4019,.F.);
#5569=ORIENTED_EDGE('',*,*,#4057,.T.);
#5570=ORIENTED_EDGE('',*,*,#4002,.F.);
#5571=ORIENTED_EDGE('',*,*,#4057,.F.);
#5572=ORIENTED_EDGE('',*,*,#4018,.F.);
#5573=ORIENTED_EDGE('',*,*,#4046,.F.);
#5574=ORIENTED_EDGE('',*,*,#4030,.F.);
#5575=ORIENTED_EDGE('',*,*,#4058,.T.);
#5576=ORIENTED_EDGE('',*,*,#3990,.F.);
#5577=ORIENTED_EDGE('',*,*,#3964,.T.);
#5578=ORIENTED_EDGE('',*,*,#4029,.F.);
#5579=ORIENTED_EDGE('',*,*,#4059,.F.);
#5580=ORIENTED_EDGE('',*,*,#3991,.F.);
#5581=ORIENTED_EDGE('',*,*,#4058,.F.);
#5582=ORIENTED_EDGE('',*,*,#3992,.F.);
#5583=ORIENTED_EDGE('',*,*,#4059,.T.);
#5584=ORIENTED_EDGE('',*,*,#4028,.F.);
#5585=ORIENTED_EDGE('',*,*,#4060,.T.);
#5586=ORIENTED_EDGE('',*,*,#4027,.F.);
#5587=ORIENTED_EDGE('',*,*,#4061,.F.);
#5588=ORIENTED_EDGE('',*,*,#3993,.F.);
#5589=ORIENTED_EDGE('',*,*,#4060,.F.);
#5590=ORIENTED_EDGE('',*,*,#3994,.F.);
#5591=ORIENTED_EDGE('',*,*,#4061,.T.);
#5592=ORIENTED_EDGE('',*,*,#4026,.F.);
#5593=ORIENTED_EDGE('',*,*,#4062,.T.);
#5594=ORIENTED_EDGE('',*,*,#3995,.F.);
#5595=ORIENTED_EDGE('',*,*,#4062,.F.);
#5596=ORIENTED_EDGE('',*,*,#4025,.F.);
#5597=ORIENTED_EDGE('',*,*,#4045,.F.);
#5598=ORIENTED_EDGE('',*,*,#4037,.F.);
#5599=ORIENTED_EDGE('',*,*,#4063,.T.);
#5600=ORIENTED_EDGE('',*,*,#4011,.F.);
#5601=ORIENTED_EDGE('',*,*,#3960,.T.);
#5602=ORIENTED_EDGE('',*,*,#4036,.F.);
#5603=ORIENTED_EDGE('',*,*,#4064,.F.);
#5604=ORIENTED_EDGE('',*,*,#4012,.F.);
#5605=ORIENTED_EDGE('',*,*,#4063,.F.);
#5606=ORIENTED_EDGE('',*,*,#4013,.F.);
#5607=ORIENTED_EDGE('',*,*,#4064,.T.);
#5608=ORIENTED_EDGE('',*,*,#4035,.F.);
#5609=ORIENTED_EDGE('',*,*,#4065,.T.);
#5610=ORIENTED_EDGE('',*,*,#4034,.F.);
#5611=ORIENTED_EDGE('',*,*,#4066,.F.);
#5612=ORIENTED_EDGE('',*,*,#4014,.F.);
#5613=ORIENTED_EDGE('',*,*,#4065,.F.);
#5614=ORIENTED_EDGE('',*,*,#4015,.F.);
#5615=ORIENTED_EDGE('',*,*,#4066,.T.);
#5616=ORIENTED_EDGE('',*,*,#4033,.F.);
#5617=ORIENTED_EDGE('',*,*,#4067,.T.);
#5618=ORIENTED_EDGE('',*,*,#4016,.F.);
#5619=ORIENTED_EDGE('',*,*,#4067,.F.);
#5620=ORIENTED_EDGE('',*,*,#4032,.F.);
#5621=ORIENTED_EDGE('',*,*,#3987,.F.);
#5622=ORIENTED_EDGE('',*,*,#4068,.T.);
#5623=ORIENTED_EDGE('',*,*,#4069,.T.);
#5624=ORIENTED_EDGE('',*,*,#4070,.T.);
#5625=ORIENTED_EDGE('',*,*,#4068,.F.);
#5626=ORIENTED_EDGE('',*,*,#4070,.F.);
#5627=ORIENTED_EDGE('',*,*,#4071,.T.);
#5628=ORIENTED_EDGE('',*,*,#4069,.F.);
#5629=ORIENTED_EDGE('',*,*,#4072,.T.);
#5630=ORIENTED_EDGE('',*,*,#4073,.T.);
#5631=ORIENTED_EDGE('',*,*,#4072,.F.);
#5632=ORIENTED_EDGE('',*,*,#4071,.F.);
#5633=ORIENTED_EDGE('',*,*,#4073,.F.);
#5634=ORIENTED_EDGE('',*,*,#4074,.T.);
#5635=ORIENTED_EDGE('',*,*,#4075,.T.);
#5636=ORIENTED_EDGE('',*,*,#4076,.T.);
#5637=ORIENTED_EDGE('',*,*,#4077,.T.);
#5638=ORIENTED_EDGE('',*,*,#4078,.T.);
#5639=ORIENTED_EDGE('',*,*,#4079,.T.);
#5640=ORIENTED_EDGE('',*,*,#4080,.T.);
#5641=ORIENTED_EDGE('',*,*,#4081,.T.);
#5642=ORIENTED_EDGE('',*,*,#4082,.T.);
#5643=ORIENTED_EDGE('',*,*,#4083,.T.);
#5644=ORIENTED_EDGE('',*,*,#4084,.T.);
#5645=ORIENTED_EDGE('',*,*,#4085,.T.);
#5646=ORIENTED_EDGE('',*,*,#4086,.T.);
#5647=ORIENTED_EDGE('',*,*,#4087,.T.);
#5648=ORIENTED_EDGE('',*,*,#4088,.F.);
#5649=ORIENTED_EDGE('',*,*,#4089,.F.);
#5650=ORIENTED_EDGE('',*,*,#4090,.F.);
#5651=ORIENTED_EDGE('',*,*,#4091,.F.);
#5652=ORIENTED_EDGE('',*,*,#4092,.T.);
#5653=ORIENTED_EDGE('',*,*,#4093,.F.);
#5654=ORIENTED_EDGE('',*,*,#4094,.T.);
#5655=ORIENTED_EDGE('',*,*,#4078,.F.);
#5656=ORIENTED_EDGE('',*,*,#4095,.T.);
#5657=ORIENTED_EDGE('',*,*,#4076,.F.);
#5658=ORIENTED_EDGE('',*,*,#4096,.F.);
#5659=ORIENTED_EDGE('',*,*,#4097,.F.);
#5660=ORIENTED_EDGE('',*,*,#4098,.T.);
#5661=ORIENTED_EDGE('',*,*,#4099,.F.);
#5662=ORIENTED_EDGE('',*,*,#4100,.F.);
#5663=ORIENTED_EDGE('',*,*,#4101,.F.);
#5664=ORIENTED_EDGE('',*,*,#4102,.T.);
#5665=ORIENTED_EDGE('',*,*,#4103,.T.);
#5666=ORIENTED_EDGE('',*,*,#4089,.T.);
#5667=ORIENTED_EDGE('',*,*,#4104,.T.);
#5668=ORIENTED_EDGE('',*,*,#4101,.T.);
#5669=ORIENTED_EDGE('',*,*,#4105,.T.);
#5670=ORIENTED_EDGE('',*,*,#4106,.T.);
#5671=ORIENTED_EDGE('',*,*,#4105,.F.);
#5672=ORIENTED_EDGE('',*,*,#4100,.T.);
#5673=ORIENTED_EDGE('',*,*,#4107,.T.);
#5674=ORIENTED_EDGE('',*,*,#4108,.T.);
#5675=ORIENTED_EDGE('',*,*,#4091,.T.);
#5676=ORIENTED_EDGE('',*,*,#4109,.T.);
#5677=ORIENTED_EDGE('',*,*,#4110,.T.);
#5678=ORIENTED_EDGE('',*,*,#4111,.T.);
#5679=ORIENTED_EDGE('',*,*,#4107,.F.);
#5680=ORIENTED_EDGE('',*,*,#4099,.T.);
#5681=ORIENTED_EDGE('',*,*,#4112,.F.);
#5682=ORIENTED_EDGE('',*,*,#4113,.T.);
#5683=ORIENTED_EDGE('',*,*,#4110,.F.);
#5684=ORIENTED_EDGE('',*,*,#4114,.F.);
#5685=ORIENTED_EDGE('',*,*,#4102,.F.);
#5686=ORIENTED_EDGE('',*,*,#4106,.F.);
#5687=ORIENTED_EDGE('',*,*,#4111,.F.);
#5688=ORIENTED_EDGE('',*,*,#4113,.F.);
#5689=ORIENTED_EDGE('',*,*,#4103,.F.);
#5690=ORIENTED_EDGE('',*,*,#4114,.T.);
#5691=ORIENTED_EDGE('',*,*,#4109,.F.);
#5692=ORIENTED_EDGE('',*,*,#4090,.T.);
#5693=ORIENTED_EDGE('',*,*,#4108,.F.);
#5694=ORIENTED_EDGE('',*,*,#4098,.F.);
#5695=ORIENTED_EDGE('',*,*,#4115,.F.);
#5696=ORIENTED_EDGE('',*,*,#4092,.F.);
#5697=ORIENTED_EDGE('',*,*,#4112,.T.);
#5698=ORIENTED_EDGE('',*,*,#4116,.T.);
#5699=ORIENTED_EDGE('',*,*,#4117,.T.);
#5700=ORIENTED_EDGE('',*,*,#4116,.F.);
#5701=ORIENTED_EDGE('',*,*,#4118,.F.);
#5702=ORIENTED_EDGE('',*,*,#4119,.F.);
#5703=ORIENTED_EDGE('',*,*,#4120,.T.);
#5704=ORIENTED_EDGE('',*,*,#4084,.F.);
#5705=ORIENTED_EDGE('',*,*,#4117,.F.);
#5706=ORIENTED_EDGE('',*,*,#4088,.T.);
#5707=ORIENTED_EDGE('',*,*,#4077,.F.);
#5708=ORIENTED_EDGE('',*,*,#4095,.F.);
#5709=ORIENTED_EDGE('',*,*,#4104,.F.);
#5710=ORIENTED_EDGE('',*,*,#4121,.F.);
#5711=ORIENTED_EDGE('',*,*,#4122,.F.);
#5712=ORIENTED_EDGE('',*,*,#4096,.T.);
#5713=ORIENTED_EDGE('',*,*,#4075,.F.);
#5714=ORIENTED_EDGE('',*,*,#4094,.F.);
#5715=ORIENTED_EDGE('',*,*,#4123,.F.);
#5716=ORIENTED_EDGE('',*,*,#4124,.T.);
#5717=ORIENTED_EDGE('',*,*,#4079,.F.);
#5718=ORIENTED_EDGE('',*,*,#4124,.F.);
#5719=ORIENTED_EDGE('',*,*,#4125,.F.);
#5720=ORIENTED_EDGE('',*,*,#4126,.T.);
#5721=ORIENTED_EDGE('',*,*,#4080,.F.);
#5722=ORIENTED_EDGE('',*,*,#4126,.F.);
#5723=ORIENTED_EDGE('',*,*,#4127,.F.);
#5724=ORIENTED_EDGE('',*,*,#4128,.T.);
#5725=ORIENTED_EDGE('',*,*,#4081,.F.);
#5726=ORIENTED_EDGE('',*,*,#4128,.F.);
#5727=ORIENTED_EDGE('',*,*,#4129,.F.);
#5728=ORIENTED_EDGE('',*,*,#4130,.T.);
#5729=ORIENTED_EDGE('',*,*,#4082,.F.);
#5730=ORIENTED_EDGE('',*,*,#4130,.F.);
#5731=ORIENTED_EDGE('',*,*,#4131,.F.);
#5732=ORIENTED_EDGE('',*,*,#4118,.T.);
#5733=ORIENTED_EDGE('',*,*,#4083,.F.);
#5734=ORIENTED_EDGE('',*,*,#4120,.F.);
#5735=ORIENTED_EDGE('',*,*,#4132,.F.);
#5736=ORIENTED_EDGE('',*,*,#4133,.T.);
#5737=ORIENTED_EDGE('',*,*,#4085,.F.);
#5738=ORIENTED_EDGE('',*,*,#4133,.F.);
#5739=ORIENTED_EDGE('',*,*,#4134,.F.);
#5740=ORIENTED_EDGE('',*,*,#4135,.T.);
#5741=ORIENTED_EDGE('',*,*,#4086,.F.);
#5742=ORIENTED_EDGE('',*,*,#4135,.F.);
#5743=ORIENTED_EDGE('',*,*,#4136,.F.);
#5744=ORIENTED_EDGE('',*,*,#4137,.F.);
#5745=ORIENTED_EDGE('',*,*,#4087,.F.);
#5746=ORIENTED_EDGE('',*,*,#4137,.T.);
#5747=ORIENTED_EDGE('',*,*,#4138,.F.);
#5748=ORIENTED_EDGE('',*,*,#4121,.T.);
#5749=ORIENTED_EDGE('',*,*,#4074,.F.);
#5750=ORIENTED_EDGE('',*,*,#4138,.T.);
#5751=ORIENTED_EDGE('',*,*,#4136,.T.);
#5752=ORIENTED_EDGE('',*,*,#4134,.T.);
#5753=ORIENTED_EDGE('',*,*,#4132,.T.);
#5754=ORIENTED_EDGE('',*,*,#4119,.T.);
#5755=ORIENTED_EDGE('',*,*,#4131,.T.);
#5756=ORIENTED_EDGE('',*,*,#4129,.T.);
#5757=ORIENTED_EDGE('',*,*,#4127,.T.);
#5758=ORIENTED_EDGE('',*,*,#4125,.T.);
#5759=ORIENTED_EDGE('',*,*,#4123,.T.);
#5760=ORIENTED_EDGE('',*,*,#4093,.T.);
#5761=ORIENTED_EDGE('',*,*,#4115,.T.);
#5762=ORIENTED_EDGE('',*,*,#4097,.T.);
#5763=ORIENTED_EDGE('',*,*,#4122,.T.);
#5764=ORIENTED_EDGE('',*,*,#4139,.T.);
#5765=ORIENTED_EDGE('',*,*,#4140,.T.);
#5766=ORIENTED_EDGE('',*,*,#4141,.T.);
#5767=ORIENTED_EDGE('',*,*,#4140,.F.);
#5768=ORIENTED_EDGE('',*,*,#4139,.F.);
#5769=ORIENTED_EDGE('',*,*,#4142,.T.);
#5770=ORIENTED_EDGE('',*,*,#4143,.F.);
#5771=ORIENTED_EDGE('',*,*,#4142,.F.);
#5772=ORIENTED_EDGE('',*,*,#4141,.F.);
#5773=ORIENTED_EDGE('',*,*,#4144,.F.);
#5774=ORIENTED_EDGE('',*,*,#4145,.T.);
#5775=ORIENTED_EDGE('',*,*,#4146,.F.);
#5776=ORIENTED_EDGE('',*,*,#4147,.T.);
#5777=ORIENTED_EDGE('',*,*,#4148,.T.);
#5778=ORIENTED_EDGE('',*,*,#4147,.F.);
#5779=ORIENTED_EDGE('',*,*,#4146,.T.);
#5780=ORIENTED_EDGE('',*,*,#4149,.F.);
#5781=ORIENTED_EDGE('',*,*,#4149,.T.);
#5782=ORIENTED_EDGE('',*,*,#4150,.F.);
#5783=ORIENTED_EDGE('',*,*,#4151,.F.);
#5784=ORIENTED_EDGE('',*,*,#4152,.F.);
#5785=ORIENTED_EDGE('',*,*,#4145,.F.);
#5786=ORIENTED_EDGE('',*,*,#4153,.F.);
#5787=ORIENTED_EDGE('',*,*,#4154,.F.);
#5788=ORIENTED_EDGE('',*,*,#4148,.F.);
#5789=ORIENTED_EDGE('',*,*,#4143,.T.);
#5790=ORIENTED_EDGE('',*,*,#4152,.T.);
#5791=ORIENTED_EDGE('',*,*,#4155,.F.);
#5792=ORIENTED_EDGE('',*,*,#4151,.T.);
#5793=ORIENTED_EDGE('',*,*,#4156,.F.);
#5794=ORIENTED_EDGE('',*,*,#4150,.T.);
#5795=ORIENTED_EDGE('',*,*,#4157,.F.);
#5796=ORIENTED_EDGE('',*,*,#4154,.T.);
#5797=ORIENTED_EDGE('',*,*,#4158,.F.);
#5798=ORIENTED_EDGE('',*,*,#4153,.T.);
#5799=ORIENTED_EDGE('',*,*,#4159,.F.);
#5800=ORIENTED_EDGE('',*,*,#4160,.T.);
#5801=ORIENTED_EDGE('',*,*,#4161,.T.);
#5802=ORIENTED_EDGE('',*,*,#4162,.T.);
#5803=ORIENTED_EDGE('',*,*,#4163,.T.);
#5804=ORIENTED_EDGE('',*,*,#4164,.T.);
#5805=ORIENTED_EDGE('',*,*,#4165,.T.);
#5806=ORIENTED_EDGE('',*,*,#4166,.T.);
#5807=ORIENTED_EDGE('',*,*,#4144,.T.);
#5808=ORIENTED_EDGE('',*,*,#4167,.F.);
#5809=ORIENTED_EDGE('',*,*,#4161,.F.);
#5810=ORIENTED_EDGE('',*,*,#4167,.T.);
#5811=ORIENTED_EDGE('',*,*,#4155,.T.);
#5812=ORIENTED_EDGE('',*,*,#4168,.F.);
#5813=ORIENTED_EDGE('',*,*,#4162,.F.);
#5814=ORIENTED_EDGE('',*,*,#4168,.T.);
#5815=ORIENTED_EDGE('',*,*,#4156,.T.);
#5816=ORIENTED_EDGE('',*,*,#4169,.F.);
#5817=ORIENTED_EDGE('',*,*,#4163,.F.);
#5818=ORIENTED_EDGE('',*,*,#4169,.T.);
#5819=ORIENTED_EDGE('',*,*,#4157,.T.);
#5820=ORIENTED_EDGE('',*,*,#4170,.F.);
#5821=ORIENTED_EDGE('',*,*,#4164,.F.);
#5822=ORIENTED_EDGE('',*,*,#4170,.T.);
#5823=ORIENTED_EDGE('',*,*,#4158,.T.);
#5824=ORIENTED_EDGE('',*,*,#4171,.F.);
#5825=ORIENTED_EDGE('',*,*,#4165,.F.);
#5826=ORIENTED_EDGE('',*,*,#4171,.T.);
#5827=ORIENTED_EDGE('',*,*,#4159,.T.);
#5828=ORIENTED_EDGE('',*,*,#4166,.F.);
#5829=ORIENTED_EDGE('',*,*,#4160,.F.);
#5830=ORIENTED_EDGE('',*,*,#4172,.T.);
#5831=ORIENTED_EDGE('',*,*,#4173,.T.);
#5832=ORIENTED_EDGE('',*,*,#4174,.T.);
#5833=ORIENTED_EDGE('',*,*,#4175,.T.);
#5834=ORIENTED_EDGE('',*,*,#4176,.T.);
#5835=ORIENTED_EDGE('',*,*,#4177,.T.);
#5836=ORIENTED_EDGE('',*,*,#4178,.T.);
#5837=ORIENTED_EDGE('',*,*,#4179,.T.);
#5838=ORIENTED_EDGE('',*,*,#4180,.T.);
#5839=ORIENTED_EDGE('',*,*,#4181,.T.);
#5840=ORIENTED_EDGE('',*,*,#4182,.T.);
#5841=ORIENTED_EDGE('',*,*,#4183,.T.);
#5842=ORIENTED_EDGE('',*,*,#4184,.T.);
#5843=ORIENTED_EDGE('',*,*,#4185,.T.);
#5844=ORIENTED_EDGE('',*,*,#4186,.T.);
#5845=ORIENTED_EDGE('',*,*,#4187,.T.);
#5846=ORIENTED_EDGE('',*,*,#4188,.T.);
#5847=ORIENTED_EDGE('',*,*,#4189,.T.);
#5848=ORIENTED_EDGE('',*,*,#4190,.T.);
#5849=ORIENTED_EDGE('',*,*,#4191,.T.);
#5850=ORIENTED_EDGE('',*,*,#4192,.T.);
#5851=ORIENTED_EDGE('',*,*,#4193,.T.);
#5852=ORIENTED_EDGE('',*,*,#4194,.T.);
#5853=ORIENTED_EDGE('',*,*,#4195,.T.);
#5854=ORIENTED_EDGE('',*,*,#4196,.T.);
#5855=ORIENTED_EDGE('',*,*,#4197,.T.);
#5856=ORIENTED_EDGE('',*,*,#4198,.T.);
#5857=ORIENTED_EDGE('',*,*,#4199,.T.);
#5858=ORIENTED_EDGE('',*,*,#4200,.T.);
#5859=ORIENTED_EDGE('',*,*,#4201,.T.);
#5860=ORIENTED_EDGE('',*,*,#4202,.T.);
#5861=ORIENTED_EDGE('',*,*,#4203,.T.);
#5862=ORIENTED_EDGE('',*,*,#4204,.T.);
#5863=ORIENTED_EDGE('',*,*,#4205,.T.);
#5864=ORIENTED_EDGE('',*,*,#4206,.T.);
#5865=ORIENTED_EDGE('',*,*,#4207,.T.);
#5866=ORIENTED_EDGE('',*,*,#4208,.T.);
#5867=ORIENTED_EDGE('',*,*,#4209,.T.);
#5868=ORIENTED_EDGE('',*,*,#4210,.T.);
#5869=ORIENTED_EDGE('',*,*,#4211,.T.);
#5870=ORIENTED_EDGE('',*,*,#4212,.T.);
#5871=ORIENTED_EDGE('',*,*,#4213,.T.);
#5872=ORIENTED_EDGE('',*,*,#4214,.T.);
#5873=ORIENTED_EDGE('',*,*,#4215,.T.);
#5874=ORIENTED_EDGE('',*,*,#4216,.T.);
#5875=ORIENTED_EDGE('',*,*,#4217,.T.);
#5876=ORIENTED_EDGE('',*,*,#4218,.T.);
#5877=ORIENTED_EDGE('',*,*,#4219,.T.);
#5878=ORIENTED_EDGE('',*,*,#4220,.T.);
#5879=ORIENTED_EDGE('',*,*,#4221,.T.);
#5880=ORIENTED_EDGE('',*,*,#4222,.T.);
#5881=ORIENTED_EDGE('',*,*,#4223,.T.);
#5882=ORIENTED_EDGE('',*,*,#4224,.T.);
#5883=ORIENTED_EDGE('',*,*,#4225,.T.);
#5884=ORIENTED_EDGE('',*,*,#4226,.T.);
#5885=ORIENTED_EDGE('',*,*,#4227,.T.);
#5886=ORIENTED_EDGE('',*,*,#4228,.T.);
#5887=ORIENTED_EDGE('',*,*,#4229,.T.);
#5888=ORIENTED_EDGE('',*,*,#4230,.T.);
#5889=ORIENTED_EDGE('',*,*,#4231,.T.);
#5890=ORIENTED_EDGE('',*,*,#4232,.T.);
#5891=ORIENTED_EDGE('',*,*,#4233,.F.);
#5892=ORIENTED_EDGE('',*,*,#4234,.F.);
#5893=ORIENTED_EDGE('',*,*,#4235,.F.);
#5894=ORIENTED_EDGE('',*,*,#4236,.F.);
#5895=ORIENTED_EDGE('',*,*,#4237,.F.);
#5896=ORIENTED_EDGE('',*,*,#4238,.F.);
#5897=ORIENTED_EDGE('',*,*,#4239,.F.);
#5898=ORIENTED_EDGE('',*,*,#4240,.F.);
#5899=ORIENTED_EDGE('',*,*,#4241,.F.);
#5900=ORIENTED_EDGE('',*,*,#4242,.F.);
#5901=ORIENTED_EDGE('',*,*,#4243,.F.);
#5902=ORIENTED_EDGE('',*,*,#4244,.F.);
#5903=ORIENTED_EDGE('',*,*,#4245,.F.);
#5904=ORIENTED_EDGE('',*,*,#4246,.F.);
#5905=ORIENTED_EDGE('',*,*,#4247,.F.);
#5906=ORIENTED_EDGE('',*,*,#4248,.F.);
#5907=ORIENTED_EDGE('',*,*,#4249,.F.);
#5908=ORIENTED_EDGE('',*,*,#4250,.F.);
#5909=ORIENTED_EDGE('',*,*,#4251,.F.);
#5910=ORIENTED_EDGE('',*,*,#4252,.F.);
#5911=ORIENTED_EDGE('',*,*,#4253,.F.);
#5912=ORIENTED_EDGE('',*,*,#4254,.F.);
#5913=ORIENTED_EDGE('',*,*,#4255,.F.);
#5914=ORIENTED_EDGE('',*,*,#4256,.F.);
#5915=ORIENTED_EDGE('',*,*,#4257,.F.);
#5916=ORIENTED_EDGE('',*,*,#4258,.F.);
#5917=ORIENTED_EDGE('',*,*,#4259,.F.);
#5918=ORIENTED_EDGE('',*,*,#4260,.F.);
#5919=ORIENTED_EDGE('',*,*,#4261,.F.);
#5920=ORIENTED_EDGE('',*,*,#4262,.F.);
#5921=ORIENTED_EDGE('',*,*,#4263,.F.);
#5922=ORIENTED_EDGE('',*,*,#4264,.F.);
#5923=ORIENTED_EDGE('',*,*,#4265,.F.);
#5924=ORIENTED_EDGE('',*,*,#4266,.F.);
#5925=ORIENTED_EDGE('',*,*,#4267,.F.);
#5926=ORIENTED_EDGE('',*,*,#4268,.F.);
#5927=ORIENTED_EDGE('',*,*,#4269,.F.);
#5928=ORIENTED_EDGE('',*,*,#4270,.F.);
#5929=ORIENTED_EDGE('',*,*,#4271,.F.);
#5930=ORIENTED_EDGE('',*,*,#4272,.F.);
#5931=ORIENTED_EDGE('',*,*,#4273,.F.);
#5932=ORIENTED_EDGE('',*,*,#4274,.F.);
#5933=ORIENTED_EDGE('',*,*,#4275,.F.);
#5934=ORIENTED_EDGE('',*,*,#4276,.F.);
#5935=ORIENTED_EDGE('',*,*,#4277,.F.);
#5936=ORIENTED_EDGE('',*,*,#4278,.F.);
#5937=ORIENTED_EDGE('',*,*,#4279,.F.);
#5938=ORIENTED_EDGE('',*,*,#4280,.F.);
#5939=ORIENTED_EDGE('',*,*,#4281,.F.);
#5940=ORIENTED_EDGE('',*,*,#4282,.F.);
#5941=ORIENTED_EDGE('',*,*,#4283,.F.);
#5942=ORIENTED_EDGE('',*,*,#4284,.F.);
#5943=ORIENTED_EDGE('',*,*,#4285,.F.);
#5944=ORIENTED_EDGE('',*,*,#4286,.F.);
#5945=ORIENTED_EDGE('',*,*,#4287,.F.);
#5946=ORIENTED_EDGE('',*,*,#4288,.F.);
#5947=ORIENTED_EDGE('',*,*,#4289,.F.);
#5948=ORIENTED_EDGE('',*,*,#4290,.F.);
#5949=ORIENTED_EDGE('',*,*,#4291,.F.);
#5950=ORIENTED_EDGE('',*,*,#4292,.F.);
#5951=ORIENTED_EDGE('',*,*,#4293,.F.);
#5952=ORIENTED_EDGE('',*,*,#4264,.T.);
#5953=ORIENTED_EDGE('',*,*,#4294,.T.);
#5954=ORIENTED_EDGE('',*,*,#4200,.F.);
#5955=ORIENTED_EDGE('',*,*,#4295,.F.);
#5956=ORIENTED_EDGE('',*,*,#4263,.T.);
#5957=ORIENTED_EDGE('',*,*,#4296,.T.);
#5958=ORIENTED_EDGE('',*,*,#4201,.F.);
#5959=ORIENTED_EDGE('',*,*,#4294,.F.);
#5960=ORIENTED_EDGE('',*,*,#4262,.T.);
#5961=ORIENTED_EDGE('',*,*,#4297,.T.);
#5962=ORIENTED_EDGE('',*,*,#4202,.F.);
#5963=ORIENTED_EDGE('',*,*,#4296,.F.);
#5964=ORIENTED_EDGE('',*,*,#4261,.T.);
#5965=ORIENTED_EDGE('',*,*,#4298,.T.);
#5966=ORIENTED_EDGE('',*,*,#4203,.F.);
#5967=ORIENTED_EDGE('',*,*,#4297,.F.);
#5968=ORIENTED_EDGE('',*,*,#4260,.T.);
#5969=ORIENTED_EDGE('',*,*,#4299,.T.);
#5970=ORIENTED_EDGE('',*,*,#4204,.F.);
#5971=ORIENTED_EDGE('',*,*,#4298,.F.);
#5972=ORIENTED_EDGE('',*,*,#4259,.T.);
#5973=ORIENTED_EDGE('',*,*,#4300,.T.);
#5974=ORIENTED_EDGE('',*,*,#4205,.F.);
#5975=ORIENTED_EDGE('',*,*,#4299,.F.);
#5976=ORIENTED_EDGE('',*,*,#4258,.T.);
#5977=ORIENTED_EDGE('',*,*,#4301,.T.);
#5978=ORIENTED_EDGE('',*,*,#4206,.F.);
#5979=ORIENTED_EDGE('',*,*,#4300,.F.);
#5980=ORIENTED_EDGE('',*,*,#4257,.T.);
#5981=ORIENTED_EDGE('',*,*,#4302,.T.);
#5982=ORIENTED_EDGE('',*,*,#4207,.F.);
#5983=ORIENTED_EDGE('',*,*,#4301,.F.);
#5984=ORIENTED_EDGE('',*,*,#4256,.T.);
#5985=ORIENTED_EDGE('',*,*,#4303,.T.);
#5986=ORIENTED_EDGE('',*,*,#4208,.F.);
#5987=ORIENTED_EDGE('',*,*,#4302,.F.);
#5988=ORIENTED_EDGE('',*,*,#4255,.T.);
#5989=ORIENTED_EDGE('',*,*,#4304,.T.);
#5990=ORIENTED_EDGE('',*,*,#4209,.F.);
#5991=ORIENTED_EDGE('',*,*,#4303,.F.);
#5992=ORIENTED_EDGE('',*,*,#4254,.T.);
#5993=ORIENTED_EDGE('',*,*,#4305,.T.);
#5994=ORIENTED_EDGE('',*,*,#4210,.F.);
#5995=ORIENTED_EDGE('',*,*,#4304,.F.);
#5996=ORIENTED_EDGE('',*,*,#4253,.T.);
#5997=ORIENTED_EDGE('',*,*,#4306,.T.);
#5998=ORIENTED_EDGE('',*,*,#4211,.F.);
#5999=ORIENTED_EDGE('',*,*,#4305,.F.);
#6000=ORIENTED_EDGE('',*,*,#4252,.T.);
#6001=ORIENTED_EDGE('',*,*,#4307,.T.);
#6002=ORIENTED_EDGE('',*,*,#4212,.F.);
#6003=ORIENTED_EDGE('',*,*,#4306,.F.);
#6004=ORIENTED_EDGE('',*,*,#4251,.T.);
#6005=ORIENTED_EDGE('',*,*,#4308,.T.);
#6006=ORIENTED_EDGE('',*,*,#4213,.F.);
#6007=ORIENTED_EDGE('',*,*,#4307,.F.);
#6008=ORIENTED_EDGE('',*,*,#4250,.T.);
#6009=ORIENTED_EDGE('',*,*,#4309,.T.);
#6010=ORIENTED_EDGE('',*,*,#4214,.F.);
#6011=ORIENTED_EDGE('',*,*,#4308,.F.);
#6012=ORIENTED_EDGE('',*,*,#4249,.T.);
#6013=ORIENTED_EDGE('',*,*,#4310,.T.);
#6014=ORIENTED_EDGE('',*,*,#4215,.F.);
#6015=ORIENTED_EDGE('',*,*,#4309,.F.);
#6016=ORIENTED_EDGE('',*,*,#4248,.T.);
#6017=ORIENTED_EDGE('',*,*,#4311,.T.);
#6018=ORIENTED_EDGE('',*,*,#4216,.F.);
#6019=ORIENTED_EDGE('',*,*,#4310,.F.);
#6020=ORIENTED_EDGE('',*,*,#4247,.T.);
#6021=ORIENTED_EDGE('',*,*,#4312,.T.);
#6022=ORIENTED_EDGE('',*,*,#4217,.F.);
#6023=ORIENTED_EDGE('',*,*,#4311,.F.);
#6024=ORIENTED_EDGE('',*,*,#4246,.T.);
#6025=ORIENTED_EDGE('',*,*,#4313,.T.);
#6026=ORIENTED_EDGE('',*,*,#4218,.F.);
#6027=ORIENTED_EDGE('',*,*,#4312,.F.);
#6028=ORIENTED_EDGE('',*,*,#4245,.T.);
#6029=ORIENTED_EDGE('',*,*,#4314,.T.);
#6030=ORIENTED_EDGE('',*,*,#4219,.F.);
#6031=ORIENTED_EDGE('',*,*,#4313,.F.);
#6032=ORIENTED_EDGE('',*,*,#4244,.T.);
#6033=ORIENTED_EDGE('',*,*,#4315,.T.);
#6034=ORIENTED_EDGE('',*,*,#4220,.F.);
#6035=ORIENTED_EDGE('',*,*,#4314,.F.);
#6036=ORIENTED_EDGE('',*,*,#4243,.T.);
#6037=ORIENTED_EDGE('',*,*,#4316,.T.);
#6038=ORIENTED_EDGE('',*,*,#4221,.F.);
#6039=ORIENTED_EDGE('',*,*,#4315,.F.);
#6040=ORIENTED_EDGE('',*,*,#4242,.T.);
#6041=ORIENTED_EDGE('',*,*,#4317,.T.);
#6042=ORIENTED_EDGE('',*,*,#4222,.F.);
#6043=ORIENTED_EDGE('',*,*,#4316,.F.);
#6044=ORIENTED_EDGE('',*,*,#4241,.T.);
#6045=ORIENTED_EDGE('',*,*,#4318,.T.);
#6046=ORIENTED_EDGE('',*,*,#4223,.F.);
#6047=ORIENTED_EDGE('',*,*,#4317,.F.);
#6048=ORIENTED_EDGE('',*,*,#4240,.T.);
#6049=ORIENTED_EDGE('',*,*,#4319,.T.);
#6050=ORIENTED_EDGE('',*,*,#4224,.F.);
#6051=ORIENTED_EDGE('',*,*,#4318,.F.);
#6052=ORIENTED_EDGE('',*,*,#4239,.T.);
#6053=ORIENTED_EDGE('',*,*,#4320,.T.);
#6054=ORIENTED_EDGE('',*,*,#4225,.F.);
#6055=ORIENTED_EDGE('',*,*,#4319,.F.);
#6056=ORIENTED_EDGE('',*,*,#4238,.T.);
#6057=ORIENTED_EDGE('',*,*,#4321,.T.);
#6058=ORIENTED_EDGE('',*,*,#4226,.F.);
#6059=ORIENTED_EDGE('',*,*,#4320,.F.);
#6060=ORIENTED_EDGE('',*,*,#4237,.T.);
#6061=ORIENTED_EDGE('',*,*,#4322,.T.);
#6062=ORIENTED_EDGE('',*,*,#4227,.F.);
#6063=ORIENTED_EDGE('',*,*,#4321,.F.);
#6064=ORIENTED_EDGE('',*,*,#4236,.T.);
#6065=ORIENTED_EDGE('',*,*,#4323,.T.);
#6066=ORIENTED_EDGE('',*,*,#4228,.F.);
#6067=ORIENTED_EDGE('',*,*,#4322,.F.);
#6068=ORIENTED_EDGE('',*,*,#4235,.T.);
#6069=ORIENTED_EDGE('',*,*,#4324,.T.);
#6070=ORIENTED_EDGE('',*,*,#4229,.F.);
#6071=ORIENTED_EDGE('',*,*,#4323,.F.);
#6072=ORIENTED_EDGE('',*,*,#4293,.T.);
#6073=ORIENTED_EDGE('',*,*,#4325,.T.);
#6074=ORIENTED_EDGE('',*,*,#4232,.F.);
#6075=ORIENTED_EDGE('',*,*,#4325,.F.);
#6076=ORIENTED_EDGE('',*,*,#4265,.T.);
#6077=ORIENTED_EDGE('',*,*,#4295,.T.);
#6078=ORIENTED_EDGE('',*,*,#4199,.F.);
#6079=ORIENTED_EDGE('',*,*,#4326,.F.);
#6080=ORIENTED_EDGE('',*,*,#4266,.T.);
#6081=ORIENTED_EDGE('',*,*,#4326,.T.);
#6082=ORIENTED_EDGE('',*,*,#4198,.F.);
#6083=ORIENTED_EDGE('',*,*,#4327,.F.);
#6084=ORIENTED_EDGE('',*,*,#4267,.T.);
#6085=ORIENTED_EDGE('',*,*,#4327,.T.);
#6086=ORIENTED_EDGE('',*,*,#4197,.F.);
#6087=ORIENTED_EDGE('',*,*,#4328,.F.);
#6088=ORIENTED_EDGE('',*,*,#4268,.T.);
#6089=ORIENTED_EDGE('',*,*,#4328,.T.);
#6090=ORIENTED_EDGE('',*,*,#4196,.F.);
#6091=ORIENTED_EDGE('',*,*,#4329,.F.);
#6092=ORIENTED_EDGE('',*,*,#4269,.T.);
#6093=ORIENTED_EDGE('',*,*,#4329,.T.);
#6094=ORIENTED_EDGE('',*,*,#4195,.F.);
#6095=ORIENTED_EDGE('',*,*,#4330,.F.);
#6096=ORIENTED_EDGE('',*,*,#4270,.T.);
#6097=ORIENTED_EDGE('',*,*,#4330,.T.);
#6098=ORIENTED_EDGE('',*,*,#4194,.F.);
#6099=ORIENTED_EDGE('',*,*,#4331,.F.);
#6100=ORIENTED_EDGE('',*,*,#4271,.T.);
#6101=ORIENTED_EDGE('',*,*,#4331,.T.);
#6102=ORIENTED_EDGE('',*,*,#4193,.F.);
#6103=ORIENTED_EDGE('',*,*,#4332,.F.);
#6104=ORIENTED_EDGE('',*,*,#4272,.T.);
#6105=ORIENTED_EDGE('',*,*,#4332,.T.);
#6106=ORIENTED_EDGE('',*,*,#4192,.F.);
#6107=ORIENTED_EDGE('',*,*,#4333,.F.);
#6108=ORIENTED_EDGE('',*,*,#4273,.T.);
#6109=ORIENTED_EDGE('',*,*,#4333,.T.);
#6110=ORIENTED_EDGE('',*,*,#4191,.F.);
#6111=ORIENTED_EDGE('',*,*,#4334,.F.);
#6112=ORIENTED_EDGE('',*,*,#4274,.T.);
#6113=ORIENTED_EDGE('',*,*,#4334,.T.);
#6114=ORIENTED_EDGE('',*,*,#4190,.F.);
#6115=ORIENTED_EDGE('',*,*,#4335,.F.);
#6116=ORIENTED_EDGE('',*,*,#4275,.T.);
#6117=ORIENTED_EDGE('',*,*,#4335,.T.);
#6118=ORIENTED_EDGE('',*,*,#4189,.F.);
#6119=ORIENTED_EDGE('',*,*,#4336,.F.);
#6120=ORIENTED_EDGE('',*,*,#4276,.T.);
#6121=ORIENTED_EDGE('',*,*,#4336,.T.);
#6122=ORIENTED_EDGE('',*,*,#4188,.F.);
#6123=ORIENTED_EDGE('',*,*,#4337,.F.);
#6124=ORIENTED_EDGE('',*,*,#4277,.T.);
#6125=ORIENTED_EDGE('',*,*,#4337,.T.);
#6126=ORIENTED_EDGE('',*,*,#4187,.F.);
#6127=ORIENTED_EDGE('',*,*,#4338,.F.);
#6128=ORIENTED_EDGE('',*,*,#4278,.T.);
#6129=ORIENTED_EDGE('',*,*,#4338,.T.);
#6130=ORIENTED_EDGE('',*,*,#4186,.F.);
#6131=ORIENTED_EDGE('',*,*,#4339,.F.);
#6132=ORIENTED_EDGE('',*,*,#4279,.T.);
#6133=ORIENTED_EDGE('',*,*,#4339,.T.);
#6134=ORIENTED_EDGE('',*,*,#4185,.F.);
#6135=ORIENTED_EDGE('',*,*,#4340,.F.);
#6136=ORIENTED_EDGE('',*,*,#4280,.T.);
#6137=ORIENTED_EDGE('',*,*,#4340,.T.);
#6138=ORIENTED_EDGE('',*,*,#4184,.F.);
#6139=ORIENTED_EDGE('',*,*,#4341,.F.);
#6140=ORIENTED_EDGE('',*,*,#4281,.T.);
#6141=ORIENTED_EDGE('',*,*,#4341,.T.);
#6142=ORIENTED_EDGE('',*,*,#4183,.F.);
#6143=ORIENTED_EDGE('',*,*,#4342,.F.);
#6144=ORIENTED_EDGE('',*,*,#4282,.T.);
#6145=ORIENTED_EDGE('',*,*,#4342,.T.);
#6146=ORIENTED_EDGE('',*,*,#4182,.F.);
#6147=ORIENTED_EDGE('',*,*,#4343,.F.);
#6148=ORIENTED_EDGE('',*,*,#4283,.T.);
#6149=ORIENTED_EDGE('',*,*,#4343,.T.);
#6150=ORIENTED_EDGE('',*,*,#4181,.F.);
#6151=ORIENTED_EDGE('',*,*,#4344,.F.);
#6152=ORIENTED_EDGE('',*,*,#4284,.T.);
#6153=ORIENTED_EDGE('',*,*,#4344,.T.);
#6154=ORIENTED_EDGE('',*,*,#4180,.F.);
#6155=ORIENTED_EDGE('',*,*,#4345,.F.);
#6156=ORIENTED_EDGE('',*,*,#4285,.T.);
#6157=ORIENTED_EDGE('',*,*,#4345,.T.);
#6158=ORIENTED_EDGE('',*,*,#4179,.F.);
#6159=ORIENTED_EDGE('',*,*,#4346,.F.);
#6160=ORIENTED_EDGE('',*,*,#4286,.T.);
#6161=ORIENTED_EDGE('',*,*,#4346,.T.);
#6162=ORIENTED_EDGE('',*,*,#4178,.F.);
#6163=ORIENTED_EDGE('',*,*,#4347,.F.);
#6164=ORIENTED_EDGE('',*,*,#4287,.T.);
#6165=ORIENTED_EDGE('',*,*,#4347,.T.);
#6166=ORIENTED_EDGE('',*,*,#4177,.F.);
#6167=ORIENTED_EDGE('',*,*,#4348,.F.);
#6168=ORIENTED_EDGE('',*,*,#4288,.T.);
#6169=ORIENTED_EDGE('',*,*,#4348,.T.);
#6170=ORIENTED_EDGE('',*,*,#4176,.F.);
#6171=ORIENTED_EDGE('',*,*,#4349,.F.);
#6172=ORIENTED_EDGE('',*,*,#4289,.T.);
#6173=ORIENTED_EDGE('',*,*,#4349,.T.);
#6174=ORIENTED_EDGE('',*,*,#4175,.F.);
#6175=ORIENTED_EDGE('',*,*,#4350,.F.);
#6176=ORIENTED_EDGE('',*,*,#4290,.T.);
#6177=ORIENTED_EDGE('',*,*,#4350,.T.);
#6178=ORIENTED_EDGE('',*,*,#4174,.F.);
#6179=ORIENTED_EDGE('',*,*,#4351,.F.);
#6180=ORIENTED_EDGE('',*,*,#4291,.T.);
#6181=ORIENTED_EDGE('',*,*,#4351,.T.);
#6182=ORIENTED_EDGE('',*,*,#4173,.F.);
#6183=ORIENTED_EDGE('',*,*,#4352,.F.);
#6184=ORIENTED_EDGE('',*,*,#4292,.T.);
#6185=ORIENTED_EDGE('',*,*,#4352,.T.);
#6186=ORIENTED_EDGE('',*,*,#4172,.F.);
#6187=ORIENTED_EDGE('',*,*,#4353,.F.);
#6188=ORIENTED_EDGE('',*,*,#4233,.T.);
#6189=ORIENTED_EDGE('',*,*,#4353,.T.);
#6190=ORIENTED_EDGE('',*,*,#4231,.F.);
#6191=ORIENTED_EDGE('',*,*,#4354,.F.);
#6192=ORIENTED_EDGE('',*,*,#4234,.T.);
#6193=ORIENTED_EDGE('',*,*,#4354,.T.);
#6194=ORIENTED_EDGE('',*,*,#4230,.F.);
#6195=ORIENTED_EDGE('',*,*,#4324,.F.);
#6196=ORIENTED_EDGE('',*,*,#4355,.T.);
#6197=ORIENTED_EDGE('',*,*,#4356,.T.);
#6198=ORIENTED_EDGE('',*,*,#4357,.T.);
#6199=ORIENTED_EDGE('',*,*,#4358,.T.);
#6200=ORIENTED_EDGE('',*,*,#4359,.T.);
#6201=ORIENTED_EDGE('',*,*,#4360,.T.);
#6202=ORIENTED_EDGE('',*,*,#4361,.T.);
#6203=ORIENTED_EDGE('',*,*,#4362,.T.);
#6204=ORIENTED_EDGE('',*,*,#4363,.T.);
#6205=ORIENTED_EDGE('',*,*,#4364,.T.);
#6206=ORIENTED_EDGE('',*,*,#4365,.T.);
#6207=ORIENTED_EDGE('',*,*,#4366,.T.);
#6208=ORIENTED_EDGE('',*,*,#4367,.T.);
#6209=ORIENTED_EDGE('',*,*,#4368,.T.);
#6210=ORIENTED_EDGE('',*,*,#4369,.T.);
#6211=ORIENTED_EDGE('',*,*,#4370,.T.);
#6212=ORIENTED_EDGE('',*,*,#4371,.T.);
#6213=ORIENTED_EDGE('',*,*,#4372,.T.);
#6214=ORIENTED_EDGE('',*,*,#4373,.T.);
#6215=ORIENTED_EDGE('',*,*,#4374,.T.);
#6216=ORIENTED_EDGE('',*,*,#4375,.T.);
#6217=ORIENTED_EDGE('',*,*,#4376,.T.);
#6218=ORIENTED_EDGE('',*,*,#4377,.T.);
#6219=ORIENTED_EDGE('',*,*,#4378,.T.);
#6220=ORIENTED_EDGE('',*,*,#4379,.T.);
#6221=ORIENTED_EDGE('',*,*,#4380,.T.);
#6222=ORIENTED_EDGE('',*,*,#4381,.T.);
#6223=ORIENTED_EDGE('',*,*,#4382,.T.);
#6224=ORIENTED_EDGE('',*,*,#4383,.T.);
#6225=ORIENTED_EDGE('',*,*,#4384,.T.);
#6226=ORIENTED_EDGE('',*,*,#4385,.T.);
#6227=ORIENTED_EDGE('',*,*,#4386,.T.);
#6228=ORIENTED_EDGE('',*,*,#4387,.T.);
#6229=ORIENTED_EDGE('',*,*,#4388,.T.);
#6230=ORIENTED_EDGE('',*,*,#4389,.T.);
#6231=ORIENTED_EDGE('',*,*,#4390,.T.);
#6232=ORIENTED_EDGE('',*,*,#4391,.T.);
#6233=ORIENTED_EDGE('',*,*,#4392,.T.);
#6234=ORIENTED_EDGE('',*,*,#4393,.T.);
#6235=ORIENTED_EDGE('',*,*,#4394,.T.);
#6236=ORIENTED_EDGE('',*,*,#4395,.T.);
#6237=ORIENTED_EDGE('',*,*,#4396,.T.);
#6238=ORIENTED_EDGE('',*,*,#4397,.T.);
#6239=ORIENTED_EDGE('',*,*,#4398,.T.);
#6240=ORIENTED_EDGE('',*,*,#4399,.T.);
#6241=ORIENTED_EDGE('',*,*,#4400,.T.);
#6242=ORIENTED_EDGE('',*,*,#4401,.T.);
#6243=ORIENTED_EDGE('',*,*,#4402,.T.);
#6244=ORIENTED_EDGE('',*,*,#4403,.T.);
#6245=ORIENTED_EDGE('',*,*,#4404,.T.);
#6246=ORIENTED_EDGE('',*,*,#4405,.T.);
#6247=ORIENTED_EDGE('',*,*,#4406,.T.);
#6248=ORIENTED_EDGE('',*,*,#4407,.T.);
#6249=ORIENTED_EDGE('',*,*,#4408,.T.);
#6250=ORIENTED_EDGE('',*,*,#4409,.T.);
#6251=ORIENTED_EDGE('',*,*,#4410,.T.);
#6252=ORIENTED_EDGE('',*,*,#4411,.T.);
#6253=ORIENTED_EDGE('',*,*,#4412,.T.);
#6254=ORIENTED_EDGE('',*,*,#4413,.T.);
#6255=ORIENTED_EDGE('',*,*,#4414,.T.);
#6256=ORIENTED_EDGE('',*,*,#4415,.T.);
#6257=ORIENTED_EDGE('',*,*,#4416,.F.);
#6258=ORIENTED_EDGE('',*,*,#4417,.F.);
#6259=ORIENTED_EDGE('',*,*,#4418,.F.);
#6260=ORIENTED_EDGE('',*,*,#4419,.F.);
#6261=ORIENTED_EDGE('',*,*,#4420,.F.);
#6262=ORIENTED_EDGE('',*,*,#4421,.F.);
#6263=ORIENTED_EDGE('',*,*,#4422,.F.);
#6264=ORIENTED_EDGE('',*,*,#4423,.F.);
#6265=ORIENTED_EDGE('',*,*,#4424,.F.);
#6266=ORIENTED_EDGE('',*,*,#4425,.F.);
#6267=ORIENTED_EDGE('',*,*,#4426,.F.);
#6268=ORIENTED_EDGE('',*,*,#4427,.F.);
#6269=ORIENTED_EDGE('',*,*,#4428,.F.);
#6270=ORIENTED_EDGE('',*,*,#4429,.F.);
#6271=ORIENTED_EDGE('',*,*,#4430,.F.);
#6272=ORIENTED_EDGE('',*,*,#4431,.F.);
#6273=ORIENTED_EDGE('',*,*,#4432,.F.);
#6274=ORIENTED_EDGE('',*,*,#4433,.F.);
#6275=ORIENTED_EDGE('',*,*,#4434,.F.);
#6276=ORIENTED_EDGE('',*,*,#4435,.F.);
#6277=ORIENTED_EDGE('',*,*,#4436,.F.);
#6278=ORIENTED_EDGE('',*,*,#4437,.F.);
#6279=ORIENTED_EDGE('',*,*,#4438,.F.);
#6280=ORIENTED_EDGE('',*,*,#4439,.F.);
#6281=ORIENTED_EDGE('',*,*,#4440,.F.);
#6282=ORIENTED_EDGE('',*,*,#4441,.F.);
#6283=ORIENTED_EDGE('',*,*,#4442,.F.);
#6284=ORIENTED_EDGE('',*,*,#4443,.F.);
#6285=ORIENTED_EDGE('',*,*,#4444,.F.);
#6286=ORIENTED_EDGE('',*,*,#4445,.F.);
#6287=ORIENTED_EDGE('',*,*,#4446,.F.);
#6288=ORIENTED_EDGE('',*,*,#4447,.F.);
#6289=ORIENTED_EDGE('',*,*,#4448,.F.);
#6290=ORIENTED_EDGE('',*,*,#4449,.F.);
#6291=ORIENTED_EDGE('',*,*,#4450,.F.);
#6292=ORIENTED_EDGE('',*,*,#4451,.F.);
#6293=ORIENTED_EDGE('',*,*,#4452,.F.);
#6294=ORIENTED_EDGE('',*,*,#4453,.F.);
#6295=ORIENTED_EDGE('',*,*,#4454,.F.);
#6296=ORIENTED_EDGE('',*,*,#4455,.F.);
#6297=ORIENTED_EDGE('',*,*,#4456,.F.);
#6298=ORIENTED_EDGE('',*,*,#4457,.F.);
#6299=ORIENTED_EDGE('',*,*,#4458,.F.);
#6300=ORIENTED_EDGE('',*,*,#4459,.F.);
#6301=ORIENTED_EDGE('',*,*,#4460,.F.);
#6302=ORIENTED_EDGE('',*,*,#4461,.F.);
#6303=ORIENTED_EDGE('',*,*,#4462,.F.);
#6304=ORIENTED_EDGE('',*,*,#4463,.F.);
#6305=ORIENTED_EDGE('',*,*,#4464,.F.);
#6306=ORIENTED_EDGE('',*,*,#4465,.F.);
#6307=ORIENTED_EDGE('',*,*,#4466,.F.);
#6308=ORIENTED_EDGE('',*,*,#4467,.F.);
#6309=ORIENTED_EDGE('',*,*,#4468,.F.);
#6310=ORIENTED_EDGE('',*,*,#4469,.F.);
#6311=ORIENTED_EDGE('',*,*,#4470,.F.);
#6312=ORIENTED_EDGE('',*,*,#4471,.F.);
#6313=ORIENTED_EDGE('',*,*,#4472,.F.);
#6314=ORIENTED_EDGE('',*,*,#4473,.F.);
#6315=ORIENTED_EDGE('',*,*,#4474,.F.);
#6316=ORIENTED_EDGE('',*,*,#4475,.F.);
#6317=ORIENTED_EDGE('',*,*,#4476,.F.);
#6318=ORIENTED_EDGE('',*,*,#4447,.T.);
#6319=ORIENTED_EDGE('',*,*,#4477,.T.);
#6320=ORIENTED_EDGE('',*,*,#4383,.F.);
#6321=ORIENTED_EDGE('',*,*,#4478,.F.);
#6322=ORIENTED_EDGE('',*,*,#4446,.T.);
#6323=ORIENTED_EDGE('',*,*,#4479,.T.);
#6324=ORIENTED_EDGE('',*,*,#4384,.F.);
#6325=ORIENTED_EDGE('',*,*,#4477,.F.);
#6326=ORIENTED_EDGE('',*,*,#4445,.T.);
#6327=ORIENTED_EDGE('',*,*,#4480,.T.);
#6328=ORIENTED_EDGE('',*,*,#4385,.F.);
#6329=ORIENTED_EDGE('',*,*,#4479,.F.);
#6330=ORIENTED_EDGE('',*,*,#4444,.T.);
#6331=ORIENTED_EDGE('',*,*,#4481,.T.);
#6332=ORIENTED_EDGE('',*,*,#4386,.F.);
#6333=ORIENTED_EDGE('',*,*,#4480,.F.);
#6334=ORIENTED_EDGE('',*,*,#4443,.T.);
#6335=ORIENTED_EDGE('',*,*,#4482,.T.);
#6336=ORIENTED_EDGE('',*,*,#4387,.F.);
#6337=ORIENTED_EDGE('',*,*,#4481,.F.);
#6338=ORIENTED_EDGE('',*,*,#4442,.T.);
#6339=ORIENTED_EDGE('',*,*,#4483,.T.);
#6340=ORIENTED_EDGE('',*,*,#4388,.F.);
#6341=ORIENTED_EDGE('',*,*,#4482,.F.);
#6342=ORIENTED_EDGE('',*,*,#4441,.T.);
#6343=ORIENTED_EDGE('',*,*,#4484,.T.);
#6344=ORIENTED_EDGE('',*,*,#4389,.F.);
#6345=ORIENTED_EDGE('',*,*,#4483,.F.);
#6346=ORIENTED_EDGE('',*,*,#4440,.T.);
#6347=ORIENTED_EDGE('',*,*,#4485,.T.);
#6348=ORIENTED_EDGE('',*,*,#4390,.F.);
#6349=ORIENTED_EDGE('',*,*,#4484,.F.);
#6350=ORIENTED_EDGE('',*,*,#4439,.T.);
#6351=ORIENTED_EDGE('',*,*,#4486,.T.);
#6352=ORIENTED_EDGE('',*,*,#4391,.F.);
#6353=ORIENTED_EDGE('',*,*,#4485,.F.);
#6354=ORIENTED_EDGE('',*,*,#4438,.T.);
#6355=ORIENTED_EDGE('',*,*,#4487,.T.);
#6356=ORIENTED_EDGE('',*,*,#4392,.F.);
#6357=ORIENTED_EDGE('',*,*,#4486,.F.);
#6358=ORIENTED_EDGE('',*,*,#4437,.T.);
#6359=ORIENTED_EDGE('',*,*,#4488,.T.);
#6360=ORIENTED_EDGE('',*,*,#4393,.F.);
#6361=ORIENTED_EDGE('',*,*,#4487,.F.);
#6362=ORIENTED_EDGE('',*,*,#4436,.T.);
#6363=ORIENTED_EDGE('',*,*,#4489,.T.);
#6364=ORIENTED_EDGE('',*,*,#4394,.F.);
#6365=ORIENTED_EDGE('',*,*,#4488,.F.);
#6366=ORIENTED_EDGE('',*,*,#4435,.T.);
#6367=ORIENTED_EDGE('',*,*,#4490,.T.);
#6368=ORIENTED_EDGE('',*,*,#4395,.F.);
#6369=ORIENTED_EDGE('',*,*,#4489,.F.);
#6370=ORIENTED_EDGE('',*,*,#4434,.T.);
#6371=ORIENTED_EDGE('',*,*,#4491,.T.);
#6372=ORIENTED_EDGE('',*,*,#4396,.F.);
#6373=ORIENTED_EDGE('',*,*,#4490,.F.);
#6374=ORIENTED_EDGE('',*,*,#4433,.T.);
#6375=ORIENTED_EDGE('',*,*,#4492,.T.);
#6376=ORIENTED_EDGE('',*,*,#4397,.F.);
#6377=ORIENTED_EDGE('',*,*,#4491,.F.);
#6378=ORIENTED_EDGE('',*,*,#4432,.T.);
#6379=ORIENTED_EDGE('',*,*,#4493,.T.);
#6380=ORIENTED_EDGE('',*,*,#4398,.F.);
#6381=ORIENTED_EDGE('',*,*,#4492,.F.);
#6382=ORIENTED_EDGE('',*,*,#4431,.T.);
#6383=ORIENTED_EDGE('',*,*,#4494,.T.);
#6384=ORIENTED_EDGE('',*,*,#4399,.F.);
#6385=ORIENTED_EDGE('',*,*,#4493,.F.);
#6386=ORIENTED_EDGE('',*,*,#4430,.T.);
#6387=ORIENTED_EDGE('',*,*,#4495,.T.);
#6388=ORIENTED_EDGE('',*,*,#4400,.F.);
#6389=ORIENTED_EDGE('',*,*,#4494,.F.);
#6390=ORIENTED_EDGE('',*,*,#4429,.T.);
#6391=ORIENTED_EDGE('',*,*,#4496,.T.);
#6392=ORIENTED_EDGE('',*,*,#4401,.F.);
#6393=ORIENTED_EDGE('',*,*,#4495,.F.);
#6394=ORIENTED_EDGE('',*,*,#4428,.T.);
#6395=ORIENTED_EDGE('',*,*,#4497,.T.);
#6396=ORIENTED_EDGE('',*,*,#4402,.F.);
#6397=ORIENTED_EDGE('',*,*,#4496,.F.);
#6398=ORIENTED_EDGE('',*,*,#4427,.T.);
#6399=ORIENTED_EDGE('',*,*,#4498,.T.);
#6400=ORIENTED_EDGE('',*,*,#4403,.F.);
#6401=ORIENTED_EDGE('',*,*,#4497,.F.);
#6402=ORIENTED_EDGE('',*,*,#4426,.T.);
#6403=ORIENTED_EDGE('',*,*,#4499,.T.);
#6404=ORIENTED_EDGE('',*,*,#4404,.F.);
#6405=ORIENTED_EDGE('',*,*,#4498,.F.);
#6406=ORIENTED_EDGE('',*,*,#4425,.T.);
#6407=ORIENTED_EDGE('',*,*,#4500,.T.);
#6408=ORIENTED_EDGE('',*,*,#4405,.F.);
#6409=ORIENTED_EDGE('',*,*,#4499,.F.);
#6410=ORIENTED_EDGE('',*,*,#4424,.T.);
#6411=ORIENTED_EDGE('',*,*,#4501,.T.);
#6412=ORIENTED_EDGE('',*,*,#4406,.F.);
#6413=ORIENTED_EDGE('',*,*,#4500,.F.);
#6414=ORIENTED_EDGE('',*,*,#4423,.T.);
#6415=ORIENTED_EDGE('',*,*,#4502,.T.);
#6416=ORIENTED_EDGE('',*,*,#4407,.F.);
#6417=ORIENTED_EDGE('',*,*,#4501,.F.);
#6418=ORIENTED_EDGE('',*,*,#4422,.T.);
#6419=ORIENTED_EDGE('',*,*,#4503,.T.);
#6420=ORIENTED_EDGE('',*,*,#4408,.F.);
#6421=ORIENTED_EDGE('',*,*,#4502,.F.);
#6422=ORIENTED_EDGE('',*,*,#4421,.T.);
#6423=ORIENTED_EDGE('',*,*,#4504,.T.);
#6424=ORIENTED_EDGE('',*,*,#4409,.F.);
#6425=ORIENTED_EDGE('',*,*,#4503,.F.);
#6426=ORIENTED_EDGE('',*,*,#4420,.T.);
#6427=ORIENTED_EDGE('',*,*,#4505,.T.);
#6428=ORIENTED_EDGE('',*,*,#4410,.F.);
#6429=ORIENTED_EDGE('',*,*,#4504,.F.);
#6430=ORIENTED_EDGE('',*,*,#4419,.T.);
#6431=ORIENTED_EDGE('',*,*,#4506,.T.);
#6432=ORIENTED_EDGE('',*,*,#4411,.F.);
#6433=ORIENTED_EDGE('',*,*,#4505,.F.);
#6434=ORIENTED_EDGE('',*,*,#4418,.T.);
#6435=ORIENTED_EDGE('',*,*,#4507,.T.);
#6436=ORIENTED_EDGE('',*,*,#4412,.F.);
#6437=ORIENTED_EDGE('',*,*,#4506,.F.);
#6438=ORIENTED_EDGE('',*,*,#4476,.T.);
#6439=ORIENTED_EDGE('',*,*,#4508,.T.);
#6440=ORIENTED_EDGE('',*,*,#4415,.F.);
#6441=ORIENTED_EDGE('',*,*,#4508,.F.);
#6442=ORIENTED_EDGE('',*,*,#4448,.T.);
#6443=ORIENTED_EDGE('',*,*,#4478,.T.);
#6444=ORIENTED_EDGE('',*,*,#4382,.F.);
#6445=ORIENTED_EDGE('',*,*,#4509,.F.);
#6446=ORIENTED_EDGE('',*,*,#4449,.T.);
#6447=ORIENTED_EDGE('',*,*,#4509,.T.);
#6448=ORIENTED_EDGE('',*,*,#4381,.F.);
#6449=ORIENTED_EDGE('',*,*,#4510,.F.);
#6450=ORIENTED_EDGE('',*,*,#4450,.T.);
#6451=ORIENTED_EDGE('',*,*,#4510,.T.);
#6452=ORIENTED_EDGE('',*,*,#4380,.F.);
#6453=ORIENTED_EDGE('',*,*,#4511,.F.);
#6454=ORIENTED_EDGE('',*,*,#4451,.T.);
#6455=ORIENTED_EDGE('',*,*,#4511,.T.);
#6456=ORIENTED_EDGE('',*,*,#4379,.F.);
#6457=ORIENTED_EDGE('',*,*,#4512,.F.);
#6458=ORIENTED_EDGE('',*,*,#4452,.T.);
#6459=ORIENTED_EDGE('',*,*,#4512,.T.);
#6460=ORIENTED_EDGE('',*,*,#4378,.F.);
#6461=ORIENTED_EDGE('',*,*,#4513,.F.);
#6462=ORIENTED_EDGE('',*,*,#4453,.T.);
#6463=ORIENTED_EDGE('',*,*,#4513,.T.);
#6464=ORIENTED_EDGE('',*,*,#4377,.F.);
#6465=ORIENTED_EDGE('',*,*,#4514,.F.);
#6466=ORIENTED_EDGE('',*,*,#4454,.T.);
#6467=ORIENTED_EDGE('',*,*,#4514,.T.);
#6468=ORIENTED_EDGE('',*,*,#4376,.F.);
#6469=ORIENTED_EDGE('',*,*,#4515,.F.);
#6470=ORIENTED_EDGE('',*,*,#4455,.T.);
#6471=ORIENTED_EDGE('',*,*,#4515,.T.);
#6472=ORIENTED_EDGE('',*,*,#4375,.F.);
#6473=ORIENTED_EDGE('',*,*,#4516,.F.);
#6474=ORIENTED_EDGE('',*,*,#4456,.T.);
#6475=ORIENTED_EDGE('',*,*,#4516,.T.);
#6476=ORIENTED_EDGE('',*,*,#4374,.F.);
#6477=ORIENTED_EDGE('',*,*,#4517,.F.);
#6478=ORIENTED_EDGE('',*,*,#4457,.T.);
#6479=ORIENTED_EDGE('',*,*,#4517,.T.);
#6480=ORIENTED_EDGE('',*,*,#4373,.F.);
#6481=ORIENTED_EDGE('',*,*,#4518,.F.);
#6482=ORIENTED_EDGE('',*,*,#4458,.T.);
#6483=ORIENTED_EDGE('',*,*,#4518,.T.);
#6484=ORIENTED_EDGE('',*,*,#4372,.F.);
#6485=ORIENTED_EDGE('',*,*,#4519,.F.);
#6486=ORIENTED_EDGE('',*,*,#4459,.T.);
#6487=ORIENTED_EDGE('',*,*,#4519,.T.);
#6488=ORIENTED_EDGE('',*,*,#4371,.F.);
#6489=ORIENTED_EDGE('',*,*,#4520,.F.);
#6490=ORIENTED_EDGE('',*,*,#4460,.T.);
#6491=ORIENTED_EDGE('',*,*,#4520,.T.);
#6492=ORIENTED_EDGE('',*,*,#4370,.F.);
#6493=ORIENTED_EDGE('',*,*,#4521,.F.);
#6494=ORIENTED_EDGE('',*,*,#4461,.T.);
#6495=ORIENTED_EDGE('',*,*,#4521,.T.);
#6496=ORIENTED_EDGE('',*,*,#4369,.F.);
#6497=ORIENTED_EDGE('',*,*,#4522,.F.);
#6498=ORIENTED_EDGE('',*,*,#4462,.T.);
#6499=ORIENTED_EDGE('',*,*,#4522,.T.);
#6500=ORIENTED_EDGE('',*,*,#4368,.F.);
#6501=ORIENTED_EDGE('',*,*,#4523,.F.);
#6502=ORIENTED_EDGE('',*,*,#4463,.T.);
#6503=ORIENTED_EDGE('',*,*,#4523,.T.);
#6504=ORIENTED_EDGE('',*,*,#4367,.F.);
#6505=ORIENTED_EDGE('',*,*,#4524,.F.);
#6506=ORIENTED_EDGE('',*,*,#4464,.T.);
#6507=ORIENTED_EDGE('',*,*,#4524,.T.);
#6508=ORIENTED_EDGE('',*,*,#4366,.F.);
#6509=ORIENTED_EDGE('',*,*,#4525,.F.);
#6510=ORIENTED_EDGE('',*,*,#4465,.T.);
#6511=ORIENTED_EDGE('',*,*,#4525,.T.);
#6512=ORIENTED_EDGE('',*,*,#4365,.F.);
#6513=ORIENTED_EDGE('',*,*,#4526,.F.);
#6514=ORIENTED_EDGE('',*,*,#4466,.T.);
#6515=ORIENTED_EDGE('',*,*,#4526,.T.);
#6516=ORIENTED_EDGE('',*,*,#4364,.F.);
#6517=ORIENTED_EDGE('',*,*,#4527,.F.);
#6518=ORIENTED_EDGE('',*,*,#4467,.T.);
#6519=ORIENTED_EDGE('',*,*,#4527,.T.);
#6520=ORIENTED_EDGE('',*,*,#4363,.F.);
#6521=ORIENTED_EDGE('',*,*,#4528,.F.);
#6522=ORIENTED_EDGE('',*,*,#4468,.T.);
#6523=ORIENTED_EDGE('',*,*,#4528,.T.);
#6524=ORIENTED_EDGE('',*,*,#4362,.F.);
#6525=ORIENTED_EDGE('',*,*,#4529,.F.);
#6526=ORIENTED_EDGE('',*,*,#4469,.T.);
#6527=ORIENTED_EDGE('',*,*,#4529,.T.);
#6528=ORIENTED_EDGE('',*,*,#4361,.F.);
#6529=ORIENTED_EDGE('',*,*,#4530,.F.);
#6530=ORIENTED_EDGE('',*,*,#4470,.T.);
#6531=ORIENTED_EDGE('',*,*,#4530,.T.);
#6532=ORIENTED_EDGE('',*,*,#4360,.F.);
#6533=ORIENTED_EDGE('',*,*,#4531,.F.);
#6534=ORIENTED_EDGE('',*,*,#4471,.T.);
#6535=ORIENTED_EDGE('',*,*,#4531,.T.);
#6536=ORIENTED_EDGE('',*,*,#4359,.F.);
#6537=ORIENTED_EDGE('',*,*,#4532,.F.);
#6538=ORIENTED_EDGE('',*,*,#4472,.T.);
#6539=ORIENTED_EDGE('',*,*,#4532,.T.);
#6540=ORIENTED_EDGE('',*,*,#4358,.F.);
#6541=ORIENTED_EDGE('',*,*,#4533,.F.);
#6542=ORIENTED_EDGE('',*,*,#4473,.T.);
#6543=ORIENTED_EDGE('',*,*,#4533,.T.);
#6544=ORIENTED_EDGE('',*,*,#4357,.F.);
#6545=ORIENTED_EDGE('',*,*,#4534,.F.);
#6546=ORIENTED_EDGE('',*,*,#4474,.T.);
#6547=ORIENTED_EDGE('',*,*,#4534,.T.);
#6548=ORIENTED_EDGE('',*,*,#4356,.F.);
#6549=ORIENTED_EDGE('',*,*,#4535,.F.);
#6550=ORIENTED_EDGE('',*,*,#4475,.T.);
#6551=ORIENTED_EDGE('',*,*,#4535,.T.);
#6552=ORIENTED_EDGE('',*,*,#4355,.F.);
#6553=ORIENTED_EDGE('',*,*,#4536,.F.);
#6554=ORIENTED_EDGE('',*,*,#4416,.T.);
#6555=ORIENTED_EDGE('',*,*,#4536,.T.);
#6556=ORIENTED_EDGE('',*,*,#4414,.F.);
#6557=ORIENTED_EDGE('',*,*,#4537,.F.);
#6558=ORIENTED_EDGE('',*,*,#4417,.T.);
#6559=ORIENTED_EDGE('',*,*,#4537,.T.);
#6560=ORIENTED_EDGE('',*,*,#4413,.F.);
#6561=ORIENTED_EDGE('',*,*,#4507,.F.);
#6562=ORIENTED_EDGE('',*,*,#4538,.F.);
#6563=ORIENTED_EDGE('',*,*,#4539,.T.);
#6564=ORIENTED_EDGE('',*,*,#4540,.F.);
#6565=ORIENTED_EDGE('',*,*,#4541,.T.);
#6566=ORIENTED_EDGE('',*,*,#4542,.F.);
#6567=ORIENTED_EDGE('',*,*,#4543,.F.);
#6568=ORIENTED_EDGE('',*,*,#4544,.T.);
#6569=ORIENTED_EDGE('',*,*,#4545,.T.);
#6570=ORIENTED_EDGE('',*,*,#4546,.T.);
#6571=ORIENTED_EDGE('',*,*,#4547,.F.);
#6572=ORIENTED_EDGE('',*,*,#4548,.T.);
#6573=ORIENTED_EDGE('',*,*,#4549,.T.);
#6574=ORIENTED_EDGE('',*,*,#4550,.T.);
#6575=ORIENTED_EDGE('',*,*,#4551,.T.);
#6576=ORIENTED_EDGE('',*,*,#4552,.F.);
#6577=ORIENTED_EDGE('',*,*,#4553,.T.);
#6578=ORIENTED_EDGE('',*,*,#4554,.T.);
#6579=ORIENTED_EDGE('',*,*,#4555,.T.);
#6580=ORIENTED_EDGE('',*,*,#4556,.T.);
#6581=ORIENTED_EDGE('',*,*,#4557,.T.);
#6582=ORIENTED_EDGE('',*,*,#4558,.T.);
#6583=ORIENTED_EDGE('',*,*,#4559,.T.);
#6584=ORIENTED_EDGE('',*,*,#4552,.T.);
#6585=ORIENTED_EDGE('',*,*,#4560,.T.);
#6586=ORIENTED_EDGE('',*,*,#4561,.T.);
#6587=ORIENTED_EDGE('',*,*,#4562,.T.);
#6588=ORIENTED_EDGE('',*,*,#4560,.F.);
#6589=ORIENTED_EDGE('',*,*,#4551,.F.);
#6590=ORIENTED_EDGE('',*,*,#4563,.F.);
#6591=ORIENTED_EDGE('',*,*,#4564,.F.);
#6592=ORIENTED_EDGE('',*,*,#4538,.T.);
#6593=ORIENTED_EDGE('',*,*,#4565,.T.);
#6594=ORIENTED_EDGE('',*,*,#4566,.T.);
#6595=ORIENTED_EDGE('',*,*,#4567,.T.);
#6596=ORIENTED_EDGE('',*,*,#4562,.F.);
#6597=ORIENTED_EDGE('',*,*,#4568,.F.);
#6598=ORIENTED_EDGE('',*,*,#4565,.F.);
#6599=ORIENTED_EDGE('',*,*,#4553,.F.);
#6600=ORIENTED_EDGE('',*,*,#4540,.T.);
#6601=ORIENTED_EDGE('',*,*,#4569,.T.);
#6602=ORIENTED_EDGE('',*,*,#4570,.T.);
#6603=ORIENTED_EDGE('',*,*,#4571,.T.);
#6604=ORIENTED_EDGE('',*,*,#4571,.F.);
#6605=ORIENTED_EDGE('',*,*,#4572,.T.);
#6606=ORIENTED_EDGE('',*,*,#4573,.F.);
#6607=ORIENTED_EDGE('',*,*,#4541,.F.);
#6608=ORIENTED_EDGE('',*,*,#4574,.T.);
#6609=ORIENTED_EDGE('',*,*,#4575,.T.);
#6610=ORIENTED_EDGE('',*,*,#4542,.T.);
#6611=ORIENTED_EDGE('',*,*,#4573,.T.);
#6612=ORIENTED_EDGE('',*,*,#4575,.F.);
#6613=ORIENTED_EDGE('',*,*,#4576,.F.);
#6614=ORIENTED_EDGE('',*,*,#4577,.T.);
#6615=ORIENTED_EDGE('',*,*,#4543,.T.);
#6616=ORIENTED_EDGE('',*,*,#4547,.T.);
#6617=ORIENTED_EDGE('',*,*,#4578,.F.);
#6618=ORIENTED_EDGE('',*,*,#4579,.F.);
#6619=ORIENTED_EDGE('',*,*,#4580,.T.);
#6620=ORIENTED_EDGE('',*,*,#4555,.F.);
#6621=ORIENTED_EDGE('',*,*,#4581,.T.);
#6622=ORIENTED_EDGE('',*,*,#4582,.T.);
#6623=ORIENTED_EDGE('',*,*,#4581,.F.);
#6624=ORIENTED_EDGE('',*,*,#4554,.F.);
#6625=ORIENTED_EDGE('',*,*,#4583,.T.);
#6626=ORIENTED_EDGE('',*,*,#4584,.T.);
#6627=ORIENTED_EDGE('',*,*,#4583,.F.);
#6628=ORIENTED_EDGE('',*,*,#4567,.F.);
#6629=ORIENTED_EDGE('',*,*,#4585,.F.);
#6630=ORIENTED_EDGE('',*,*,#4569,.F.);
#6631=ORIENTED_EDGE('',*,*,#4539,.F.);
#6632=ORIENTED_EDGE('',*,*,#4586,.F.);
#6633=ORIENTED_EDGE('',*,*,#4563,.T.);
#6634=ORIENTED_EDGE('',*,*,#4550,.F.);
#6635=ORIENTED_EDGE('',*,*,#4587,.F.);
#6636=ORIENTED_EDGE('',*,*,#4588,.F.);
#6637=ORIENTED_EDGE('',*,*,#4587,.T.);
#6638=ORIENTED_EDGE('',*,*,#4549,.F.);
#6639=ORIENTED_EDGE('',*,*,#4589,.F.);
#6640=ORIENTED_EDGE('',*,*,#4590,.F.);
#6641=ORIENTED_EDGE('',*,*,#4589,.T.);
#6642=ORIENTED_EDGE('',*,*,#4548,.F.);
#6643=ORIENTED_EDGE('',*,*,#4580,.F.);
#6644=ORIENTED_EDGE('',*,*,#4591,.F.);
#6645=ORIENTED_EDGE('',*,*,#4578,.T.);
#6646=ORIENTED_EDGE('',*,*,#4546,.F.);
#6647=ORIENTED_EDGE('',*,*,#4592,.F.);
#6648=ORIENTED_EDGE('',*,*,#4593,.F.);
#6649=ORIENTED_EDGE('',*,*,#4592,.T.);
#6650=ORIENTED_EDGE('',*,*,#4545,.F.);
#6651=ORIENTED_EDGE('',*,*,#4594,.F.);
#6652=ORIENTED_EDGE('',*,*,#4595,.F.);
#6653=ORIENTED_EDGE('',*,*,#4594,.T.);
#6654=ORIENTED_EDGE('',*,*,#4544,.F.);
#6655=ORIENTED_EDGE('',*,*,#4577,.F.);
#6656=ORIENTED_EDGE('',*,*,#4566,.F.);
#6657=ORIENTED_EDGE('',*,*,#4568,.T.);
#6658=ORIENTED_EDGE('',*,*,#4561,.F.);
#6659=ORIENTED_EDGE('',*,*,#4564,.T.);
#6660=ORIENTED_EDGE('',*,*,#4586,.T.);
#6661=ORIENTED_EDGE('',*,*,#4588,.T.);
#6662=ORIENTED_EDGE('',*,*,#4590,.T.);
#6663=ORIENTED_EDGE('',*,*,#4579,.T.);
#6664=ORIENTED_EDGE('',*,*,#4591,.T.);
#6665=ORIENTED_EDGE('',*,*,#4593,.T.);
#6666=ORIENTED_EDGE('',*,*,#4595,.T.);
#6667=ORIENTED_EDGE('',*,*,#4576,.T.);
#6668=ORIENTED_EDGE('',*,*,#4574,.F.);
#6669=ORIENTED_EDGE('',*,*,#4572,.F.);
#6670=ORIENTED_EDGE('',*,*,#4570,.F.);
#6671=ORIENTED_EDGE('',*,*,#4585,.T.);
#6672=ORIENTED_EDGE('',*,*,#4584,.F.);
#6673=ORIENTED_EDGE('',*,*,#4582,.F.);
#6674=ORIENTED_EDGE('',*,*,#4596,.T.);
#6675=ORIENTED_EDGE('',*,*,#4597,.T.);
#6676=ORIENTED_EDGE('',*,*,#4556,.F.);
#6677=ORIENTED_EDGE('',*,*,#4598,.T.);
#6678=ORIENTED_EDGE('',*,*,#4557,.F.);
#6679=ORIENTED_EDGE('',*,*,#4597,.F.);
#6680=ORIENTED_EDGE('',*,*,#4599,.T.);
#6681=ORIENTED_EDGE('',*,*,#4600,.F.);
#6682=ORIENTED_EDGE('',*,*,#4601,.T.);
#6683=ORIENTED_EDGE('',*,*,#4598,.F.);
#6684=ORIENTED_EDGE('',*,*,#4559,.F.);
#6685=ORIENTED_EDGE('',*,*,#4602,.T.);
#6686=ORIENTED_EDGE('',*,*,#4603,.T.);
#6687=ORIENTED_EDGE('',*,*,#4602,.F.);
#6688=ORIENTED_EDGE('',*,*,#4558,.F.);
#6689=ORIENTED_EDGE('',*,*,#4600,.T.);
#6690=ORIENTED_EDGE('',*,*,#4596,.F.);
#6691=ORIENTED_EDGE('',*,*,#4601,.F.);
#6692=ORIENTED_EDGE('',*,*,#4603,.F.);
#6693=ORIENTED_EDGE('',*,*,#4599,.F.);
#6694=PLANE('',#7428);
#6695=PLANE('',#7435);
#6696=PLANE('',#7437);
#6697=PLANE('',#7439);
#6698=PLANE('',#7441);
#6699=PLANE('',#7444);
#6700=PLANE('',#7447);
#6701=PLANE('',#7456);
#6702=PLANE('',#7482);
#6703=PLANE('',#7487);
#6704=PLANE('',#7490);
#6705=PLANE('',#7493);
#6706=PLANE('',#7496);
#6707=PLANE('',#7499);
#6708=PLANE('',#7504);
#6709=PLANE('',#7509);
#6710=PLANE('',#7512);
#6711=PLANE('',#7515);
#6712=PLANE('',#7520);
#6713=PLANE('',#7523);
#6714=PLANE('',#7526);
#6715=PLANE('',#7531);
#6716=PLANE('',#7534);
#6717=PLANE('',#7537);
#6718=PLANE('',#7542);
#6719=PLANE('',#7545);
#6720=PLANE('',#7548);
#6721=PLANE('',#7551);
#6722=PLANE('',#7552);
#6723=PLANE('',#7553);
#6724=PLANE('',#7554);
#6725=PLANE('',#7555);
#6726=PLANE('',#7556);
#6727=PLANE('',#7557);
#6728=PLANE('',#7558);
#6729=PLANE('',#7559);
#6730=PLANE('',#7560);
#6731=PLANE('',#7567);
#6732=PLANE('',#7568);
#6733=PLANE('',#7572);
#6734=PLANE('',#7576);
#6735=PLANE('',#7578);
#6736=PLANE('',#7580);
#6737=PLANE('',#7582);
#6738=PLANE('',#7584);
#6739=PLANE('',#7585);
#6740=PLANE('',#7589);
#6741=PLANE('',#7599);
#6742=PLANE('',#7602);
#6743=PLANE('',#7605);
#6744=PLANE('',#7606);
#6745=PLANE('',#7621);
#6746=PLANE('',#7622);
#6747=PLANE('',#7627);
#6748=PLANE('',#7628);
#6749=PLANE('',#7641);
#6750=PLANE('',#7644);
#6751=PLANE('',#7645);
#6752=PLANE('',#7646);
#6753=PLANE('',#7647);
#6754=PLANE('',#7650);
#6755=PLANE('',#7653);
#6756=PLANE('',#7656);
#6757=PLANE('',#7659);
#6758=PLANE('',#7662);
#6759=PLANE('',#7670);
#6760=PLANE('',#7671);
#6761=PLANE('',#7675);
#6762=PLANE('',#7676);
#6763=PLANE('',#7678);
#6764=PLANE('',#7680);
#6765=PLANE('',#7681);
#6766=PLANE('',#7683);
#6767=PLANE('',#7685);
#6768=PLANE('',#7686);
#6769=PLANE('',#7697);
#6770=PLANE('',#7698);
#6771=PLANE('',#7738);
#6772=PLANE('',#7739);
#6773=PLANE('',#7743);
#6774=PLANE('',#7747);
#6775=PLANE('',#7749);
#6776=PLANE('',#7753);
#6777=PLANE('',#7755);
#6778=PLANE('',#7759);
#6779=PLANE('',#7771);
#6780=PLANE('',#7793);
#6781=PLANE('',#7796);
#6782=PLANE('',#7797);
#6783=PLANE('',#7802);
#6784=PLANE('',#7805);
#6785=PLANE('',#7810);
#6786=PLANE('',#7813);
#6787=PLANE('',#7814);
#6788=PLANE('',#7821);
#6789=PLANE('',#7829);
#6790=PLANE('',#7835);
#6791=PLANE('',#7841);
#6792=PLANE('',#7842);
#6793=PLANE('',#7843);
#6794=PLANE('',#7844);
#6795=PLANE('',#7845);
#6796=PLANE('',#7846);
#6797=PLANE('',#7847);
#6798=PLANE('',#7859);
#6799=PLANE('',#7865);
#6800=PLANE('',#7871);
#6801=PLANE('',#7872);
#6802=PLANE('',#7873);
#6803=PLANE('',#7874);
#6804=PLANE('',#7876);
#6805=PLANE('',#7877);
#6806=PLANE('',#7878);
#6807=PLANE('',#7879);
#6808=PLANE('',#7880);
#6809=PLANE('',#7881);
#6810=PLANE('',#7882);
#6811=PLANE('',#7883);
#6812=PLANE('',#7884);
#6813=PLANE('',#7885);
#6814=PLANE('',#7886);
#6815=PLANE('',#7887);
#6816=PLANE('',#7888);
#6817=PLANE('',#7889);
#6818=PLANE('',#7891);
#6819=PLANE('',#7892);
#6820=PLANE('',#7893);
#6821=PLANE('',#7894);
#6822=PLANE('',#7895);
#6823=PLANE('',#7896);
#6824=PLANE('',#7897);
#6825=PLANE('',#7898);
#6826=PLANE('',#7899);
#6827=PLANE('',#7900);
#6828=PLANE('',#7902);
#6829=PLANE('',#7903);
#6830=PLANE('',#7904);
#6831=PLANE('',#7905);
#6832=PLANE('',#7906);
#6833=PLANE('',#7907);
#6834=PLANE('',#7908);
#6835=PLANE('',#7909);
#6836=PLANE('',#7910);
#6837=PLANE('',#7911);
#6838=PLANE('',#7913);
#6839=PLANE('',#7914);
#6840=PLANE('',#7915);
#6841=PLANE('',#7916);
#6842=PLANE('',#7917);
#6843=PLANE('',#7918);
#6844=PLANE('',#7919);
#6845=PLANE('',#7920);
#6846=PLANE('',#7921);
#6847=PLANE('',#7922);
#6848=PLANE('',#7923);
#6849=PLANE('',#7924);
#6850=PLANE('',#7925);
#6851=PLANE('',#7926);
#6852=PLANE('',#7928);
#6853=PLANE('',#7929);
#6854=PLANE('',#7930);
#6855=PLANE('',#7931);
#6856=PLANE('',#7933);
#6857=PLANE('',#7939);
#6858=PLANE('',#7945);
#6859=PLANE('',#7946);
#6860=PLANE('',#7947);
#6861=PLANE('',#7948);
#6862=PLANE('',#7950);
#6863=PLANE('',#7951);
#6864=PLANE('',#7952);
#6865=PLANE('',#7953);
#6866=PLANE('',#7954);
#6867=PLANE('',#7955);
#6868=PLANE('',#7956);
#6869=PLANE('',#7957);
#6870=PLANE('',#7958);
#6871=PLANE('',#7959);
#6872=PLANE('',#7960);
#6873=PLANE('',#7961);
#6874=PLANE('',#7962);
#6875=PLANE('',#7963);
#6876=PLANE('',#7965);
#6877=PLANE('',#7966);
#6878=PLANE('',#7967);
#6879=PLANE('',#7968);
#6880=PLANE('',#7969);
#6881=PLANE('',#7970);
#6882=PLANE('',#7971);
#6883=PLANE('',#7972);
#6884=PLANE('',#7973);
#6885=PLANE('',#7974);
#6886=PLANE('',#7976);
#6887=PLANE('',#7977);
#6888=PLANE('',#7978);
#6889=PLANE('',#7979);
#6890=PLANE('',#7980);
#6891=PLANE('',#7981);
#6892=PLANE('',#7982);
#6893=PLANE('',#7983);
#6894=PLANE('',#7984);
#6895=PLANE('',#7985);
#6896=PLANE('',#7987);
#6897=PLANE('',#7988);
#6898=PLANE('',#7989);
#6899=PLANE('',#7990);
#6900=PLANE('',#7991);
#6901=PLANE('',#7992);
#6902=PLANE('',#7993);
#6903=PLANE('',#7994);
#6904=PLANE('',#7995);
#6905=PLANE('',#7996);
#6906=PLANE('',#7997);
#6907=PLANE('',#7998);
#6908=PLANE('',#7999);
#6909=PLANE('',#8000);
#6910=PLANE('',#8002);
#6911=PLANE('',#8003);
#6912=PLANE('',#8004);
#6913=PLANE('',#8005);
#6914=PLANE('',#8009);
#6915=PLANE('',#8022);
#6916=PLANE('',#8025);
#6917=PLANE('',#8028);
#6918=PLANE('',#8031);
#6919=PLANE('',#8032);
#6920=PLANE('',#8037);
#6921=PLANE('',#8040);
#6922=PLANE('',#8045);
#6923=PLANE('',#8048);
#6924=PLANE('',#8049);
#6925=PLANE('',#8050);
#6926=PLANE('',#8051);
#6927=PLANE('',#8052);
#6928=PLANE('',#8053);
#6929=ADVANCED_FACE('',(#360,#331),#6694,.T.);
#6930=ADVANCED_FACE('',(#361),#211,.F.);
#6931=ADVANCED_FACE('',(#362),#6695,.T.);
#6932=ADVANCED_FACE('',(#363),#6696,.T.);
#6933=ADVANCED_FACE('',(#364),#6697,.T.);
#6934=ADVANCED_FACE('',(#365),#212,.T.);
#6935=ADVANCED_FACE('',(#366),#6698,.T.);
#6936=ADVANCED_FACE('',(#367),#213,.T.);
#6937=ADVANCED_FACE('',(#368,#332),#6699,.F.);
#6938=ADVANCED_FACE('',(#369),#6700,.T.);
#6939=ADVANCED_FACE('',(#370),#214,.T.);
#6940=ADVANCED_FACE('',(#371),#215,.F.);
#6941=ADVANCED_FACE('',(#372),#216,.F.);
#6942=ADVANCED_FACE('',(#373),#217,.T.);
#6943=ADVANCED_FACE('',(#374,#333),#6701,.T.);
#6944=ADVANCED_FACE('',(#375),#6702,.F.);
#6945=ADVANCED_FACE('',(#376),#218,.F.);
#6946=ADVANCED_FACE('',(#377),#219,.F.);
#6947=ADVANCED_FACE('',(#378),#6703,.F.);
#6948=ADVANCED_FACE('',(#379),#220,.T.);
#6949=ADVANCED_FACE('',(#380),#6704,.F.);
#6950=ADVANCED_FACE('',(#381),#221,.T.);
#6951=ADVANCED_FACE('',(#382),#6705,.T.);
#6952=ADVANCED_FACE('',(#383),#222,.F.);
#6953=ADVANCED_FACE('',(#384),#6706,.F.);
#6954=ADVANCED_FACE('',(#385),#223,.T.);
#6955=ADVANCED_FACE('',(#386),#6707,.F.);
#6956=ADVANCED_FACE('',(#387),#224,.F.);
#6957=ADVANCED_FACE('',(#388),#225,.T.);
#6958=ADVANCED_FACE('',(#389),#6708,.F.);
#6959=ADVANCED_FACE('',(#390),#226,.F.);
#6960=ADVANCED_FACE('',(#391),#227,.F.);
#6961=ADVANCED_FACE('',(#392),#6709,.F.);
#6962=ADVANCED_FACE('',(#393),#228,.T.);
#6963=ADVANCED_FACE('',(#394),#6710,.T.);
#6964=ADVANCED_FACE('',(#395),#229,.T.);
#6965=ADVANCED_FACE('',(#396),#6711,.F.);
#6966=ADVANCED_FACE('',(#397),#230,.F.);
#6967=ADVANCED_FACE('',(#398),#231,.F.);
#6968=ADVANCED_FACE('',(#399),#6712,.F.);
#6969=ADVANCED_FACE('',(#400),#232,.T.);
#6970=ADVANCED_FACE('',(#401),#6713,.T.);
#6971=ADVANCED_FACE('',(#402),#233,.T.);
#6972=ADVANCED_FACE('',(#403),#6714,.F.);
#6973=ADVANCED_FACE('',(#404),#234,.F.);
#6974=ADVANCED_FACE('',(#405),#235,.F.);
#6975=ADVANCED_FACE('',(#406),#6715,.F.);
#6976=ADVANCED_FACE('',(#407),#236,.T.);
#6977=ADVANCED_FACE('',(#408),#6716,.T.);
#6978=ADVANCED_FACE('',(#409),#237,.T.);
#6979=ADVANCED_FACE('',(#410),#6717,.F.);
#6980=ADVANCED_FACE('',(#411),#238,.F.);
#6981=ADVANCED_FACE('',(#412),#239,.F.);
#6982=ADVANCED_FACE('',(#413),#6718,.F.);
#6983=ADVANCED_FACE('',(#414),#240,.T.);
#6984=ADVANCED_FACE('',(#415),#6719,.T.);
#6985=ADVANCED_FACE('',(#416),#241,.T.);
#6986=ADVANCED_FACE('',(#417),#6720,.T.);
#6987=ADVANCED_FACE('',(#418),#242,.T.);
#6988=ADVANCED_FACE('',(#419),#6721,.T.);
#6989=ADVANCED_FACE('',(#420),#6722,.F.);
#6990=ADVANCED_FACE('',(#421),#6723,.F.);
#6991=ADVANCED_FACE('',(#422),#6724,.F.);
#6992=ADVANCED_FACE('',(#423),#6725,.F.);
#6993=ADVANCED_FACE('',(#424),#6726,.F.);
#6994=ADVANCED_FACE('',(#425),#6727,.T.);
#6995=ADVANCED_FACE('',(#426),#6728,.T.);
#6996=ADVANCED_FACE('',(#427,#334),#6729,.F.);
#6997=ADVANCED_FACE('',(#428),#6730,.T.);
#6998=ADVANCED_FACE('',(#429),#243,.F.);
#6999=ADVANCED_FACE('',(#430),#244,.T.);
#7000=ADVANCED_FACE('',(#431),#6731,.T.);
#7001=ADVANCED_FACE('',(#432,#335),#6732,.T.);
#7002=ADVANCED_FACE('',(#433),#245,.T.);
#7003=ADVANCED_FACE('',(#434),#6733,.T.);
#7004=ADVANCED_FACE('',(#435),#246,.T.);
#7005=ADVANCED_FACE('',(#436),#6734,.T.);
#7006=ADVANCED_FACE('',(#437),#6735,.T.);
#7007=ADVANCED_FACE('',(#438),#6736,.T.);
#7008=ADVANCED_FACE('',(#439),#247,.F.);
#7009=ADVANCED_FACE('',(#440,#336),#6737,.T.);
#7010=ADVANCED_FACE('',(#441),#6738,.F.);
#7011=ADVANCED_FACE('',(#442),#6739,.T.);
#7012=ADVANCED_FACE('',(#443),#248,.T.);
#7013=ADVANCED_FACE('',(#444),#6740,.T.);
#7014=ADVANCED_FACE('',(#445),#249,.T.);
#7015=ADVANCED_FACE('',(#446),#250,.F.);
#7016=ADVANCED_FACE('',(#447),#251,.T.);
#7017=ADVANCED_FACE('',(#448),#6741,.F.);
#7018=ADVANCED_FACE('',(#449,#337),#6742,.T.);
#7019=ADVANCED_FACE('',(#450),#6743,.F.);
#7020=ADVANCED_FACE('',(#451,#338,#339),#6744,.F.);
#7021=ADVANCED_FACE('',(#452),#6745,.F.);
#7022=ADVANCED_FACE('',(#453),#6746,.T.);
#7023=ADVANCED_FACE('',(#454),#252,.F.);
#7024=ADVANCED_FACE('',(#455),#253,.T.);
#7025=ADVANCED_FACE('',(#456,#340),#6747,.F.);
#7026=ADVANCED_FACE('',(#457),#6748,.F.);
#7027=ADVANCED_FACE('',(#458),#254,.T.);
#7028=ADVANCED_FACE('',(#459),#255,.F.);
#7029=ADVANCED_FACE('',(#460),#256,.T.);
#7030=ADVANCED_FACE('',(#461),#257,.T.);
#7031=ADVANCED_FACE('',(#462),#258,.F.);
#7032=ADVANCED_FACE('',(#463),#259,.F.);
#7033=ADVANCED_FACE('',(#464),#6749,.T.);
#7034=ADVANCED_FACE('',(#465),#260,.T.);
#7035=ADVANCED_FACE('',(#466),#6750,.T.);
#7036=ADVANCED_FACE('',(#467),#6751,.T.);
#7037=ADVANCED_FACE('',(#468),#6752,.F.);
#7038=ADVANCED_FACE('',(#469),#6753,.T.);
#7039=ADVANCED_FACE('',(#470),#261,.T.);
#7040=ADVANCED_FACE('',(#471),#6754,.T.);
#7041=ADVANCED_FACE('',(#472),#262,.T.);
#7042=ADVANCED_FACE('',(#473),#6755,.T.);
#7043=ADVANCED_FACE('',(#474),#263,.T.);
#7044=ADVANCED_FACE('',(#475),#6756,.F.);
#7045=ADVANCED_FACE('',(#476),#264,.F.);
#7046=ADVANCED_FACE('',(#477),#6757,.F.);
#7047=ADVANCED_FACE('',(#478),#265,.F.);
#7048=ADVANCED_FACE('',(#479,#341,#342),#6758,.T.);
#7049=ADVANCED_FACE('',(#480),#266,.F.);
#7050=ADVANCED_FACE('',(#481,#343),#6759,.F.);
#7051=ADVANCED_FACE('',(#482),#6760,.T.);
#7052=ADVANCED_FACE('',(#483),#267,.T.);
#7053=ADVANCED_FACE('',(#484),#6761,.F.);
#7054=ADVANCED_FACE('',(#485),#6762,.T.);
#7055=ADVANCED_FACE('',(#486),#268,.F.);
#7056=ADVANCED_FACE('',(#487),#6763,.T.);
#7057=ADVANCED_FACE('',(#488),#269,.F.);
#7058=ADVANCED_FACE('',(#489),#6764,.T.);
#7059=ADVANCED_FACE('',(#490),#6765,.T.);
#7060=ADVANCED_FACE('',(#491),#270,.T.);
#7061=ADVANCED_FACE('',(#492),#6766,.F.);
#7062=ADVANCED_FACE('',(#493),#271,.T.);
#7063=ADVANCED_FACE('',(#494),#6767,.T.);
#7064=ADVANCED_FACE('',(#495,#344),#6768,.T.);
#7065=ADVANCED_FACE('',(#496),#272,.F.);
#7066=ADVANCED_FACE('',(#497),#273,.T.);
#7067=ADVANCED_FACE('',(#498,#345),#6769,.F.);
#7068=ADVANCED_FACE('',(#499,#346),#6770,.T.);
#7069=ADVANCED_FACE('',(#500),#274,.T.);
#7070=ADVANCED_FACE('',(#501),#275,.T.);
#7071=ADVANCED_FACE('',(#502),#276,.T.);
#7072=ADVANCED_FACE('',(#503),#277,.T.);
#7073=ADVANCED_FACE('',(#504),#43,.F.);
#7074=ADVANCED_FACE('',(#505),#44,.T.);
#7075=ADVANCED_FACE('',(#506),#278,.T.);
#7076=ADVANCED_FACE('',(#507),#279,.F.);
#7077=ADVANCED_FACE('',(#508),#45,.T.);
#7078=ADVANCED_FACE('',(#509),#46,.F.);
#7079=ADVANCED_FACE('',(#510),#280,.F.);
#7080=ADVANCED_FACE('',(#511),#281,.F.);
#7081=ADVANCED_FACE('',(#512),#282,.F.);
#7082=ADVANCED_FACE('',(#513),#283,.F.);
#7083=ADVANCED_FACE('',(#514),#6771,.F.);
#7084=ADVANCED_FACE('',(#515),#6772,.F.);
#7085=ADVANCED_FACE('',(#516),#284,.F.);
#7086=ADVANCED_FACE('',(#517),#285,.F.);
#7087=ADVANCED_FACE('',(#518),#286,.T.);
#7088=ADVANCED_FACE('',(#519),#6773,.F.);
#7089=ADVANCED_FACE('',(#520),#287,.F.);
#7090=ADVANCED_FACE('',(#521),#288,.F.);
#7091=ADVANCED_FACE('',(#522),#289,.F.);
#7092=ADVANCED_FACE('',(#523),#6774,.F.);
#7093=ADVANCED_FACE('',(#524),#290,.T.);
#7094=ADVANCED_FACE('',(#525),#6775,.F.);
#7095=ADVANCED_FACE('',(#526),#291,.F.);
#7096=ADVANCED_FACE('',(#527),#292,.F.);
#7097=ADVANCED_FACE('',(#528),#293,.F.);
#7098=ADVANCED_FACE('',(#529),#6776,.F.);
#7099=ADVANCED_FACE('',(#530),#294,.T.);
#7100=ADVANCED_FACE('',(#531),#6777,.F.);
#7101=ADVANCED_FACE('',(#532),#295,.F.);
#7102=ADVANCED_FACE('',(#533),#296,.F.);
#7103=ADVANCED_FACE('',(#534),#297,.F.);
#7104=ADVANCED_FACE('',(#535),#6778,.F.);
#7105=ADVANCED_FACE('',(#536),#298,.T.);
#7106=ADVANCED_FACE('',(#537),#18,.T.);
#7107=ADVANCED_FACE('',(#538),#47,.T.);
#7108=ADVANCED_FACE('',(#539),#299,.T.);
#7109=ADVANCED_FACE('',(#540),#19,.T.);
#7110=ADVANCED_FACE('',(#541),#6779,.T.);
#7111=ADVANCED_FACE('',(#542),#300,.T.);
#7112=ADVANCED_FACE('',(#543),#301,.T.);
#7113=ADVANCED_FACE('',(#544),#48,.F.);
#7114=ADVANCED_FACE('',(#545),#16,.T.);
#7115=ADVANCED_FACE('',(#546),#49,.F.);
#7116=ADVANCED_FACE('',(#547),#302,.F.);
#7117=ADVANCED_FACE('',(#548),#17,.T.);
#7118=ADVANCED_FACE('',(#549),#6780,.T.);
#7119=ADVANCED_FACE('',(#550),#50,.F.);
#7120=ADVANCED_FACE('',(#551,#347),#6781,.T.);
#7121=ADVANCED_FACE('',(#552),#6782,.T.);
#7122=ADVANCED_FACE('',(#553),#303,.T.);
#7123=ADVANCED_FACE('',(#554),#304,.T.);
#7124=ADVANCED_FACE('',(#555),#6783,.T.);
#7125=ADVANCED_FACE('',(#556),#305,.F.);
#7126=ADVANCED_FACE('',(#557),#6784,.T.);
#7127=ADVANCED_FACE('',(#558),#306,.T.);
#7128=ADVANCED_FACE('',(#559),#307,.T.);
#7129=ADVANCED_FACE('',(#560),#6785,.T.);
#7130=ADVANCED_FACE('',(#561),#308,.F.);
#7131=ADVANCED_FACE('',(#562),#6786,.T.);
#7132=ADVANCED_FACE('',(#563),#6787,.F.);
#7133=ADVANCED_FACE('',(#564),#51,.T.);
#7134=ADVANCED_FACE('',(#565),#309,.T.);
#7135=ADVANCED_FACE('',(#566),#6788,.T.);
#7136=ADVANCED_FACE('',(#567),#52,.F.);
#7137=ADVANCED_FACE('',(#568),#310,.T.);
#7138=ADVANCED_FACE('',(#569,#348),#20,.T.);
#7139=ADVANCED_FACE('',(#570,#349),#6789,.F.);
#7140=ADVANCED_FACE('',(#571,#350),#6790,.F.);
#7141=ADVANCED_FACE('',(#572),#53,.F.);
#7142=ADVANCED_FACE('',(#573),#54,.F.);
#7143=ADVANCED_FACE('',(#574),#55,.F.);
#7144=ADVANCED_FACE('',(#575),#56,.F.);
#7145=ADVANCED_FACE('',(#576),#57,.F.);
#7146=ADVANCED_FACE('',(#577),#6791,.T.);
#7147=ADVANCED_FACE('',(#578),#6792,.F.);
#7148=ADVANCED_FACE('',(#579),#6793,.F.);
#7149=ADVANCED_FACE('',(#580),#6794,.F.);
#7150=ADVANCED_FACE('',(#581),#6795,.F.);
#7151=ADVANCED_FACE('',(#582),#6796,.F.);
#7152=ADVANCED_FACE('',(#583),#6797,.F.);
#7153=ADVANCED_FACE('',(#584,#351),#6798,.T.);
#7154=ADVANCED_FACE('',(#585,#352),#6799,.T.);
#7155=ADVANCED_FACE('',(#586),#6800,.T.);
#7156=ADVANCED_FACE('',(#587),#6801,.T.);
#7157=ADVANCED_FACE('',(#588),#6802,.T.);
#7158=ADVANCED_FACE('',(#589),#6803,.T.);
#7159=ADVANCED_FACE('',(#590),#311,.T.);
#7160=ADVANCED_FACE('',(#591),#6804,.T.);
#7161=ADVANCED_FACE('',(#592),#6805,.T.);
#7162=ADVANCED_FACE('',(#593),#6806,.T.);
#7163=ADVANCED_FACE('',(#594),#6807,.T.);
#7164=ADVANCED_FACE('',(#595),#6808,.T.);
#7165=ADVANCED_FACE('',(#596),#6809,.T.);
#7166=ADVANCED_FACE('',(#597),#6810,.T.);
#7167=ADVANCED_FACE('',(#598),#6811,.T.);
#7168=ADVANCED_FACE('',(#599),#6812,.T.);
#7169=ADVANCED_FACE('',(#600),#6813,.T.);
#7170=ADVANCED_FACE('',(#601),#6814,.T.);
#7171=ADVANCED_FACE('',(#602),#6815,.T.);
#7172=ADVANCED_FACE('',(#603),#6816,.T.);
#7173=ADVANCED_FACE('',(#604),#6817,.T.);
#7174=ADVANCED_FACE('',(#605),#312,.T.);
#7175=ADVANCED_FACE('',(#606),#6818,.T.);
#7176=ADVANCED_FACE('',(#607),#6819,.T.);
#7177=ADVANCED_FACE('',(#608),#6820,.T.);
#7178=ADVANCED_FACE('',(#609),#6821,.T.);
#7179=ADVANCED_FACE('',(#610),#6822,.T.);
#7180=ADVANCED_FACE('',(#611),#6823,.T.);
#7181=ADVANCED_FACE('',(#612),#6824,.T.);
#7182=ADVANCED_FACE('',(#613),#6825,.T.);
#7183=ADVANCED_FACE('',(#614),#6826,.T.);
#7184=ADVANCED_FACE('',(#615),#6827,.T.);
#7185=ADVANCED_FACE('',(#616),#313,.F.);
#7186=ADVANCED_FACE('',(#617),#6828,.T.);
#7187=ADVANCED_FACE('',(#618),#6829,.T.);
#7188=ADVANCED_FACE('',(#619),#6830,.T.);
#7189=ADVANCED_FACE('',(#620),#6831,.T.);
#7190=ADVANCED_FACE('',(#621),#6832,.T.);
#7191=ADVANCED_FACE('',(#622),#6833,.T.);
#7192=ADVANCED_FACE('',(#623),#6834,.T.);
#7193=ADVANCED_FACE('',(#624),#6835,.T.);
#7194=ADVANCED_FACE('',(#625),#6836,.T.);
#7195=ADVANCED_FACE('',(#626),#6837,.T.);
#7196=ADVANCED_FACE('',(#627),#314,.T.);
#7197=ADVANCED_FACE('',(#628),#6838,.T.);
#7198=ADVANCED_FACE('',(#629),#6839,.T.);
#7199=ADVANCED_FACE('',(#630),#6840,.T.);
#7200=ADVANCED_FACE('',(#631),#6841,.T.);
#7201=ADVANCED_FACE('',(#632),#6842,.T.);
#7202=ADVANCED_FACE('',(#633),#6843,.T.);
#7203=ADVANCED_FACE('',(#634),#6844,.T.);
#7204=ADVANCED_FACE('',(#635),#6845,.T.);
#7205=ADVANCED_FACE('',(#636),#6846,.T.);
#7206=ADVANCED_FACE('',(#637),#6847,.T.);
#7207=ADVANCED_FACE('',(#638),#6848,.T.);
#7208=ADVANCED_FACE('',(#639),#6849,.T.);
#7209=ADVANCED_FACE('',(#640),#6850,.T.);
#7210=ADVANCED_FACE('',(#641),#6851,.T.);
#7211=ADVANCED_FACE('',(#642),#315,.T.);
#7212=ADVANCED_FACE('',(#643),#6852,.T.);
#7213=ADVANCED_FACE('',(#644),#6853,.T.);
#7214=ADVANCED_FACE('',(#645),#6854,.T.);
#7215=ADVANCED_FACE('',(#646),#6855,.T.);
#7216=ADVANCED_FACE('',(#647,#353),#6856,.T.);
#7217=ADVANCED_FACE('',(#648,#354),#6857,.T.);
#7218=ADVANCED_FACE('',(#649),#6858,.T.);
#7219=ADVANCED_FACE('',(#650),#6859,.T.);
#7220=ADVANCED_FACE('',(#651),#6860,.T.);
#7221=ADVANCED_FACE('',(#652),#6861,.T.);
#7222=ADVANCED_FACE('',(#653),#316,.T.);
#7223=ADVANCED_FACE('',(#654),#6862,.T.);
#7224=ADVANCED_FACE('',(#655),#6863,.T.);
#7225=ADVANCED_FACE('',(#656),#6864,.T.);
#7226=ADVANCED_FACE('',(#657),#6865,.T.);
#7227=ADVANCED_FACE('',(#658),#6866,.T.);
#7228=ADVANCED_FACE('',(#659),#6867,.T.);
#7229=ADVANCED_FACE('',(#660),#6868,.T.);
#7230=ADVANCED_FACE('',(#661),#6869,.T.);
#7231=ADVANCED_FACE('',(#662),#6870,.T.);
#7232=ADVANCED_FACE('',(#663),#6871,.T.);
#7233=ADVANCED_FACE('',(#664),#6872,.T.);
#7234=ADVANCED_FACE('',(#665),#6873,.T.);
#7235=ADVANCED_FACE('',(#666),#6874,.T.);
#7236=ADVANCED_FACE('',(#667),#6875,.T.);
#7237=ADVANCED_FACE('',(#668),#317,.T.);
#7238=ADVANCED_FACE('',(#669),#6876,.T.);
#7239=ADVANCED_FACE('',(#670),#6877,.T.);
#7240=ADVANCED_FACE('',(#671),#6878,.T.);
#7241=ADVANCED_FACE('',(#672),#6879,.T.);
#7242=ADVANCED_FACE('',(#673),#6880,.T.);
#7243=ADVANCED_FACE('',(#674),#6881,.T.);
#7244=ADVANCED_FACE('',(#675),#6882,.T.);
#7245=ADVANCED_FACE('',(#676),#6883,.T.);
#7246=ADVANCED_FACE('',(#677),#6884,.T.);
#7247=ADVANCED_FACE('',(#678),#6885,.T.);
#7248=ADVANCED_FACE('',(#679),#318,.F.);
#7249=ADVANCED_FACE('',(#680),#6886,.T.);
#7250=ADVANCED_FACE('',(#681),#6887,.T.);
#7251=ADVANCED_FACE('',(#682),#6888,.T.);
#7252=ADVANCED_FACE('',(#683),#6889,.T.);
#7253=ADVANCED_FACE('',(#684),#6890,.T.);
#7254=ADVANCED_FACE('',(#685),#6891,.T.);
#7255=ADVANCED_FACE('',(#686),#6892,.T.);
#7256=ADVANCED_FACE('',(#687),#6893,.T.);
#7257=ADVANCED_FACE('',(#688),#6894,.T.);
#7258=ADVANCED_FACE('',(#689),#6895,.T.);
#7259=ADVANCED_FACE('',(#690),#319,.T.);
#7260=ADVANCED_FACE('',(#691),#6896,.T.);
#7261=ADVANCED_FACE('',(#692),#6897,.T.);
#7262=ADVANCED_FACE('',(#693),#6898,.T.);
#7263=ADVANCED_FACE('',(#694),#6899,.T.);
#7264=ADVANCED_FACE('',(#695),#6900,.T.);
#7265=ADVANCED_FACE('',(#696),#6901,.T.);
#7266=ADVANCED_FACE('',(#697),#6902,.T.);
#7267=ADVANCED_FACE('',(#698),#6903,.T.);
#7268=ADVANCED_FACE('',(#699),#6904,.T.);
#7269=ADVANCED_FACE('',(#700),#6905,.T.);
#7270=ADVANCED_FACE('',(#701),#6906,.T.);
#7271=ADVANCED_FACE('',(#702),#6907,.T.);
#7272=ADVANCED_FACE('',(#703),#6908,.T.);
#7273=ADVANCED_FACE('',(#704),#6909,.T.);
#7274=ADVANCED_FACE('',(#705),#320,.T.);
#7275=ADVANCED_FACE('',(#706),#6910,.T.);
#7276=ADVANCED_FACE('',(#707),#6911,.T.);
#7277=ADVANCED_FACE('',(#708),#6912,.T.);
#7278=ADVANCED_FACE('',(#709),#6913,.T.);
#7279=ADVANCED_FACE('',(#710,#355,#356,#357),#6914,.F.);
#7280=ADVANCED_FACE('',(#711),#321,.F.);
#7281=ADVANCED_FACE('',(#712),#6915,.T.);
#7282=ADVANCED_FACE('',(#713),#322,.T.);
#7283=ADVANCED_FACE('',(#714),#6916,.T.);
#7284=ADVANCED_FACE('',(#715),#323,.T.);
#7285=ADVANCED_FACE('',(#716),#6917,.T.);
#7286=ADVANCED_FACE('',(#717),#324,.F.);
#7287=ADVANCED_FACE('',(#718),#6918,.T.);
#7288=ADVANCED_FACE('',(#719),#6919,.T.);
#7289=ADVANCED_FACE('',(#720),#325,.F.);
#7290=ADVANCED_FACE('',(#721),#326,.F.);
#7291=ADVANCED_FACE('',(#722),#6920,.T.);
#7292=ADVANCED_FACE('',(#723),#327,.T.);
#7293=ADVANCED_FACE('',(#724),#6921,.T.);
#7294=ADVANCED_FACE('',(#725),#328,.T.);
#7295=ADVANCED_FACE('',(#726),#329,.T.);
#7296=ADVANCED_FACE('',(#727),#6922,.T.);
#7297=ADVANCED_FACE('',(#728),#330,.T.);
#7298=ADVANCED_FACE('',(#729,#358,#359),#6923,.T.);
#7299=ADVANCED_FACE('',(#730),#6924,.T.);
#7300=ADVANCED_FACE('',(#731),#6925,.T.);
#7301=ADVANCED_FACE('',(#732),#6926,.T.);
#7302=ADVANCED_FACE('',(#733),#6927,.T.);
#7303=ADVANCED_FACE('',(#734),#6928,.T.);
#7304=CLOSED_SHELL('',(#6929,#6930,#6931,#6932,#6933,#6934,#6935,#6936,
#6937,#6938,#6939,#6940,#6941,#6942,#6943,#6944,#6945,#6946,#6947,#6948,
#6949,#6950,#6951,#6952,#6953,#6954,#6955,#6956,#6957,#6958,#6959,#6960,
#6961,#6962,#6963,#6964,#6965,#6966,#6967,#6968,#6969,#6970,#6971,#6972,
#6973,#6974,#6975,#6976,#6977,#6978,#6979,#6980,#6981,#6982,#6983,#6984,
#6985,#6986,#6987,#6988,#6989,#6990,#6991,#6992,#6993,#6994,#6995,#6996,
#6997,#6998,#6999,#7000,#7001,#7002,#7003,#7004,#7005,#7006,#7007,#7008,
#7009));
#7305=CLOSED_SHELL('',(#7010,#7011,#7012,#7013,#7014,#7015,#7016,#7017,
#7018,#7019,#7020,#7021,#7022,#7023,#7024,#7025,#7026,#7027,#7028,#7029,
#7030,#7031,#7032,#7033,#7034,#7035,#7036,#7037,#7038,#7039,#7040,#7041,
#7042,#7043,#7044,#7045,#7046,#7047,#7048,#7049,#7050,#7051,#7052,#7053,
#7054,#7055,#7056,#7057,#7058,#7059,#7060,#7061,#7062,#7063,#7064));
#7306=CLOSED_SHELL('',(#7065,#7066,#7067,#7068));
#7307=CLOSED_SHELL('',(#7069,#7070,#7071,#7072,#7073,#7074,#7075,#7076,
#7077,#7078,#7079,#7080,#7081,#7082,#7083,#7084,#7085,#7086,#7087,#7088,
#7089,#7090,#7091,#7092,#7093,#7094,#7095,#7096,#7097,#7098,#7099,#7100,
#7101,#7102,#7103,#7104,#7105));
#7308=CLOSED_SHELL('',(#7106,#7107,#7108,#7109));
#7309=CLOSED_SHELL('',(#7110,#7111,#7112,#7113,#7114,#7115,#7116,#7117,
#7118,#7119,#7120,#7121,#7122,#7123,#7124,#7125,#7126,#7127,#7128,#7129,
#7130,#7131,#7132));
#7310=CLOSED_SHELL('',(#7133,#7134,#7135,#7136,#7137,#7138,#7139,#7140,
#7141,#7142,#7143,#7144,#7145,#7146,#7147,#7148,#7149,#7150,#7151,#7152));
#7311=CLOSED_SHELL('',(#7153,#7154,#7155,#7156,#7157,#7158,#7159,#7160,
#7161,#7162,#7163,#7164,#7165,#7166,#7167,#7168,#7169,#7170,#7171,#7172,
#7173,#7174,#7175,#7176,#7177,#7178,#7179,#7180,#7181,#7182,#7183,#7184,
#7185,#7186,#7187,#7188,#7189,#7190,#7191,#7192,#7193,#7194,#7195,#7196,
#7197,#7198,#7199,#7200,#7201,#7202,#7203,#7204,#7205,#7206,#7207,#7208,
#7209,#7210,#7211,#7212,#7213,#7214,#7215));
#7312=CLOSED_SHELL('',(#7216,#7217,#7218,#7219,#7220,#7221,#7222,#7223,
#7224,#7225,#7226,#7227,#7228,#7229,#7230,#7231,#7232,#7233,#7234,#7235,
#7236,#7237,#7238,#7239,#7240,#7241,#7242,#7243,#7244,#7245,#7246,#7247,
#7248,#7249,#7250,#7251,#7252,#7253,#7254,#7255,#7256,#7257,#7258,#7259,
#7260,#7261,#7262,#7263,#7264,#7265,#7266,#7267,#7268,#7269,#7270,#7271,
#7272,#7273,#7274,#7275,#7276,#7277,#7278));
#7313=CLOSED_SHELL('',(#7279,#7280,#7281,#7282,#7283,#7284,#7285,#7286,
#7287,#7288,#7289,#7290,#7291,#7292,#7293,#7294,#7295,#7296,#7297,#7298,
#7299,#7300,#7301,#7302,#7303));
#7314=DERIVED_UNIT_ELEMENT(#7334,1.);
#7315=DERIVED_UNIT_ELEMENT(#12917,-3.);
#7316=DERIVED_UNIT_ELEMENT(#7334,1.);
#7317=DERIVED_UNIT_ELEMENT(#12917,-3.);
#7318=DERIVED_UNIT_ELEMENT(#7334,1.);
#7319=DERIVED_UNIT_ELEMENT(#12917,-3.);
#7320=DERIVED_UNIT_ELEMENT(#7334,1.);
#7321=DERIVED_UNIT_ELEMENT(#12917,-3.);
#7322=DERIVED_UNIT_ELEMENT(#7334,1.);
#7323=DERIVED_UNIT_ELEMENT(#12917,-3.);
#7324=DERIVED_UNIT_ELEMENT(#7334,1.);
#7325=DERIVED_UNIT_ELEMENT(#12917,-3.);
#7326=DERIVED_UNIT_ELEMENT(#7334,1.);
#7327=DERIVED_UNIT_ELEMENT(#12917,-3.);
#7328=DERIVED_UNIT_ELEMENT(#7334,1.);
#7329=DERIVED_UNIT_ELEMENT(#12917,-3.);
#7330=DERIVED_UNIT_ELEMENT(#7334,1.);
#7331=DERIVED_UNIT_ELEMENT(#12917,-3.);
#7332=DERIVED_UNIT_ELEMENT(#7334,1.);
#7333=DERIVED_UNIT_ELEMENT(#12917,-3.);
#7334=(
MASS_UNIT()
NAMED_UNIT(*)
SI_UNIT(.KILO.,.GRAM.)
);
#7335=DERIVED_UNIT((#7314,#7315));
#7336=DERIVED_UNIT((#7316,#7317));
#7337=DERIVED_UNIT((#7318,#7319));
#7338=DERIVED_UNIT((#7320,#7321));
#7339=DERIVED_UNIT((#7322,#7323));
#7340=DERIVED_UNIT((#7324,#7325));
#7341=DERIVED_UNIT((#7326,#7327));
#7342=DERIVED_UNIT((#7328,#7329));
#7343=DERIVED_UNIT((#7330,#7331));
#7344=DERIVED_UNIT((#7332,#7333));
#7345=MEASURE_REPRESENTATION_ITEM('density measure',
POSITIVE_RATIO_MEASURE(7850.),#7335);
#7346=MEASURE_REPRESENTATION_ITEM('density measure',
POSITIVE_RATIO_MEASURE(7850.),#7336);
#7347=MEASURE_REPRESENTATION_ITEM('density measure',
POSITIVE_RATIO_MEASURE(7850.),#7337);
#7348=MEASURE_REPRESENTATION_ITEM('density measure',
POSITIVE_RATIO_MEASURE(7850.),#7338);
#7349=MEASURE_REPRESENTATION_ITEM('density measure',
POSITIVE_RATIO_MEASURE(7850.),#7339);
#7350=MEASURE_REPRESENTATION_ITEM('density measure',
POSITIVE_RATIO_MEASURE(7850.),#7340);
#7351=MEASURE_REPRESENTATION_ITEM('density measure',
POSITIVE_RATIO_MEASURE(7850.),#7341);
#7352=MEASURE_REPRESENTATION_ITEM('density measure',
POSITIVE_RATIO_MEASURE(2700.),#7342);
#7353=MEASURE_REPRESENTATION_ITEM('density measure',
POSITIVE_RATIO_MEASURE(2700.),#7343);
#7354=MEASURE_REPRESENTATION_ITEM('density measure',
POSITIVE_RATIO_MEASURE(7850.),#7344);
#7355=PROPERTY_DEFINITION_REPRESENTATION(#7405,#7375);
#7356=PROPERTY_DEFINITION_REPRESENTATION(#7406,#7376);
#7357=PROPERTY_DEFINITION_REPRESENTATION(#7407,#7377);
#7358=PROPERTY_DEFINITION_REPRESENTATION(#7408,#7378);
#7359=PROPERTY_DEFINITION_REPRESENTATION(#7409,#7379);
#7360=PROPERTY_DEFINITION_REPRESENTATION(#7410,#7380);
#7361=PROPERTY_DEFINITION_REPRESENTATION(#7411,#7381);
#7362=PROPERTY_DEFINITION_REPRESENTATION(#7412,#7382);
#7363=PROPERTY_DEFINITION_REPRESENTATION(#7413,#7383);
#7364=PROPERTY_DEFINITION_REPRESENTATION(#7414,#7384);
#7365=PROPERTY_DEFINITION_REPRESENTATION(#7415,#7385);
#7366=PROPERTY_DEFINITION_REPRESENTATION(#7416,#7386);
#7367=PROPERTY_DEFINITION_REPRESENTATION(#7417,#7387);
#7368=PROPERTY_DEFINITION_REPRESENTATION(#7418,#7388);
#7369=PROPERTY_DEFINITION_REPRESENTATION(#7419,#7389);
#7370=PROPERTY_DEFINITION_REPRESENTATION(#7420,#7390);
#7371=PROPERTY_DEFINITION_REPRESENTATION(#7421,#7391);
#7372=PROPERTY_DEFINITION_REPRESENTATION(#7422,#7392);
#7373=PROPERTY_DEFINITION_REPRESENTATION(#7423,#7393);
#7374=PROPERTY_DEFINITION_REPRESENTATION(#7424,#7394);
#7375=REPRESENTATION('material name',(#7395),#12903);
#7376=REPRESENTATION('density',(#7345),#12903);
#7377=REPRESENTATION('material name',(#7396),#12904);
#7378=REPRESENTATION('density',(#7346),#12904);
#7379=REPRESENTATION('material name',(#7397),#12906);
#7380=REPRESENTATION('density',(#7347),#12906);
#7381=REPRESENTATION('material name',(#7398),#12907);
#7382=REPRESENTATION('density',(#7348),#12907);
#7383=REPRESENTATION('material name',(#7399),#12908);
#7384=REPRESENTATION('density',(#7349),#12908);
#7385=REPRESENTATION('material name',(#7400),#12909);
#7386=REPRESENTATION('density',(#7350),#12909);
#7387=REPRESENTATION('material name',(#7401),#12910);
#7388=REPRESENTATION('density',(#7351),#12910);
#7389=REPRESENTATION('material name',(#7402),#12912);
#7390=REPRESENTATION('density',(#7352),#12912);
#7391=REPRESENTATION('material name',(#7403),#12913);
#7392=REPRESENTATION('density',(#7353),#12913);
#7393=REPRESENTATION('material name',(#7404),#12914);
#7394=REPRESENTATION('density',(#7354),#12914);
#7395=DESCRIPTIVE_REPRESENTATION_ITEM('Steel','Steel');
#7396=DESCRIPTIVE_REPRESENTATION_ITEM('Steel','Steel');
#7397=DESCRIPTIVE_REPRESENTATION_ITEM('Steel','Steel');
#7398=DESCRIPTIVE_REPRESENTATION_ITEM('Steel','Steel');
#7399=DESCRIPTIVE_REPRESENTATION_ITEM('Steel','Steel');
#7400=DESCRIPTIVE_REPRESENTATION_ITEM('Steel','Steel');
#7401=DESCRIPTIVE_REPRESENTATION_ITEM('Steel','Steel');
#7402=DESCRIPTIVE_REPRESENTATION_ITEM('Aluminum','Aluminum');
#7403=DESCRIPTIVE_REPRESENTATION_ITEM('Aluminum','Aluminum');
#7404=DESCRIPTIVE_REPRESENTATION_ITEM('Steel','Steel');
#7405=PROPERTY_DEFINITION('material property','material name',#12982);
#7406=PROPERTY_DEFINITION('material property','density of part',#12982);
#7407=PROPERTY_DEFINITION('material property','material name',#12983);
#7408=PROPERTY_DEFINITION('material property','density of part',#12983);
#7409=PROPERTY_DEFINITION('material property','material name',#12985);
#7410=PROPERTY_DEFINITION('material property','density of part',#12985);
#7411=PROPERTY_DEFINITION('material property','material name',#12986);
#7412=PROPERTY_DEFINITION('material property','density of part',#12986);
#7413=PROPERTY_DEFINITION('material property','material name',#12987);
#7414=PROPERTY_DEFINITION('material property','density of part',#12987);
#7415=PROPERTY_DEFINITION('material property','material name',#12988);
#7416=PROPERTY_DEFINITION('material property','density of part',#12988);
#7417=PROPERTY_DEFINITION('material property','material name',#12989);
#7418=PROPERTY_DEFINITION('material property','density of part',#12989);
#7419=PROPERTY_DEFINITION('material property','material name',#12991);
#7420=PROPERTY_DEFINITION('material property','density of part',#12991);
#7421=PROPERTY_DEFINITION('material property','material name',#12992);
#7422=PROPERTY_DEFINITION('material property','density of part',#12992);
#7423=PROPERTY_DEFINITION('material property','material name',#12993);
#7424=PROPERTY_DEFINITION('material property','density of part',#12993);
#7425=AXIS2_PLACEMENT_3D('',#10077,#8059,#8060);
#7426=AXIS2_PLACEMENT_3D('',#10078,#8061,#8062);
#7427=AXIS2_PLACEMENT_3D('',#10079,#8063,#8064);
#7428=AXIS2_PLACEMENT_3D('',#10080,#8065,#8066);
#7429=AXIS2_PLACEMENT_3D('',#10083,#8067,#8068);
#7430=AXIS2_PLACEMENT_3D('',#10087,#8070,#8071);
#7431=AXIS2_PLACEMENT_3D('',#10094,#8075,#8076);
#7432=AXIS2_PLACEMENT_3D('',#10095,#8077,#8078);
#7433=AXIS2_PLACEMENT_3D('',#10100,#8080,#8081);
#7434=AXIS2_PLACEMENT_3D('',#10103,#8083,#8084);
#7435=AXIS2_PLACEMENT_3D('',#10104,#8085,#8086);
#7436=AXIS2_PLACEMENT_3D('',#10107,#8088,#8089);
#7437=AXIS2_PLACEMENT_3D('',#10109,#8091,#8092);
#7438=AXIS2_PLACEMENT_3D('',#10113,#8095,#8096);
#7439=AXIS2_PLACEMENT_3D('',#10114,#8097,#8098);
#7440=AXIS2_PLACEMENT_3D('',#10118,#8101,#8102);
#7441=AXIS2_PLACEMENT_3D('',#10120,#8104,#8105);
#7442=AXIS2_PLACEMENT_3D('',#10124,#8108,#8109);
#7443=AXIS2_PLACEMENT_3D('',#10127,#8111,#8112);
#7444=AXIS2_PLACEMENT_3D('',#10128,#8113,#8114);
#7445=AXIS2_PLACEMENT_3D('',#10130,#8115,#8116);
#7446=AXIS2_PLACEMENT_3D('',#10133,#8118,#8119);
#7447=AXIS2_PLACEMENT_3D('',#10134,#8120,#8121);
#7448=AXIS2_PLACEMENT_3D('',#10136,#8123,#8124);
#7449=AXIS2_PLACEMENT_3D('',#10137,#8125,#8126);
#7450=AXIS2_PLACEMENT_3D('',#10139,#8128,#8129);
#7451=AXIS2_PLACEMENT_3D('',#10141,#8130,#8131);
#7452=AXIS2_PLACEMENT_3D('',#10144,#8133,#8134);
#7453=AXIS2_PLACEMENT_3D('',#10145,#8135,#8136);
#7454=AXIS2_PLACEMENT_3D('',#10148,#8137,#8138);
#7455=AXIS2_PLACEMENT_3D('',#10152,#8140,#8141);
#7456=AXIS2_PLACEMENT_3D('',#10154,#8143,#8144);
#7457=AXIS2_PLACEMENT_3D('',#10162,#8148,#8149);
#7458=AXIS2_PLACEMENT_3D('',#10166,#8151,#8152);
#7459=AXIS2_PLACEMENT_3D('',#10170,#8154,#8155);
#7460=AXIS2_PLACEMENT_3D('',#10174,#8157,#8158);
#7461=AXIS2_PLACEMENT_3D('',#10178,#8160,#8161);
#7462=AXIS2_PLACEMENT_3D('',#10182,#8163,#8164);
#7463=AXIS2_PLACEMENT_3D('',#10186,#8166,#8167);
#7464=AXIS2_PLACEMENT_3D('',#10190,#8169,#8170);
#7465=AXIS2_PLACEMENT_3D('',#10194,#8172,#8173);
#7466=AXIS2_PLACEMENT_3D('',#10198,#8175,#8176);
#7467=AXIS2_PLACEMENT_3D('',#10202,#8178,#8179);
#7468=AXIS2_PLACEMENT_3D('',#10206,#8181,#8182);
#7469=AXIS2_PLACEMENT_3D('',#10210,#8184,#8185);
#7470=AXIS2_PLACEMENT_3D('',#10214,#8187,#8188);
#7471=AXIS2_PLACEMENT_3D('',#10219,#8191,#8192);
#7472=AXIS2_PLACEMENT_3D('',#10223,#8194,#8195);
#7473=AXIS2_PLACEMENT_3D('',#10227,#8197,#8198);
#7474=AXIS2_PLACEMENT_3D('',#10231,#8200,#8201);
#7475=AXIS2_PLACEMENT_3D('',#10235,#8203,#8204);
#7476=AXIS2_PLACEMENT_3D('',#10239,#8206,#8207);
#7477=AXIS2_PLACEMENT_3D('',#10243,#8209,#8210);
#7478=AXIS2_PLACEMENT_3D('',#10247,#8212,#8213);
#7479=AXIS2_PLACEMENT_3D('',#10251,#8215,#8216);
#7480=AXIS2_PLACEMENT_3D('',#10255,#8218,#8219);
#7481=AXIS2_PLACEMENT_3D('',#10259,#8221,#8222);
#7482=AXIS2_PLACEMENT_3D('',#10261,#8224,#8225);
#7483=AXIS2_PLACEMENT_3D('',#10265,#8228,#8229);
#7484=AXIS2_PLACEMENT_3D('',#10267,#8230,#8231);
#7485=AXIS2_PLACEMENT_3D('',#10269,#8233,#8234);
#7486=AXIS2_PLACEMENT_3D('',#10273,#8236,#8237);
#7487=AXIS2_PLACEMENT_3D('',#10275,#8239,#8240);
#7488=AXIS2_PLACEMENT_3D('',#10277,#8242,#8243);
#7489=AXIS2_PLACEMENT_3D('',#10280,#8244,#8245);
#7490=AXIS2_PLACEMENT_3D('',#10283,#8248,#8249);
#7491=AXIS2_PLACEMENT_3D('',#10285,#8251,#8252);
#7492=AXIS2_PLACEMENT_3D('',#10288,#8253,#8254);
#7493=AXIS2_PLACEMENT_3D('',#10291,#8257,#8258);
#7494=AXIS2_PLACEMENT_3D('',#10295,#8261,#8262);
#7495=AXIS2_PLACEMENT_3D('',#10299,#8264,#8265);
#7496=AXIS2_PLACEMENT_3D('',#10301,#8267,#8268);
#7497=AXIS2_PLACEMENT_3D('',#10305,#8271,#8272);
#7498=AXIS2_PLACEMENT_3D('',#10309,#8274,#8275);
#7499=AXIS2_PLACEMENT_3D('',#10311,#8277,#8278);
#7500=AXIS2_PLACEMENT_3D('',#10315,#8281,#8282);
#7501=AXIS2_PLACEMENT_3D('',#10316,#8283,#8284);
#7502=AXIS2_PLACEMENT_3D('',#10317,#8285,#8286);
#7503=AXIS2_PLACEMENT_3D('',#10319,#8287,#8288);
#7504=AXIS2_PLACEMENT_3D('',#10321,#8290,#8291);
#7505=AXIS2_PLACEMENT_3D('',#10325,#8294,#8295);
#7506=AXIS2_PLACEMENT_3D('',#10327,#8296,#8297);
#7507=AXIS2_PLACEMENT_3D('',#10329,#8299,#8300);
#7508=AXIS2_PLACEMENT_3D('',#10333,#8302,#8303);
#7509=AXIS2_PLACEMENT_3D('',#10335,#8305,#8306);
#7510=AXIS2_PLACEMENT_3D('',#10337,#8308,#8309);
#7511=AXIS2_PLACEMENT_3D('',#10340,#8310,#8311);
#7512=AXIS2_PLACEMENT_3D('',#10343,#8314,#8315);
#7513=AXIS2_PLACEMENT_3D('',#10345,#8317,#8318);
#7514=AXIS2_PLACEMENT_3D('',#10349,#8320,#8321);
#7515=AXIS2_PLACEMENT_3D('',#10351,#8323,#8324);
#7516=AXIS2_PLACEMENT_3D('',#10355,#8327,#8328);
#7517=AXIS2_PLACEMENT_3D('',#10357,#8329,#8330);
#7518=AXIS2_PLACEMENT_3D('',#10359,#8332,#8333);
#7519=AXIS2_PLACEMENT_3D('',#10363,#8335,#8336);
#7520=AXIS2_PLACEMENT_3D('',#10365,#8338,#8339);
#7521=AXIS2_PLACEMENT_3D('',#10367,#8341,#8342);
#7522=AXIS2_PLACEMENT_3D('',#10370,#8343,#8344);
#7523=AXIS2_PLACEMENT_3D('',#10373,#8347,#8348);
#7524=AXIS2_PLACEMENT_3D('',#10377,#8351,#8352);
#7525=AXIS2_PLACEMENT_3D('',#10379,#8353,#8354);
#7526=AXIS2_PLACEMENT_3D('',#10381,#8356,#8357);
#7527=AXIS2_PLACEMENT_3D('',#10385,#8360,#8361);
#7528=AXIS2_PLACEMENT_3D('',#10387,#8362,#8363);
#7529=AXIS2_PLACEMENT_3D('',#10389,#8365,#8366);
#7530=AXIS2_PLACEMENT_3D('',#10393,#8368,#8369);
#7531=AXIS2_PLACEMENT_3D('',#10395,#8371,#8372);
#7532=AXIS2_PLACEMENT_3D('',#10397,#8374,#8375);
#7533=AXIS2_PLACEMENT_3D('',#10400,#8376,#8377);
#7534=AXIS2_PLACEMENT_3D('',#10403,#8380,#8381);
#7535=AXIS2_PLACEMENT_3D('',#10407,#8384,#8385);
#7536=AXIS2_PLACEMENT_3D('',#10409,#8386,#8387);
#7537=AXIS2_PLACEMENT_3D('',#10411,#8389,#8390);
#7538=AXIS2_PLACEMENT_3D('',#10415,#8393,#8394);
#7539=AXIS2_PLACEMENT_3D('',#10417,#8395,#8396);
#7540=AXIS2_PLACEMENT_3D('',#10419,#8398,#8399);
#7541=AXIS2_PLACEMENT_3D('',#10423,#8401,#8402);
#7542=AXIS2_PLACEMENT_3D('',#10425,#8404,#8405);
#7543=AXIS2_PLACEMENT_3D('',#10427,#8407,#8408);
#7544=AXIS2_PLACEMENT_3D('',#10430,#8409,#8410);
#7545=AXIS2_PLACEMENT_3D('',#10433,#8413,#8414);
#7546=AXIS2_PLACEMENT_3D('',#10437,#8417,#8418);
#7547=AXIS2_PLACEMENT_3D('',#10440,#8419,#8420);
#7548=AXIS2_PLACEMENT_3D('',#10443,#8423,#8424);
#7549=AXIS2_PLACEMENT_3D('',#10445,#8426,#8427);
#7550=AXIS2_PLACEMENT_3D('',#10447,#8428,#8429);
#7551=AXIS2_PLACEMENT_3D('',#10449,#8431,#8432);
#7552=AXIS2_PLACEMENT_3D('',#10451,#8434,#8435);
#7553=AXIS2_PLACEMENT_3D('',#10453,#8437,#8438);
#7554=AXIS2_PLACEMENT_3D('',#10455,#8440,#8441);
#7555=AXIS2_PLACEMENT_3D('',#10457,#8443,#8444);
#7556=AXIS2_PLACEMENT_3D('',#10459,#8446,#8447);
#7557=AXIS2_PLACEMENT_3D('',#10461,#8449,#8450);
#7558=AXIS2_PLACEMENT_3D('',#10465,#8453,#8454);
#7559=AXIS2_PLACEMENT_3D('',#10467,#8456,#8457);
#7560=AXIS2_PLACEMENT_3D('',#10471,#8460,#8461);
#7561=AXIS2_PLACEMENT_3D('',#10473,#8463,#8464);
#7562=AXIS2_PLACEMENT_3D('',#10475,#8465,#8466);
#7563=AXIS2_PLACEMENT_3D('',#10478,#8468,#8469);
#7564=AXIS2_PLACEMENT_3D('',#10479,#8470,#8471);
#7565=AXIS2_PLACEMENT_3D('',#10482,#8472,#8473);
#7566=AXIS2_PLACEMENT_3D('',#10486,#8475,#8476);
#7567=AXIS2_PLACEMENT_3D('',#10488,#8478,#8479);
#7568=AXIS2_PLACEMENT_3D('',#10494,#8483,#8484);
#7569=AXIS2_PLACEMENT_3D('',#10498,#8486,#8487);
#7570=AXIS2_PLACEMENT_3D('',#10502,#8490,#8491);
#7571=AXIS2_PLACEMENT_3D('',#10505,#8492,#8493);
#7572=AXIS2_PLACEMENT_3D('',#10508,#8496,#8497);
#7573=AXIS2_PLACEMENT_3D('',#10512,#8500,#8501);
#7574=AXIS2_PLACEMENT_3D('',#10514,#8503,#8504);
#7575=AXIS2_PLACEMENT_3D('',#10515,#8505,#8506);
#7576=AXIS2_PLACEMENT_3D('',#10516,#8507,#8508);
#7577=AXIS2_PLACEMENT_3D('',#10517,#8509,#8510);
#7578=AXIS2_PLACEMENT_3D('',#10518,#8511,#8512);
#7579=AXIS2_PLACEMENT_3D('',#10519,#8513,#8514);
#7580=AXIS2_PLACEMENT_3D('',#10520,#8515,#8516);
#7581=AXIS2_PLACEMENT_3D('',#10522,#8518,#8519);
#7582=AXIS2_PLACEMENT_3D('',#10523,#8520,#8521);
#7583=AXIS2_PLACEMENT_3D('',#10524,#8522,#8523);
#7584=AXIS2_PLACEMENT_3D('',#10525,#8524,#8525);
#7585=AXIS2_PLACEMENT_3D('',#10534,#8530,#8531);
#7586=AXIS2_PLACEMENT_3D('',#10543,#8536,#8537);
#7587=AXIS2_PLACEMENT_3D('',#10545,#8538,#8539);
#7588=AXIS2_PLACEMENT_3D('',#10547,#8540,#8541);
#7589=AXIS2_PLACEMENT_3D('',#10549,#8543,#8544);
#7590=AXIS2_PLACEMENT_3D('',#10555,#8548,#8549);
#7591=AXIS2_PLACEMENT_3D('',#10556,#8550,#8551);
#7592=AXIS2_PLACEMENT_3D('',#10557,#8552,#8553);
#7593=AXIS2_PLACEMENT_3D('',#10558,#8554,#8555);
#7594=AXIS2_PLACEMENT_3D('',#10560,#8556,#8557);
#7595=AXIS2_PLACEMENT_3D('',#10563,#8559,#8560);
#7596=AXIS2_PLACEMENT_3D('',#10564,#8561,#8562);
#7597=AXIS2_PLACEMENT_3D('',#10567,#8563,#8564);
#7598=AXIS2_PLACEMENT_3D('',#10571,#8566,#8567);
#7599=AXIS2_PLACEMENT_3D('',#10573,#8569,#8570);
#7600=AXIS2_PLACEMENT_3D('',#10579,#8573,#8574);
#7601=AXIS2_PLACEMENT_3D('',#10587,#8578,#8579);
#7602=AXIS2_PLACEMENT_3D('',#10591,#8582,#8583);
#7603=AXIS2_PLACEMENT_3D('',#10595,#8585,#8586);
#7604=AXIS2_PLACEMENT_3D('',#10606,#8592,#8593);
#7605=AXIS2_PLACEMENT_3D('',#10607,#8594,#8595);
#7606=AXIS2_PLACEMENT_3D('',#10611,#8598,#8599);
#7607=AXIS2_PLACEMENT_3D('',#10613,#8600,#8601);
#7608=AXIS2_PLACEMENT_3D('',#10619,#8604,#8605);
#7609=AXIS2_PLACEMENT_3D('',#10623,#8607,#8608);
#7610=AXIS2_PLACEMENT_3D('',#10627,#8610,#8611);
#7611=AXIS2_PLACEMENT_3D('',#10631,#8613,#8614);
#7612=AXIS2_PLACEMENT_3D('',#10637,#8617,#8618);
#7613=AXIS2_PLACEMENT_3D('',#10645,#8622,#8623);
#7614=AXIS2_PLACEMENT_3D('',#10651,#8626,#8627);
#7615=AXIS2_PLACEMENT_3D('',#10655,#8629,#8630);
#7616=AXIS2_PLACEMENT_3D('',#10659,#8632,#8633);
#7617=AXIS2_PLACEMENT_3D('',#10663,#8635,#8636);
#7618=AXIS2_PLACEMENT_3D('',#10669,#8639,#8640);
#7619=AXIS2_PLACEMENT_3D('',#10674,#8643,#8644);
#7620=AXIS2_PLACEMENT_3D('',#10676,#8645,#8646);
#7621=AXIS2_PLACEMENT_3D('',#10677,#8647,#8648);
#7622=AXIS2_PLACEMENT_3D('',#10683,#8652,#8653);
#7623=AXIS2_PLACEMENT_3D('',#10687,#8656,#8657);
#7624=AXIS2_PLACEMENT_3D('',#10689,#8658,#8659);
#7625=AXIS2_PLACEMENT_3D('',#10691,#8661,#8662);
#7626=AXIS2_PLACEMENT_3D('',#10692,#8663,#8664);
#7627=AXIS2_PLACEMENT_3D('',#10693,#8665,#8666);
#7628=AXIS2_PLACEMENT_3D('',#10699,#8670,#8671);
#7629=AXIS2_PLACEMENT_3D('',#10701,#8673,#8674);
#7630=AXIS2_PLACEMENT_3D('',#10702,#8675,#8676);
#7631=AXIS2_PLACEMENT_3D('',#10703,#8677,#8678);
#7632=AXIS2_PLACEMENT_3D('',#10705,#8679,#8680);
#7633=AXIS2_PLACEMENT_3D('',#10707,#8682,#8683);
#7634=AXIS2_PLACEMENT_3D('',#10710,#8684,#8685);
#7635=AXIS2_PLACEMENT_3D('',#10713,#8688,#8689);
#7636=AXIS2_PLACEMENT_3D('',#10717,#8691,#8692);
#7637=AXIS2_PLACEMENT_3D('',#10719,#8694,#8695);
#7638=AXIS2_PLACEMENT_3D('',#10721,#8696,#8697);
#7639=AXIS2_PLACEMENT_3D('',#10723,#8699,#8700);
#7640=AXIS2_PLACEMENT_3D('',#10725,#8701,#8702);
#7641=AXIS2_PLACEMENT_3D('',#10727,#8704,#8705);
#7642=AXIS2_PLACEMENT_3D('',#10731,#8708,#8709);
#7643=AXIS2_PLACEMENT_3D('',#10734,#8711,#8712);
#7644=AXIS2_PLACEMENT_3D('',#10735,#8713,#8714);
#7645=AXIS2_PLACEMENT_3D('',#10739,#8717,#8718);
#7646=AXIS2_PLACEMENT_3D('',#10743,#8721,#8722);
#7647=AXIS2_PLACEMENT_3D('',#10747,#8725,#8726);
#7648=AXIS2_PLACEMENT_3D('',#10753,#8730,#8731);
#7649=AXIS2_PLACEMENT_3D('',#10755,#8732,#8733);
#7650=AXIS2_PLACEMENT_3D('',#10757,#8735,#8736);
#7651=AXIS2_PLACEMENT_3D('',#10761,#8739,#8740);
#7652=AXIS2_PLACEMENT_3D('',#10762,#8741,#8742);
#7653=AXIS2_PLACEMENT_3D('',#10763,#8743,#8744);
#7654=AXIS2_PLACEMENT_3D('',#10769,#8748,#8749);
#7655=AXIS2_PLACEMENT_3D('',#10772,#8751,#8752);
#7656=AXIS2_PLACEMENT_3D('',#10773,#8753,#8754);
#7657=AXIS2_PLACEMENT_3D('',#10777,#8757,#8758);
#7658=AXIS2_PLACEMENT_3D('',#10779,#8759,#8760);
#7659=AXIS2_PLACEMENT_3D('',#10781,#8762,#8763);
#7660=AXIS2_PLACEMENT_3D('',#10785,#8766,#8767);
#7661=AXIS2_PLACEMENT_3D('',#10787,#8768,#8769);
#7662=AXIS2_PLACEMENT_3D('',#10789,#8771,#8772);
#7663=AXIS2_PLACEMENT_3D('',#10793,#8774,#8775);
#7664=AXIS2_PLACEMENT_3D('',#10803,#8781,#8782);
#7665=AXIS2_PLACEMENT_3D('',#10807,#8784,#8785);
#7666=AXIS2_PLACEMENT_3D('',#10811,#8788,#8789);
#7667=AXIS2_PLACEMENT_3D('',#10812,#8790,#8791);
#7668=AXIS2_PLACEMENT_3D('',#10814,#8792,#8793);
#7669=AXIS2_PLACEMENT_3D('',#10817,#8795,#8796);
#7670=AXIS2_PLACEMENT_3D('',#10818,#8797,#8798);
#7671=AXIS2_PLACEMENT_3D('',#10836,#8808,#8809);
#7672=AXIS2_PLACEMENT_3D('',#10839,#8811,#8812);
#7673=AXIS2_PLACEMENT_3D('',#10845,#8816,#8817);
#7674=AXIS2_PLACEMENT_3D('',#10846,#8818,#8819);
#7675=AXIS2_PLACEMENT_3D('',#10847,#8820,#8821);
#7676=AXIS2_PLACEMENT_3D('',#10849,#8823,#8824);
#7677=AXIS2_PLACEMENT_3D('',#10851,#8826,#8827);
#7678=AXIS2_PLACEMENT_3D('',#10852,#8828,#8829);
#7679=AXIS2_PLACEMENT_3D('',#10854,#8831,#8832);
#7680=AXIS2_PLACEMENT_3D('',#10855,#8833,#8834);
#7681=AXIS2_PLACEMENT_3D('',#10858,#8837,#8838);
#7682=AXIS2_PLACEMENT_3D('',#10860,#8840,#8841);
#7683=AXIS2_PLACEMENT_3D('',#10861,#8842,#8843);
#7684=AXIS2_PLACEMENT_3D('',#10863,#8845,#8846);
#7685=AXIS2_PLACEMENT_3D('',#10864,#8847,#8848);
#7686=AXIS2_PLACEMENT_3D('',#10872,#8853,#8854);
#7687=AXIS2_PLACEMENT_3D('',#10873,#8855,#8856);
#7688=AXIS2_PLACEMENT_3D('',#10874,#8857,#8858);
#7689=AXIS2_PLACEMENT_3D('',#10875,#8859,#8860);
#7690=AXIS2_PLACEMENT_3D('',#10876,#8861,#8862);
#7691=AXIS2_PLACEMENT_3D('',#10877,#8863,#8864);
#7692=AXIS2_PLACEMENT_3D('',#10879,#8865,#8866);
#7693=AXIS2_PLACEMENT_3D('',#10882,#8868,#8869);
#7694=AXIS2_PLACEMENT_3D('',#10883,#8870,#8871);
#7695=AXIS2_PLACEMENT_3D('',#10885,#8872,#8873);
#7696=AXIS2_PLACEMENT_3D('',#10888,#8875,#8876);
#7697=AXIS2_PLACEMENT_3D('',#10889,#8877,#8878);
#7698=AXIS2_PLACEMENT_3D('',#10890,#8879,#8880);
#7699=AXIS2_PLACEMENT_3D('',#10891,#8881,#8882);
#7700=AXIS2_PLACEMENT_3D('',#10892,#8883,#8884);
#7701=AXIS2_PLACEMENT_3D('',#10925,#8887,#8888);
#7702=AXIS2_PLACEMENT_3D('',#10958,#8891,#8892);
#7703=AXIS2_PLACEMENT_3D('',#10991,#8895,#8896);
#7704=AXIS2_PLACEMENT_3D('',#11024,#8899,#8900);
#7705=AXIS2_PLACEMENT_3D('',#11027,#8901,#8902);
#7706=AXIS2_PLACEMENT_3D('',#11028,#8903,#8904);
#7707=AXIS2_PLACEMENT_3D('',#11031,#8906,#8907);
#7708=AXIS2_PLACEMENT_3D('',#11032,#8908,#8909);
#7709=AXIS2_PLACEMENT_3D('',#11034,#8910,#8911);
#7710=AXIS2_PLACEMENT_3D('',#11038,#8913,#8914);
#7711=AXIS2_PLACEMENT_3D('',#11039,#8915,#8916);
#7712=AXIS2_PLACEMENT_3D('',#11040,#8917,#8918);
#7713=AXIS2_PLACEMENT_3D('',#11042,#8920,#8921);
#7714=AXIS2_PLACEMENT_3D('',#11044,#8922,#8923);
#7715=AXIS2_PLACEMENT_3D('',#11046,#8924,#8925);
#7716=AXIS2_PLACEMENT_3D('',#11048,#8926,#8927);
#7717=AXIS2_PLACEMENT_3D('',#11051,#8929,#8930);
#7718=AXIS2_PLACEMENT_3D('',#11052,#8931,#8932);
#7719=AXIS2_PLACEMENT_3D('',#11073,#8934,#8935);
#7720=AXIS2_PLACEMENT_3D('',#11106,#8936,#8937);
#7721=AXIS2_PLACEMENT_3D('',#11126,#8938,#8939);
#7722=AXIS2_PLACEMENT_3D('',#11159,#8940,#8941);
#7723=AXIS2_PLACEMENT_3D('',#11179,#8942,#8943);
#7724=AXIS2_PLACEMENT_3D('',#11212,#8944,#8945);
#7725=AXIS2_PLACEMENT_3D('',#11232,#8946,#8947);
#7726=AXIS2_PLACEMENT_3D('',#11264,#8948,#8949);
#7727=AXIS2_PLACEMENT_3D('',#11266,#8950,#8951);
#7728=AXIS2_PLACEMENT_3D('',#11300,#8952,#8953);
#7729=AXIS2_PLACEMENT_3D('',#11319,#8954,#8955);
#7730=AXIS2_PLACEMENT_3D('',#11353,#8956,#8957);
#7731=AXIS2_PLACEMENT_3D('',#11405,#8959,#8960);
#7732=AXIS2_PLACEMENT_3D('',#11424,#8961,#8962);
#7733=AXIS2_PLACEMENT_3D('',#11458,#8963,#8964);
#7734=AXIS2_PLACEMENT_3D('',#11476,#8965,#8966);
#7735=AXIS2_PLACEMENT_3D('',#11478,#8968,#8969);
#7736=AXIS2_PLACEMENT_3D('',#11480,#8971,#8972);
#7737=AXIS2_PLACEMENT_3D('',#11482,#8974,#8975);
#7738=AXIS2_PLACEMENT_3D('',#11485,#8978,#8979);
#7739=AXIS2_PLACEMENT_3D('',#11488,#8982,#8983);
#7740=AXIS2_PLACEMENT_3D('',#11490,#8985,#8986);
#7741=AXIS2_PLACEMENT_3D('',#11491,#8987,#8988);
#7742=AXIS2_PLACEMENT_3D('',#11492,#8989,#8990);
#7743=AXIS2_PLACEMENT_3D('',#11493,#8991,#8992);
#7744=AXIS2_PLACEMENT_3D('',#11495,#8994,#8995);
#7745=AXIS2_PLACEMENT_3D('',#11497,#8997,#8998);
#7746=AXIS2_PLACEMENT_3D('',#11499,#9000,#9001);
#7747=AXIS2_PLACEMENT_3D('',#11501,#9003,#9004);
#7748=AXIS2_PLACEMENT_3D('',#11503,#9006,#9007);
#7749=AXIS2_PLACEMENT_3D('',#11504,#9008,#9009);
#7750=AXIS2_PLACEMENT_3D('',#11506,#9011,#9012);
#7751=AXIS2_PLACEMENT_3D('',#11508,#9014,#9015);
#7752=AXIS2_PLACEMENT_3D('',#11510,#9017,#9018);
#7753=AXIS2_PLACEMENT_3D('',#11512,#9020,#9021);
#7754=AXIS2_PLACEMENT_3D('',#11514,#9023,#9024);
#7755=AXIS2_PLACEMENT_3D('',#11515,#9025,#9026);
#7756=AXIS2_PLACEMENT_3D('',#11517,#9028,#9029);
#7757=AXIS2_PLACEMENT_3D('',#11519,#9031,#9032);
#7758=AXIS2_PLACEMENT_3D('',#11521,#9034,#9035);
#7759=AXIS2_PLACEMENT_3D('',#11523,#9037,#9038);
#7760=AXIS2_PLACEMENT_3D('',#11525,#9040,#9041);
#7761=AXIS2_PLACEMENT_3D('',#11526,#9042,#9043);
#7762=AXIS2_PLACEMENT_3D('',#11527,#9044,#9045);
#7763=AXIS2_PLACEMENT_3D('',#11529,#9046,#9047);
#7764=AXIS2_PLACEMENT_3D('',#11530,#9048,#9049);
#7765=AXIS2_PLACEMENT_3D('',#11533,#9050,#9051);
#7766=AXIS2_PLACEMENT_3D('',#11535,#9053,#9054);
#7767=AXIS2_PLACEMENT_3D('',#11536,#9055,#9056);
#7768=AXIS2_PLACEMENT_3D('',#11539,#9058,#9059);
#7769=AXIS2_PLACEMENT_3D('',#11540,#9060,#9061);
#7770=AXIS2_PLACEMENT_3D('',#11541,#9062,#9063);
#7771=AXIS2_PLACEMENT_3D('',#11542,#9064,#9065);
#7772=AXIS2_PLACEMENT_3D('',#11547,#9067,#9068);
#7773=AXIS2_PLACEMENT_3D('',#11549,#9069,#9070);
#7774=AXIS2_PLACEMENT_3D('',#11553,#9072,#9073);
#7775=AXIS2_PLACEMENT_3D('',#11555,#9074,#9075);
#7776=AXIS2_PLACEMENT_3D('',#11559,#9077,#9078);
#7777=AXIS2_PLACEMENT_3D('',#11563,#9080,#9081);
#7778=AXIS2_PLACEMENT_3D('',#11567,#9083,#9084);
#7779=AXIS2_PLACEMENT_3D('',#11570,#9086,#9087);
#7780=AXIS2_PLACEMENT_3D('',#11571,#9088,#9089);
#7781=AXIS2_PLACEMENT_3D('',#11658,#9092,#9093);
#7782=AXIS2_PLACEMENT_3D('',#11660,#9095,#9096);
#7783=AXIS2_PLACEMENT_3D('',#11666,#9099,#9100);
#7784=AXIS2_PLACEMENT_3D('',#11685,#9102,#9103);
#7785=AXIS2_PLACEMENT_3D('',#11688,#9104,#9105);
#7786=AXIS2_PLACEMENT_3D('',#11711,#9106,#9107);
#7787=AXIS2_PLACEMENT_3D('',#11796,#9108,#9109);
#7788=AXIS2_PLACEMENT_3D('',#11797,#9110,#9111);
#7789=AXIS2_PLACEMENT_3D('',#11825,#9112,#9113);
#7790=AXIS2_PLACEMENT_3D('',#11826,#9114,#9115);
#7791=AXIS2_PLACEMENT_3D('',#11827,#9116,#9117);
#7792=AXIS2_PLACEMENT_3D('',#11829,#9118,#9119);
#7793=AXIS2_PLACEMENT_3D('',#11861,#9121,#9122);
#7794=AXIS2_PLACEMENT_3D('',#11863,#9124,#9125);
#7795=AXIS2_PLACEMENT_3D('',#11866,#9127,#9128);
#7796=AXIS2_PLACEMENT_3D('',#11867,#9129,#9130);
#7797=AXIS2_PLACEMENT_3D('',#11873,#9134,#9135);
#7798=AXIS2_PLACEMENT_3D('',#11874,#9136,#9137);
#7799=AXIS2_PLACEMENT_3D('',#11877,#9139,#9140);
#7800=AXIS2_PLACEMENT_3D('',#11878,#9141,#9142);
#7801=AXIS2_PLACEMENT_3D('',#11880,#9143,#9144);
#7802=AXIS2_PLACEMENT_3D('',#11882,#9146,#9147);
#7803=AXIS2_PLACEMENT_3D('',#11886,#9150,#9151);
#7804=AXIS2_PLACEMENT_3D('',#11888,#9152,#9153);
#7805=AXIS2_PLACEMENT_3D('',#11890,#9155,#9156);
#7806=AXIS2_PLACEMENT_3D('',#11894,#9159,#9160);
#7807=AXIS2_PLACEMENT_3D('',#11895,#9161,#9162);
#7808=AXIS2_PLACEMENT_3D('',#11896,#9163,#9164);
#7809=AXIS2_PLACEMENT_3D('',#11898,#9165,#9166);
#7810=AXIS2_PLACEMENT_3D('',#11900,#9168,#9169);
#7811=AXIS2_PLACEMENT_3D('',#11904,#9172,#9173);
#7812=AXIS2_PLACEMENT_3D('',#11906,#9174,#9175);
#7813=AXIS2_PLACEMENT_3D('',#11908,#9177,#9178);
#7814=AXIS2_PLACEMENT_3D('',#11910,#9180,#9181);
#7815=AXIS2_PLACEMENT_3D('',#11911,#9182,#9183);
#7816=AXIS2_PLACEMENT_3D('',#11912,#9184,#9185);
#7817=AXIS2_PLACEMENT_3D('',#11914,#9186,#9187);
#7818=AXIS2_PLACEMENT_3D('',#11917,#9189,#9190);
#7819=AXIS2_PLACEMENT_3D('',#11918,#9191,#9192);
#7820=AXIS2_PLACEMENT_3D('',#11921,#9194,#9195);
#7821=AXIS2_PLACEMENT_3D('',#11922,#9196,#9197);
#7822=AXIS2_PLACEMENT_3D('',#11923,#9198,#9199);
#7823=AXIS2_PLACEMENT_3D('',#11929,#9200,#9201);
#7824=AXIS2_PLACEMENT_3D('',#11930,#9202,#9203);
#7825=AXIS2_PLACEMENT_3D('',#11932,#9204,#9205);
#7826=AXIS2_PLACEMENT_3D('',#11935,#9207,#9208);
#7827=AXIS2_PLACEMENT_3D('',#11936,#9209,#9210);
#7828=AXIS2_PLACEMENT_3D('',#11938,#9211,#9212);
#7829=AXIS2_PLACEMENT_3D('',#11939,#9213,#9214);
#7830=AXIS2_PLACEMENT_3D('',#11942,#9215,#9216);
#7831=AXIS2_PLACEMENT_3D('',#11944,#9217,#9218);
#7832=AXIS2_PLACEMENT_3D('',#11945,#9219,#9220);
#7833=AXIS2_PLACEMENT_3D('',#11947,#9221,#9222);
#7834=AXIS2_PLACEMENT_3D('',#11948,#9223,#9224);
#7835=AXIS2_PLACEMENT_3D('',#11949,#9225,#9226);
#7836=AXIS2_PLACEMENT_3D('',#11950,#9227,#9228);
#7837=AXIS2_PLACEMENT_3D('',#11954,#9229,#9230);
#7838=AXIS2_PLACEMENT_3D('',#11958,#9231,#9232);
#7839=AXIS2_PLACEMENT_3D('',#11962,#9233,#9234);
#7840=AXIS2_PLACEMENT_3D('',#11966,#9235,#9236);
#7841=AXIS2_PLACEMENT_3D('',#11970,#9237,#9238);
#7842=AXIS2_PLACEMENT_3D('',#11983,#9245,#9246);
#7843=AXIS2_PLACEMENT_3D('',#11986,#9249,#9250);
#7844=AXIS2_PLACEMENT_3D('',#11988,#9252,#9253);
#7845=AXIS2_PLACEMENT_3D('',#11990,#9255,#9256);
#7846=AXIS2_PLACEMENT_3D('',#11992,#9258,#9259);
#7847=AXIS2_PLACEMENT_3D('',#11994,#9261,#9262);
#7848=AXIS2_PLACEMENT_3D('',#11995,#9263,#9264);
#7849=AXIS2_PLACEMENT_3D('',#11996,#9265,#9266);
#7850=AXIS2_PLACEMENT_3D('',#11997,#9267,#9268);
#7851=AXIS2_PLACEMENT_3D('',#11998,#9269,#9270);
#7852=AXIS2_PLACEMENT_3D('',#11999,#9271,#9272);
#7853=AXIS2_PLACEMENT_3D('',#12000,#9273,#9274);
#7854=AXIS2_PLACEMENT_3D('',#12001,#9275,#9276);
#7855=AXIS2_PLACEMENT_3D('',#12002,#9277,#9278);
#7856=AXIS2_PLACEMENT_3D('',#12003,#9279,#9280);
#7857=AXIS2_PLACEMENT_3D('',#12004,#9281,#9282);
#7858=AXIS2_PLACEMENT_3D('',#12005,#9283,#9284);
#7859=AXIS2_PLACEMENT_3D('',#12006,#9285,#9286);
#7860=AXIS2_PLACEMENT_3D('',#12013,#9289,#9290);
#7861=AXIS2_PLACEMENT_3D('',#12043,#9305,#9306);
#7862=AXIS2_PLACEMENT_3D('',#12073,#9321,#9322);
#7863=AXIS2_PLACEMENT_3D('',#12103,#9337,#9338);
#7864=AXIS2_PLACEMENT_3D('',#12128,#9351,#9352);
#7865=AXIS2_PLACEMENT_3D('',#12129,#9353,#9354);
#7866=AXIS2_PLACEMENT_3D('',#12156,#9367,#9368);
#7867=AXIS2_PLACEMENT_3D('',#12186,#9383,#9384);
#7868=AXIS2_PLACEMENT_3D('',#12216,#9399,#9400);
#7869=AXIS2_PLACEMENT_3D('',#12246,#9415,#9416);
#7870=AXIS2_PLACEMENT_3D('',#12251,#9419,#9420);
#7871=AXIS2_PLACEMENT_3D('',#12252,#9421,#9422);
#7872=AXIS2_PLACEMENT_3D('',#12255,#9425,#9426);
#7873=AXIS2_PLACEMENT_3D('',#12257,#9428,#9429);
#7874=AXIS2_PLACEMENT_3D('',#12259,#9431,#9432);
#7875=AXIS2_PLACEMENT_3D('',#12261,#9434,#9435);
#7876=AXIS2_PLACEMENT_3D('',#12263,#9437,#9438);
#7877=AXIS2_PLACEMENT_3D('',#12265,#9440,#9441);
#7878=AXIS2_PLACEMENT_3D('',#12267,#9443,#9444);
#7879=AXIS2_PLACEMENT_3D('',#12269,#9446,#9447);
#7880=AXIS2_PLACEMENT_3D('',#12271,#9449,#9450);
#7881=AXIS2_PLACEMENT_3D('',#12273,#9452,#9453);
#7882=AXIS2_PLACEMENT_3D('',#12275,#9455,#9456);
#7883=AXIS2_PLACEMENT_3D('',#12277,#9458,#9459);
#7884=AXIS2_PLACEMENT_3D('',#12279,#9461,#9462);
#7885=AXIS2_PLACEMENT_3D('',#12281,#9464,#9465);
#7886=AXIS2_PLACEMENT_3D('',#12283,#9467,#9468);
#7887=AXIS2_PLACEMENT_3D('',#12285,#9470,#9471);
#7888=AXIS2_PLACEMENT_3D('',#12287,#9473,#9474);
#7889=AXIS2_PLACEMENT_3D('',#12289,#9476,#9477);
#7890=AXIS2_PLACEMENT_3D('',#12291,#9479,#9480);
#7891=AXIS2_PLACEMENT_3D('',#12293,#9482,#9483);
#7892=AXIS2_PLACEMENT_3D('',#12295,#9485,#9486);
#7893=AXIS2_PLACEMENT_3D('',#12297,#9488,#9489);
#7894=AXIS2_PLACEMENT_3D('',#12299,#9491,#9492);
#7895=AXIS2_PLACEMENT_3D('',#12301,#9494,#9495);
#7896=AXIS2_PLACEMENT_3D('',#12303,#9497,#9498);
#7897=AXIS2_PLACEMENT_3D('',#12305,#9500,#9501);
#7898=AXIS2_PLACEMENT_3D('',#12307,#9503,#9504);
#7899=AXIS2_PLACEMENT_3D('',#12309,#9506,#9507);
#7900=AXIS2_PLACEMENT_3D('',#12311,#9509,#9510);
#7901=AXIS2_PLACEMENT_3D('',#12313,#9512,#9513);
#7902=AXIS2_PLACEMENT_3D('',#12315,#9515,#9516);
#7903=AXIS2_PLACEMENT_3D('',#12317,#9518,#9519);
#7904=AXIS2_PLACEMENT_3D('',#12319,#9521,#9522);
#7905=AXIS2_PLACEMENT_3D('',#12321,#9524,#9525);
#7906=AXIS2_PLACEMENT_3D('',#12323,#9527,#9528);
#7907=AXIS2_PLACEMENT_3D('',#12325,#9530,#9531);
#7908=AXIS2_PLACEMENT_3D('',#12327,#9533,#9534);
#7909=AXIS2_PLACEMENT_3D('',#12329,#9536,#9537);
#7910=AXIS2_PLACEMENT_3D('',#12331,#9539,#9540);
#7911=AXIS2_PLACEMENT_3D('',#12333,#9542,#9543);
#7912=AXIS2_PLACEMENT_3D('',#12335,#9545,#9546);
#7913=AXIS2_PLACEMENT_3D('',#12337,#9548,#9549);
#7914=AXIS2_PLACEMENT_3D('',#12339,#9551,#9552);
#7915=AXIS2_PLACEMENT_3D('',#12341,#9554,#9555);
#7916=AXIS2_PLACEMENT_3D('',#12343,#9557,#9558);
#7917=AXIS2_PLACEMENT_3D('',#12345,#9560,#9561);
#7918=AXIS2_PLACEMENT_3D('',#12347,#9563,#9564);
#7919=AXIS2_PLACEMENT_3D('',#12349,#9566,#9567);
#7920=AXIS2_PLACEMENT_3D('',#12351,#9569,#9570);
#7921=AXIS2_PLACEMENT_3D('',#12353,#9572,#9573);
#7922=AXIS2_PLACEMENT_3D('',#12355,#9575,#9576);
#7923=AXIS2_PLACEMENT_3D('',#12357,#9578,#9579);
#7924=AXIS2_PLACEMENT_3D('',#12359,#9581,#9582);
#7925=AXIS2_PLACEMENT_3D('',#12361,#9584,#9585);
#7926=AXIS2_PLACEMENT_3D('',#12363,#9587,#9588);
#7927=AXIS2_PLACEMENT_3D('',#12365,#9590,#9591);
#7928=AXIS2_PLACEMENT_3D('',#12367,#9593,#9594);
#7929=AXIS2_PLACEMENT_3D('',#12369,#9596,#9597);
#7930=AXIS2_PLACEMENT_3D('',#12371,#9599,#9600);
#7931=AXIS2_PLACEMENT_3D('',#12373,#9602,#9603);
#7932=AXIS2_PLACEMENT_3D('',#12374,#9604,#9605);
#7933=AXIS2_PLACEMENT_3D('',#12375,#9606,#9607);
#7934=AXIS2_PLACEMENT_3D('',#12382,#9610,#9611);
#7935=AXIS2_PLACEMENT_3D('',#12412,#9626,#9627);
#7936=AXIS2_PLACEMENT_3D('',#12442,#9642,#9643);
#7937=AXIS2_PLACEMENT_3D('',#12472,#9658,#9659);
#7938=AXIS2_PLACEMENT_3D('',#12497,#9672,#9673);
#7939=AXIS2_PLACEMENT_3D('',#12498,#9674,#9675);
#7940=AXIS2_PLACEMENT_3D('',#12525,#9688,#9689);
#7941=AXIS2_PLACEMENT_3D('',#12555,#9704,#9705);
#7942=AXIS2_PLACEMENT_3D('',#12585,#9720,#9721);
#7943=AXIS2_PLACEMENT_3D('',#12615,#9736,#9737);
#7944=AXIS2_PLACEMENT_3D('',#12620,#9740,#9741);
#7945=AXIS2_PLACEMENT_3D('',#12621,#9742,#9743);
#7946=AXIS2_PLACEMENT_3D('',#12624,#9746,#9747);
#7947=AXIS2_PLACEMENT_3D('',#12626,#9749,#9750);
#7948=AXIS2_PLACEMENT_3D('',#12628,#9752,#9753);
#7949=AXIS2_PLACEMENT_3D('',#12630,#9755,#9756);
#7950=AXIS2_PLACEMENT_3D('',#12632,#9758,#9759);
#7951=AXIS2_PLACEMENT_3D('',#12634,#9761,#9762);
#7952=AXIS2_PLACEMENT_3D('',#12636,#9764,#9765);
#7953=AXIS2_PLACEMENT_3D('',#12638,#9767,#9768);
#7954=AXIS2_PLACEMENT_3D('',#12640,#9770,#9771);
#7955=AXIS2_PLACEMENT_3D('',#12642,#9773,#9774);
#7956=AXIS2_PLACEMENT_3D('',#12644,#9776,#9777);
#7957=AXIS2_PLACEMENT_3D('',#12646,#9779,#9780);
#7958=AXIS2_PLACEMENT_3D('',#12648,#9782,#9783);
#7959=AXIS2_PLACEMENT_3D('',#12650,#9785,#9786);
#7960=AXIS2_PLACEMENT_3D('',#12652,#9788,#9789);
#7961=AXIS2_PLACEMENT_3D('',#12654,#9791,#9792);
#7962=AXIS2_PLACEMENT_3D('',#12656,#9794,#9795);
#7963=AXIS2_PLACEMENT_3D('',#12658,#9797,#9798);
#7964=AXIS2_PLACEMENT_3D('',#12660,#9800,#9801);
#7965=AXIS2_PLACEMENT_3D('',#12662,#9803,#9804);
#7966=AXIS2_PLACEMENT_3D('',#12664,#9806,#9807);
#7967=AXIS2_PLACEMENT_3D('',#12666,#9809,#9810);
#7968=AXIS2_PLACEMENT_3D('',#12668,#9812,#9813);
#7969=AXIS2_PLACEMENT_3D('',#12670,#9815,#9816);
#7970=AXIS2_PLACEMENT_3D('',#12672,#9818,#9819);
#7971=AXIS2_PLACEMENT_3D('',#12674,#9821,#9822);
#7972=AXIS2_PLACEMENT_3D('',#12676,#9824,#9825);
#7973=AXIS2_PLACEMENT_3D('',#12678,#9827,#9828);
#7974=AXIS2_PLACEMENT_3D('',#12680,#9830,#9831);
#7975=AXIS2_PLACEMENT_3D('',#12682,#9833,#9834);
#7976=AXIS2_PLACEMENT_3D('',#12684,#9836,#9837);
#7977=AXIS2_PLACEMENT_3D('',#12686,#9839,#9840);
#7978=AXIS2_PLACEMENT_3D('',#12688,#9842,#9843);
#7979=AXIS2_PLACEMENT_3D('',#12690,#9845,#9846);
#7980=AXIS2_PLACEMENT_3D('',#12692,#9848,#9849);
#7981=AXIS2_PLACEMENT_3D('',#12694,#9851,#9852);
#7982=AXIS2_PLACEMENT_3D('',#12696,#9854,#9855);
#7983=AXIS2_PLACEMENT_3D('',#12698,#9857,#9858);
#7984=AXIS2_PLACEMENT_3D('',#12700,#9860,#9861);
#7985=AXIS2_PLACEMENT_3D('',#12702,#9863,#9864);
#7986=AXIS2_PLACEMENT_3D('',#12704,#9866,#9867);
#7987=AXIS2_PLACEMENT_3D('',#12706,#9869,#9870);
#7988=AXIS2_PLACEMENT_3D('',#12708,#9872,#9873);
#7989=AXIS2_PLACEMENT_3D('',#12710,#9875,#9876);
#7990=AXIS2_PLACEMENT_3D('',#12712,#9878,#9879);
#7991=AXIS2_PLACEMENT_3D('',#12714,#9881,#9882);
#7992=AXIS2_PLACEMENT_3D('',#12716,#9884,#9885);
#7993=AXIS2_PLACEMENT_3D('',#12718,#9887,#9888);
#7994=AXIS2_PLACEMENT_3D('',#12720,#9890,#9891);
#7995=AXIS2_PLACEMENT_3D('',#12722,#9893,#9894);
#7996=AXIS2_PLACEMENT_3D('',#12724,#9896,#9897);
#7997=AXIS2_PLACEMENT_3D('',#12726,#9899,#9900);
#7998=AXIS2_PLACEMENT_3D('',#12728,#9902,#9903);
#7999=AXIS2_PLACEMENT_3D('',#12730,#9905,#9906);
#8000=AXIS2_PLACEMENT_3D('',#12732,#9908,#9909);
#8001=AXIS2_PLACEMENT_3D('',#12734,#9911,#9912);
#8002=AXIS2_PLACEMENT_3D('',#12736,#9914,#9915);
#8003=AXIS2_PLACEMENT_3D('',#12738,#9917,#9918);
#8004=AXIS2_PLACEMENT_3D('',#12740,#9920,#9921);
#8005=AXIS2_PLACEMENT_3D('',#12742,#9923,#9924);
#8006=AXIS2_PLACEMENT_3D('',#12743,#9925,#9926);
#8007=AXIS2_PLACEMENT_3D('',#12744,#9927,#9928);
#8008=AXIS2_PLACEMENT_3D('',#12745,#9929,#9930);
#8009=AXIS2_PLACEMENT_3D('',#12746,#9931,#9932);
#8010=AXIS2_PLACEMENT_3D('',#12749,#9933,#9934);
#8011=AXIS2_PLACEMENT_3D('',#12753,#9936,#9937);
#8012=AXIS2_PLACEMENT_3D('',#12757,#9939,#9940);
#8013=AXIS2_PLACEMENT_3D('',#12761,#9942,#9943);
#8014=AXIS2_PLACEMENT_3D('',#12765,#9945,#9946);
#8015=AXIS2_PLACEMENT_3D('',#12769,#9948,#9949);
#8016=AXIS2_PLACEMENT_3D('',#12773,#9951,#9952);
#8017=AXIS2_PLACEMENT_3D('',#12777,#9954,#9955);
#8018=AXIS2_PLACEMENT_3D('',#12780,#9957,#9958);
#8019=AXIS2_PLACEMENT_3D('',#12782,#9959,#9960);
#8020=AXIS2_PLACEMENT_3D('',#12791,#9965,#9966);
#8021=AXIS2_PLACEMENT_3D('',#12795,#9968,#9969);
#8022=AXIS2_PLACEMENT_3D('',#12797,#9971,#9972);
#8023=AXIS2_PLACEMENT_3D('',#12801,#9975,#9976);
#8024=AXIS2_PLACEMENT_3D('',#12805,#9978,#9979);
#8025=AXIS2_PLACEMENT_3D('',#12807,#9981,#9982);
#8026=AXIS2_PLACEMENT_3D('',#12809,#9984,#9985);
#8027=AXIS2_PLACEMENT_3D('',#12813,#9987,#9988);
#8028=AXIS2_PLACEMENT_3D('',#12815,#9990,#9991);
#8029=AXIS2_PLACEMENT_3D('',#12819,#9994,#9995);
#8030=AXIS2_PLACEMENT_3D('',#12821,#9996,#9997);
#8031=AXIS2_PLACEMENT_3D('',#12823,#9999,#10000);
#8032=AXIS2_PLACEMENT_3D('',#12827,#10003,#10004);
#8033=AXIS2_PLACEMENT_3D('',#12833,#10008,#10009);
#8034=AXIS2_PLACEMENT_3D('',#12836,#10011,#10012);
#8035=AXIS2_PLACEMENT_3D('',#12837,#10013,#10014);
#8036=AXIS2_PLACEMENT_3D('',#12840,#10016,#10017);
#8037=AXIS2_PLACEMENT_3D('',#12841,#10018,#10019);
#8038=AXIS2_PLACEMENT_3D('',#12843,#10021,#10022);
#8039=AXIS2_PLACEMENT_3D('',#12845,#10023,#10024);
#8040=AXIS2_PLACEMENT_3D('',#12847,#10026,#10027);
#8041=AXIS2_PLACEMENT_3D('',#12851,#10030,#10031);
#8042=AXIS2_PLACEMENT_3D('',#12852,#10032,#10033);
#8043=AXIS2_PLACEMENT_3D('',#12853,#10034,#10035);
#8044=AXIS2_PLACEMENT_3D('',#12855,#10036,#10037);
#8045=AXIS2_PLACEMENT_3D('',#12857,#10039,#10040);
#8046=AXIS2_PLACEMENT_3D('',#12861,#10043,#10044);
#8047=AXIS2_PLACEMENT_3D('',#12862,#10045,#10046);
#8048=AXIS2_PLACEMENT_3D('',#12863,#10047,#10048);
#8049=AXIS2_PLACEMENT_3D('',#12864,#10049,#10050);
#8050=AXIS2_PLACEMENT_3D('',#12870,#10054,#10055);
#8051=AXIS2_PLACEMENT_3D('',#12874,#10058,#10059);
#8052=AXIS2_PLACEMENT_3D('',#12878,#10062,#10063);
#8053=AXIS2_PLACEMENT_3D('',#12880,#10065,#10066);
#8054=AXIS2_PLACEMENT_3D('',#12881,#10067,#10068);
#8055=AXIS2_PLACEMENT_3D('',#12882,#10069,#10070);
#8056=AXIS2_PLACEMENT_3D('',#12883,#10071,#10072);
#8057=AXIS2_PLACEMENT_3D('',#12884,#10073,#10074);
#8058=AXIS2_PLACEMENT_3D('',#12885,#10075,#10076);
#8059=DIRECTION('axis',(0.,0.,1.));
#8060=DIRECTION('refdir',(1.,0.,0.));
#8061=DIRECTION('axis',(0.,0.,1.));
#8062=DIRECTION('refdir',(1.,0.,0.));
#8063=DIRECTION('axis',(0.,0.,1.));
#8064=DIRECTION('refdir',(1.,0.,0.));
#8065=DIRECTION('center_axis',(3.55271367880049E-15,-1.,6.12323399573687E-17));
#8066=DIRECTION('ref_axis',(1.,3.55271367880049E-15,-3.55271367880049E-15));
#8067=DIRECTION('center_axis',(-3.55271367880049E-15,1.,-6.12323399573687E-17));
#8068=DIRECTION('ref_axis',(-0.707106781186547,-2.55544573670581E-15,-0.707106781186548));
#8069=DIRECTION('',(1.,3.55271367880049E-15,8.84019762713973E-31));
#8070=DIRECTION('center_axis',(-3.55271367880049E-15,1.,-6.12323399573687E-17));
#8071=DIRECTION('ref_axis',(0.707106781186548,2.46885013108226E-15,-0.707106781186547));
#8072=DIRECTION('',(-4.89589310103471E-31,6.12323399573687E-17,1.));
#8073=DIRECTION('',(-1.,-3.55271367880049E-15,-9.51588574929611E-32));
#8074=DIRECTION('',(-1.22382114258537E-31,-9.75376520724113E-31,-1.));
#8075=DIRECTION('center_axis',(-3.55271367880049E-15,1.,-6.12323399573687E-17));
#8076=DIRECTION('ref_axis',(9.51588574929646E-32,-6.12323399573687E-17,
-1.));
#8077=DIRECTION('center_axis',(1.,3.55271367880049E-15,9.51588574929611E-32));
#8078=DIRECTION('ref_axis',(-9.51588574929646E-32,9.86076131526265E-31,
1.));
#8079=DIRECTION('',(1.,3.55271367880049E-15,9.51588574929611E-32));
#8080=DIRECTION('center_axis',(-1.,-3.55271367880049E-15,-9.51588574929611E-32));
#8081=DIRECTION('ref_axis',(3.55271367880049E-15,-1.,9.86076131526265E-31));
#8082=DIRECTION('',(1.,7.03754085578413E-63,4.75794287464823E-32));
#8083=DIRECTION('center_axis',(-1.,-3.55271367880049E-15,-9.51588574929611E-32));
#8084=DIRECTION('ref_axis',(3.55271367880049E-15,-1.,9.86076131526265E-31));
#8085=DIRECTION('center_axis',(-1.,-3.55271367880049E-15,-9.51588574929611E-32));
#8086=DIRECTION('ref_axis',(-9.51588574929646E-32,9.86076131526265E-31,
1.));
#8087=DIRECTION('',(-3.55271367880049E-15,1.,-6.12323399573687E-17));
#8088=DIRECTION('center_axis',(1.,3.55271367880049E-15,9.51588574929611E-32));
#8089=DIRECTION('ref_axis',(-9.51588574929646E-32,9.86076131526265E-31,
1.));
#8090=DIRECTION('',(-9.51588574929625E-32,3.94430452610506E-31,1.));
#8091=DIRECTION('center_axis',(1.,3.55271367880049E-15,9.51588574929611E-32));
#8092=DIRECTION('ref_axis',(9.51588574929646E-32,-9.86076131526265E-31,
-1.));
#8093=DIRECTION('',(3.55271367880049E-15,-1.,6.12323399573687E-17));
#8094=DIRECTION('',(-4.75794287464823E-32,3.94430452610506E-31,1.));
#8095=DIRECTION('center_axis',(-1.,-3.55271367880049E-15,-9.51588574929611E-32));
#8096=DIRECTION('ref_axis',(3.55271367880049E-15,-1.,6.93889390390733E-17));
#8097=DIRECTION('center_axis',(-1.,-3.55271367880049E-15,2.99271595117545E-31));
#8098=DIRECTION('ref_axis',(-2.99271595117541E-31,-9.86076131526265E-31,
-1.));
#8099=DIRECTION('',(-3.55271367880049E-15,1.,-6.12323399573687E-17));
#8100=DIRECTION('',(1.22382114258537E-31,9.75376520724113E-31,1.));
#8101=DIRECTION('center_axis',(1.,3.55271367880049E-15,9.51588574929611E-32));
#8102=DIRECTION('ref_axis',(-9.51588574929646E-32,9.86076131526265E-31,
1.));
#8103=DIRECTION('',(-1.,-7.03754085578413E-63,-4.75794287464823E-32));
#8104=DIRECTION('center_axis',(1.,3.55271367880049E-15,9.51588574929611E-32));
#8105=DIRECTION('ref_axis',(-3.12699829244467E-31,6.12323399573687E-17,
1.));
#8106=DIRECTION('',(3.55271367880049E-15,-1.,6.12323399573687E-17));
#8107=DIRECTION('',(1.22382114258537E-31,9.75376520724113E-31,1.));
#8108=DIRECTION('center_axis',(3.55271367880049E-15,-1.,6.12323399573687E-17));
#8109=DIRECTION('ref_axis',(0.707106781186548,2.46885013108226E-15,-0.707106781186547));
#8110=DIRECTION('',(-3.55271367880049E-15,1.,-6.12323399573687E-17));
#8111=DIRECTION('center_axis',(3.55271367880049E-15,-1.,3.06161699786848E-17));
#8112=DIRECTION('ref_axis',(0.707106781186548,2.49049903248815E-15,-0.707106781186547));
#8113=DIRECTION('center_axis',(3.55271367880049E-15,-1.,3.06161699786848E-17));
#8114=DIRECTION('ref_axis',(1.,3.55271367880049E-15,-3.55271367880049E-15));
#8115=DIRECTION('center_axis',(3.55271367880049E-15,-1.,3.06161699786848E-17));
#8116=DIRECTION('ref_axis',(-0.707106781186547,-2.53379683529992E-15,-0.707106781186548));
#8117=DIRECTION('',(-1.,-3.55271367880049E-15,-8.84019762713973E-31));
#8118=DIRECTION('center_axis',(3.55271367880049E-15,-1.,3.06161699786848E-17));
#8119=DIRECTION('ref_axis',(-1.36116283827866E-32,-3.06161699786848E-17,
-1.));
#8120=DIRECTION('center_axis',(1.27845021532448E-30,-6.12323399573687E-17,
-1.));
#8121=DIRECTION('ref_axis',(1.,3.55271367880049E-15,1.06090924357298E-30));
#8122=DIRECTION('',(3.55271367880049E-15,-1.,6.12323399573687E-17));
#8123=DIRECTION('center_axis',(3.55271367880049E-15,-1.,6.12323399573687E-17));
#8124=DIRECTION('ref_axis',(-0.707106781186547,-2.55544573670581E-15,-0.707106781186548));
#8125=DIRECTION('center_axis',(-3.55271367880049E-15,1.,-6.12323399573687E-17));
#8126=DIRECTION('ref_axis',(9.51588574929646E-32,-6.12323399573687E-17,
-1.));
#8127=DIRECTION('',(-3.55271367880049E-15,1.,-6.12323399573687E-17));
#8128=DIRECTION('center_axis',(4.75794287464823E-32,-3.94430452610506E-31,
-1.));
#8129=DIRECTION('ref_axis',(1.,7.03754085578413E-63,4.75794287464823E-32));
#8130=DIRECTION('center_axis',(4.75794287464823E-32,-3.94430452610506E-31,
-1.));
#8131=DIRECTION('ref_axis',(1.,7.03754085578413E-63,4.75794287464823E-32));
#8132=DIRECTION('',(4.75794287464823E-32,-3.94430452610506E-31,-1.));
#8133=DIRECTION('center_axis',(-4.75794287464823E-32,3.94430452610506E-31,
1.));
#8134=DIRECTION('ref_axis',(1.,7.03754085578413E-63,4.75794287464823E-32));
#8135=DIRECTION('center_axis',(-4.75794287464823E-32,3.94430452610506E-31,
1.));
#8136=DIRECTION('ref_axis',(0.289784148688426,-0.957092026489054,3.91294005452365E-31));
#8137=DIRECTION('center_axis',(4.75794287464823E-32,-3.94430452610506E-31,
-1.));
#8138=DIRECTION('ref_axis',(0.289784148688426,-0.957092026489054,3.91294005452365E-31));
#8139=DIRECTION('',(4.75794287464823E-32,-3.94430452610506E-31,-1.));
#8140=DIRECTION('center_axis',(-4.75794287464823E-32,3.94430452610506E-31,
1.));
#8141=DIRECTION('ref_axis',(0.289784148688426,-0.957092026489054,3.91294005452365E-31));
#8142=DIRECTION('',(-4.75794287464823E-32,3.94430452610506E-31,1.));
#8143=DIRECTION('center_axis',(-4.75794287464823E-32,3.94430452610506E-31,
1.));
#8144=DIRECTION('ref_axis',(1.,7.03754085578413E-63,4.75794287464823E-32));
#8145=DIRECTION('',(-1.11022302462516E-15,1.,-3.94430452610506E-31));
#8146=DIRECTION('',(-1.,-7.03754085578413E-63,-4.75794287464823E-32));
#8147=DIRECTION('',(-1.,-7.03754085578413E-63,-4.75794287464823E-32));
#8148=DIRECTION('center_axis',(4.75794287464823E-32,-3.94430452610506E-31,
-1.));
#8149=DIRECTION('ref_axis',(-0.289784148688421,0.957092026489056,-3.91294005452365E-31));
#8150=DIRECTION('',(-0.832050294337854,-0.554700196225213,1.7920217176731E-31));
#8151=DIRECTION('center_axis',(-4.75794287464823E-32,3.94430452610506E-31,
1.));
#8152=DIRECTION('ref_axis',(0.289784148688424,-0.957092026489055,3.91294005452365E-31));
#8153=DIRECTION('',(-1.,-4.93432455388959E-15,-4.75794287464804E-32));
#8154=DIRECTION('center_axis',(-4.75794287464823E-32,3.94430452610506E-31,
1.));
#8155=DIRECTION('ref_axis',(-0.289784148688429,-0.957092026489053,3.63718476943602E-31));
#8156=DIRECTION('',(-0.832050294337843,0.55470019622523,-2.58379127153191E-31));
#8157=DIRECTION('center_axis',(4.75794287464823E-32,-3.94430452610506E-31,
-1.));
#8158=DIRECTION('ref_axis',(0.28978414868843,0.957092026489053,-3.63718476943602E-31));
#8159=DIRECTION('',(-1.,-7.03754085578413E-63,-4.75794287464823E-32));
#8160=DIRECTION('center_axis',(4.75794287464823E-32,-3.94430452610506E-31,
-1.));
#8161=DIRECTION('ref_axis',(-0.289784148688426,0.957092026489054,-3.91294005452365E-31));
#8162=DIRECTION('',(-0.832050294337854,-0.554700196225213,1.7920217176731E-31));
#8163=DIRECTION('center_axis',(-4.75794287464823E-32,3.94430452610506E-31,
1.));
#8164=DIRECTION('ref_axis',(0.289784148688424,-0.957092026489055,3.91294005452365E-31));
#8165=DIRECTION('',(-1.,-4.93432455388959E-15,-4.75794287464804E-32));
#8166=DIRECTION('center_axis',(-4.75794287464823E-32,3.94430452610506E-31,
1.));
#8167=DIRECTION('ref_axis',(-0.289784148688426,-0.957092026489054,3.63718476943603E-31));
#8168=DIRECTION('',(-0.832050294337843,0.55470019622523,-2.58379127153191E-31));
#8169=DIRECTION('center_axis',(4.75794287464823E-32,-3.94430452610506E-31,
-1.));
#8170=DIRECTION('ref_axis',(0.289784148688426,0.957092026489054,-3.63718476943603E-31));
#8171=DIRECTION('',(-1.,-7.03754085578413E-63,-4.75794287464823E-32));
#8172=DIRECTION('center_axis',(4.75794287464823E-32,-3.94430452610506E-31,
-1.));
#8173=DIRECTION('ref_axis',(-0.28978414868842,0.957092026489056,-3.91294005452365E-31));
#8174=DIRECTION('',(-0.832050294337854,-0.554700196225213,1.7920217176731E-31));
#8175=DIRECTION('center_axis',(-4.75794287464823E-32,3.94430452610506E-31,
1.));
#8176=DIRECTION('ref_axis',(0.289784148688424,-0.957092026489055,3.91294005452365E-31));
#8177=DIRECTION('',(-1.,-4.93432455388959E-15,-4.75794287464804E-32));
#8178=DIRECTION('center_axis',(-4.75794287464823E-32,3.94430452610506E-31,
1.));
#8179=DIRECTION('ref_axis',(-0.289784148688443,-0.957092026489049,3.637184769436E-31));
#8180=DIRECTION('',(-0.832050294337843,0.55470019622523,-2.58379127153191E-31));
#8181=DIRECTION('center_axis',(4.75794287464823E-32,-3.94430452610506E-31,
-1.));
#8182=DIRECTION('ref_axis',(0.28978414868844,0.95709202648905,-3.63718476943601E-31));
#8183=DIRECTION('',(-1.,-7.03754085578413E-63,-4.75794287464823E-32));
#8184=DIRECTION('center_axis',(4.75794287464823E-32,-3.94430452610506E-31,
-1.));
#8185=DIRECTION('ref_axis',(-0.707106781186554,0.707106781186541,-3.12548184458985E-31));
#8186=DIRECTION('',(-1.17292347596402E-62,-1.,3.94430452610506E-31));
#8187=DIRECTION('center_axis',(4.75794287464823E-32,-3.94430452610506E-31,
-1.));
#8188=DIRECTION('ref_axis',(-0.707106781186554,-0.707106781186541,2.45260711035745E-31));
#8189=DIRECTION('',(1.,7.03754085578413E-63,4.75794287464823E-32));
#8190=DIRECTION('',(0.832050294337844,0.554700196225229,-1.79202171767316E-31));
#8191=DIRECTION('center_axis',(-4.75794287464823E-32,3.94430452610506E-31,
1.));
#8192=DIRECTION('ref_axis',(-0.289784148688441,0.957092026489049,-3.91294005452364E-31));
#8193=DIRECTION('',(1.,1.97372982155584E-15,4.75794287464815E-32));
#8194=DIRECTION('center_axis',(-4.75794287464823E-32,3.94430452610506E-31,
1.));
#8195=DIRECTION('ref_axis',(0.289784148688443,0.957092026489049,-3.637184769436E-31));
#8196=DIRECTION('',(0.83205029433784,-0.554700196225235,2.58379127153193E-31));
#8197=DIRECTION('center_axis',(4.75794287464823E-32,-3.94430452610506E-31,
-1.));
#8198=DIRECTION('ref_axis',(-0.289784148688426,-0.957092026489054,3.63718476943603E-31));
#8199=DIRECTION('',(1.,7.03754085578413E-63,4.75794287464823E-32));
#8200=DIRECTION('center_axis',(4.75794287464823E-32,-3.94430452610506E-31,
-1.));
#8201=DIRECTION('ref_axis',(0.289784148688426,-0.957092026489054,3.91294005452365E-31));
#8202=DIRECTION('',(0.832050294337844,0.554700196225229,-1.79202171767316E-31));
#8203=DIRECTION('center_axis',(-4.75794287464823E-32,3.94430452610506E-31,
1.));
#8204=DIRECTION('ref_axis',(-0.289784148688433,0.957092026489052,-3.91294005452364E-31));
#8205=DIRECTION('',(1.,1.97372982155584E-15,4.75794287464815E-32));
#8206=DIRECTION('center_axis',(-4.75794287464823E-32,3.94430452610506E-31,
1.));
#8207=DIRECTION('ref_axis',(0.289784148688435,0.957092026489051,-3.63718476943601E-31));
#8208=DIRECTION('',(0.83205029433784,-0.554700196225235,2.58379127153193E-31));
#8209=DIRECTION('center_axis',(4.75794287464823E-32,-3.94430452610506E-31,
-1.));
#8210=DIRECTION('ref_axis',(-0.289784148688434,-0.957092026489052,3.63718476943602E-31));
#8211=DIRECTION('',(1.,7.03754085578413E-63,4.75794287464823E-32));
#8212=DIRECTION('center_axis',(4.75794287464823E-32,-3.94430452610506E-31,
-1.));
#8213=DIRECTION('ref_axis',(0.28978414868843,-0.957092026489053,3.91294005452365E-31));
#8214=DIRECTION('',(0.832050294337844,0.554700196225229,-1.79202171767316E-31));
#8215=DIRECTION('center_axis',(-4.75794287464823E-32,3.94430452610506E-31,
1.));
#8216=DIRECTION('ref_axis',(-0.289784148688431,0.957092026489053,-3.91294005452365E-31));
#8217=DIRECTION('',(1.,1.97372982155584E-15,4.75794287464815E-32));
#8218=DIRECTION('center_axis',(-4.75794287464823E-32,3.94430452610506E-31,
1.));
#8219=DIRECTION('ref_axis',(0.289784148688433,0.957092026489052,-3.63718476943602E-31));
#8220=DIRECTION('',(0.83205029433784,-0.554700196225235,2.58379127153193E-31));
#8221=DIRECTION('center_axis',(4.75794287464823E-32,-3.94430452610506E-31,
-1.));
#8222=DIRECTION('ref_axis',(-0.289784148688436,-0.957092026489051,3.63718476943601E-31));
#8223=DIRECTION('',(-1.,-7.03754085578413E-63,-4.75794287464823E-32));
#8224=DIRECTION('center_axis',(-0.554700196225229,0.832050294337844,-3.54578292652338E-31));
#8225=DIRECTION('ref_axis',(0.832050294337844,0.554700196225229,-1.79202171767316E-31));
#8226=DIRECTION('',(-0.832050294337844,-0.554700196225229,1.79202171767316E-31));
#8227=DIRECTION('',(4.75794287464823E-32,-3.94430452610506E-31,-1.));
#8228=DIRECTION('center_axis',(4.75794287464823E-32,-3.94430452610506E-31,
-1.));
#8229=DIRECTION('ref_axis',(-0.289784148688441,0.957092026489049,-3.91294005452364E-31));
#8230=DIRECTION('center_axis',(4.75794287464823E-32,-3.94430452610506E-31,
-1.));
#8231=DIRECTION('ref_axis',(-0.289784148688441,0.957092026489049,-3.91294005452364E-31));
#8232=DIRECTION('',(-4.75794287464823E-32,3.94430452610506E-31,1.));
#8233=DIRECTION('center_axis',(4.75794287464823E-32,-3.94430452610506E-31,
-1.));
#8234=DIRECTION('ref_axis',(0.289784148688443,0.957092026489049,-3.637184769436E-31));
#8235=DIRECTION('',(4.75794287464823E-32,-3.94430452610506E-31,-1.));
#8236=DIRECTION('center_axis',(4.75794287464823E-32,-3.94430452610506E-31,
-1.));
#8237=DIRECTION('ref_axis',(0.289784148688443,0.957092026489049,-3.637184769436E-31));
#8238=DIRECTION('',(-4.75794287464823E-32,3.94430452610506E-31,1.));
#8239=DIRECTION('center_axis',(-1.97372982155584E-15,1.,-3.94430452610506E-31));
#8240=DIRECTION('ref_axis',(1.,1.97372982155584E-15,4.75794287464815E-32));
#8241=DIRECTION('',(-1.,-1.97372982155584E-15,-4.75794287464815E-32));
#8242=DIRECTION('center_axis',(4.75794287464823E-32,-3.94430452610506E-31,
-1.));
#8243=DIRECTION('ref_axis',(-0.289784148688426,-0.957092026489054,3.63718476943603E-31));
#8244=DIRECTION('center_axis',(-4.75794287464823E-32,3.94430452610506E-31,
1.));
#8245=DIRECTION('ref_axis',(-0.289784148688426,-0.957092026489054,3.63718476943603E-31));
#8246=DIRECTION('',(-4.75794287464823E-32,3.94430452610506E-31,1.));
#8247=DIRECTION('',(4.75794287464823E-32,-3.94430452610506E-31,-1.));
#8248=DIRECTION('center_axis',(0.554700196225235,0.83205029433784,-3.0179365572842E-31));
#8249=DIRECTION('ref_axis',(0.83205029433784,-0.554700196225235,2.58379127153193E-31));
#8250=DIRECTION('',(-0.83205029433784,0.554700196225235,-2.58379127153193E-31));
#8251=DIRECTION('center_axis',(4.75794287464823E-32,-3.94430452610506E-31,
-1.));
#8252=DIRECTION('ref_axis',(-0.289784148688434,-0.957092026489052,3.63718476943602E-31));
#8253=DIRECTION('center_axis',(-4.75794287464823E-32,3.94430452610506E-31,
1.));
#8254=DIRECTION('ref_axis',(-0.289784148688434,-0.957092026489052,3.63718476943602E-31));
#8255=DIRECTION('',(-4.75794287464823E-32,3.94430452610506E-31,1.));
#8256=DIRECTION('',(4.75794287464823E-32,-3.94430452610506E-31,-1.));
#8257=DIRECTION('center_axis',(-1.17292347596402E-62,-1.,3.94430452610506E-31));
#8258=DIRECTION('ref_axis',(1.,7.03754085578413E-63,4.75794287464823E-32));
#8259=DIRECTION('',(-1.,-7.03754085578413E-63,-4.75794287464823E-32));
#8260=DIRECTION('',(4.75794287464823E-32,-3.94430452610506E-31,-1.));
#8261=DIRECTION('center_axis',(4.75794287464823E-32,-3.94430452610506E-31,
-1.));
#8262=DIRECTION('ref_axis',(0.289784148688435,0.957092026489051,-3.63718476943601E-31));
#8263=DIRECTION('',(4.75794287464823E-32,-3.94430452610506E-31,-1.));
#8264=DIRECTION('center_axis',(4.75794287464823E-32,-3.94430452610506E-31,
-1.));
#8265=DIRECTION('ref_axis',(0.289784148688435,0.957092026489051,-3.63718476943601E-31));
#8266=DIRECTION('',(-4.75794287464823E-32,3.94430452610506E-31,1.));
#8267=DIRECTION('center_axis',(-1.97372982155584E-15,1.,-3.94430452610506E-31));
#8268=DIRECTION('ref_axis',(1.,1.97372982155584E-15,4.75794287464815E-32));
#8269=DIRECTION('',(-4.75794287464823E-32,3.94430452610506E-31,1.));
#8270=DIRECTION('',(-1.,-1.97372982155584E-15,-4.75794287464815E-32));
#8271=DIRECTION('center_axis',(-4.75794287464823E-32,3.94430452610506E-31,
1.));
#8272=DIRECTION('ref_axis',(0.289784148688426,-0.957092026489054,3.91294005452365E-31));
#8273=DIRECTION('',(4.75794287464823E-32,-3.94430452610506E-31,-1.));
#8274=DIRECTION('center_axis',(-4.75794287464823E-32,3.94430452610506E-31,
1.));
#8275=DIRECTION('ref_axis',(0.289784148688426,-0.957092026489054,3.91294005452365E-31));
#8276=DIRECTION('',(-4.75794287464823E-32,3.94430452610506E-31,1.));
#8277=DIRECTION('center_axis',(-0.554700196225229,0.832050294337844,-3.54578292652338E-31));
#8278=DIRECTION('ref_axis',(0.832050294337844,0.554700196225229,-1.79202171767316E-31));
#8279=DIRECTION('',(-0.832050294337844,-0.554700196225229,1.79202171767316E-31));
#8280=DIRECTION('',(4.75794287464823E-32,-3.94430452610506E-31,-1.));
#8281=DIRECTION('center_axis',(4.75794287464823E-32,-3.94430452610506E-31,
-1.));
#8282=DIRECTION('ref_axis',(-0.289784148688433,0.957092026489052,-3.91294005452364E-31));
#8283=DIRECTION('center_axis',(4.75794287464823E-32,-3.94430452610506E-31,
-1.));
#8284=DIRECTION('ref_axis',(-0.289784148688433,0.957092026489052,-3.91294005452364E-31));
#8285=DIRECTION('center_axis',(-4.75794287464823E-32,3.94430452610506E-31,
1.));
#8286=DIRECTION('ref_axis',(0.28978414868843,-0.957092026489053,3.91294005452365E-31));
#8287=DIRECTION('center_axis',(-4.75794287464823E-32,3.94430452610506E-31,
1.));
#8288=DIRECTION('ref_axis',(0.28978414868843,-0.957092026489053,3.91294005452365E-31));
#8289=DIRECTION('',(-4.75794287464823E-32,3.94430452610506E-31,1.));
#8290=DIRECTION('center_axis',(-0.554700196225229,0.832050294337844,-3.54578292652338E-31));
#8291=DIRECTION('ref_axis',(0.832050294337844,0.554700196225229,-1.79202171767316E-31));
#8292=DIRECTION('',(-0.832050294337844,-0.554700196225229,1.79202171767316E-31));
#8293=DIRECTION('',(4.75794287464823E-32,-3.94430452610506E-31,-1.));
#8294=DIRECTION('center_axis',(4.75794287464823E-32,-3.94430452610506E-31,
-1.));
#8295=DIRECTION('ref_axis',(-0.289784148688431,0.957092026489053,-3.91294005452365E-31));
#8296=DIRECTION('center_axis',(4.75794287464823E-32,-3.94430452610506E-31,
-1.));
#8297=DIRECTION('ref_axis',(-0.289784148688431,0.957092026489053,-3.91294005452365E-31));
#8298=DIRECTION('',(-4.75794287464823E-32,3.94430452610506E-31,1.));
#8299=DIRECTION('center_axis',(4.75794287464823E-32,-3.94430452610506E-31,
-1.));
#8300=DIRECTION('ref_axis',(0.289784148688433,0.957092026489052,-3.63718476943602E-31));
#8301=DIRECTION('',(4.75794287464823E-32,-3.94430452610506E-31,-1.));
#8302=DIRECTION('center_axis',(4.75794287464823E-32,-3.94430452610506E-31,
-1.));
#8303=DIRECTION('ref_axis',(0.289784148688433,0.957092026489052,-3.63718476943602E-31));
#8304=DIRECTION('',(-4.75794287464823E-32,3.94430452610506E-31,1.));
#8305=DIRECTION('center_axis',(-1.97372982155584E-15,1.,-3.94430452610506E-31));
#8306=DIRECTION('ref_axis',(1.,1.97372982155584E-15,4.75794287464815E-32));
#8307=DIRECTION('',(-1.,-1.97372982155584E-15,-4.75794287464815E-32));
#8308=DIRECTION('center_axis',(4.75794287464823E-32,-3.94430452610506E-31,
-1.));
#8309=DIRECTION('ref_axis',(-0.289784148688436,-0.957092026489051,3.63718476943601E-31));
#8310=DIRECTION('center_axis',(-4.75794287464823E-32,3.94430452610506E-31,
1.));
#8311=DIRECTION('ref_axis',(-0.289784148688436,-0.957092026489051,3.63718476943601E-31));
#8312=DIRECTION('',(-4.75794287464823E-32,3.94430452610506E-31,1.));
#8313=DIRECTION('',(4.75794287464823E-32,-3.94430452610506E-31,-1.));
#8314=DIRECTION('center_axis',(-1.17292347596402E-62,-1.,3.94430452610506E-31));
#8315=DIRECTION('ref_axis',(1.,7.03754085578413E-63,4.75794287464823E-32));
#8316=DIRECTION('',(1.,7.03754085578413E-63,4.75794287464823E-32));
#8317=DIRECTION('center_axis',(-4.75794287464823E-32,3.94430452610506E-31,
1.));
#8318=DIRECTION('ref_axis',(-0.289784148688421,0.957092026489056,-3.91294005452365E-31));
#8319=DIRECTION('',(4.75794287464823E-32,-3.94430452610506E-31,-1.));
#8320=DIRECTION('center_axis',(-4.75794287464823E-32,3.94430452610506E-31,
1.));
#8321=DIRECTION('ref_axis',(-0.289784148688421,0.957092026489056,-3.91294005452365E-31));
#8322=DIRECTION('',(-4.75794287464823E-32,3.94430452610506E-31,1.));
#8323=DIRECTION('center_axis',(0.554700196225213,-0.832050294337854,3.54578292652342E-31));
#8324=DIRECTION('ref_axis',(-0.832050294337854,-0.554700196225213,1.7920217176731E-31));
#8325=DIRECTION('',(0.832050294337854,0.554700196225213,-1.7920217176731E-31));
#8326=DIRECTION('',(4.75794287464823E-32,-3.94430452610506E-31,-1.));
#8327=DIRECTION('center_axis',(4.75794287464823E-32,-3.94430452610506E-31,
-1.));
#8328=DIRECTION('ref_axis',(0.289784148688424,-0.957092026489055,3.91294005452365E-31));
#8329=DIRECTION('center_axis',(4.75794287464823E-32,-3.94430452610506E-31,
-1.));
#8330=DIRECTION('ref_axis',(0.289784148688424,-0.957092026489055,3.91294005452365E-31));
#8331=DIRECTION('',(-4.75794287464823E-32,3.94430452610506E-31,1.));
#8332=DIRECTION('center_axis',(4.75794287464823E-32,-3.94430452610506E-31,
-1.));
#8333=DIRECTION('ref_axis',(-0.289784148688429,-0.957092026489053,3.63718476943602E-31));
#8334=DIRECTION('',(4.75794287464823E-32,-3.94430452610506E-31,-1.));
#8335=DIRECTION('center_axis',(4.75794287464823E-32,-3.94430452610506E-31,
-1.));
#8336=DIRECTION('ref_axis',(-0.289784148688429,-0.957092026489053,3.63718476943602E-31));
#8337=DIRECTION('',(-4.75794287464823E-32,3.94430452610506E-31,1.));
#8338=DIRECTION('center_axis',(4.93432455388959E-15,-1.,3.94430452610506E-31));
#8339=DIRECTION('ref_axis',(-1.,-4.93432455388959E-15,-4.75794287464804E-32));
#8340=DIRECTION('',(1.,4.93432455388959E-15,4.75794287464804E-32));
#8341=DIRECTION('center_axis',(4.75794287464823E-32,-3.94430452610506E-31,
-1.));
#8342=DIRECTION('ref_axis',(0.28978414868843,0.957092026489053,-3.63718476943602E-31));
#8343=DIRECTION('center_axis',(-4.75794287464823E-32,3.94430452610506E-31,
1.));
#8344=DIRECTION('ref_axis',(0.28978414868843,0.957092026489053,-3.63718476943602E-31));
#8345=DIRECTION('',(-4.75794287464823E-32,3.94430452610506E-31,1.));
#8346=DIRECTION('',(4.75794287464823E-32,-3.94430452610506E-31,-1.));
#8347=DIRECTION('center_axis',(1.17292347596402E-62,1.,-3.94430452610506E-31));
#8348=DIRECTION('ref_axis',(-1.,-7.03754085578413E-63,-4.75794287464823E-32));
#8349=DIRECTION('',(1.,7.03754085578413E-63,4.75794287464823E-32));
#8350=DIRECTION('',(4.75794287464823E-32,-3.94430452610506E-31,-1.));
#8351=DIRECTION('center_axis',(-4.75794287464823E-32,3.94430452610506E-31,
1.));
#8352=DIRECTION('ref_axis',(-0.289784148688426,0.957092026489054,-3.91294005452365E-31));
#8353=DIRECTION('center_axis',(-4.75794287464823E-32,3.94430452610506E-31,
1.));
#8354=DIRECTION('ref_axis',(-0.289784148688426,0.957092026489054,-3.91294005452365E-31));
#8355=DIRECTION('',(-4.75794287464823E-32,3.94430452610506E-31,1.));
#8356=DIRECTION('center_axis',(0.554700196225213,-0.832050294337854,3.54578292652342E-31));
#8357=DIRECTION('ref_axis',(-0.832050294337854,-0.554700196225213,1.7920217176731E-31));
#8358=DIRECTION('',(0.832050294337854,0.554700196225213,-1.7920217176731E-31));
#8359=DIRECTION('',(4.75794287464823E-32,-3.94430452610506E-31,-1.));
#8360=DIRECTION('center_axis',(4.75794287464823E-32,-3.94430452610506E-31,
-1.));
#8361=DIRECTION('ref_axis',(0.289784148688424,-0.957092026489055,3.91294005452365E-31));
#8362=DIRECTION('center_axis',(4.75794287464823E-32,-3.94430452610506E-31,
-1.));
#8363=DIRECTION('ref_axis',(0.289784148688424,-0.957092026489055,3.91294005452365E-31));
#8364=DIRECTION('',(-4.75794287464823E-32,3.94430452610506E-31,1.));
#8365=DIRECTION('center_axis',(4.75794287464823E-32,-3.94430452610506E-31,
-1.));
#8366=DIRECTION('ref_axis',(-0.289784148688426,-0.957092026489054,3.63718476943603E-31));
#8367=DIRECTION('',(4.75794287464823E-32,-3.94430452610506E-31,-1.));
#8368=DIRECTION('center_axis',(4.75794287464823E-32,-3.94430452610506E-31,
-1.));
#8369=DIRECTION('ref_axis',(-0.289784148688426,-0.957092026489054,3.63718476943603E-31));
#8370=DIRECTION('',(-4.75794287464823E-32,3.94430452610506E-31,1.));
#8371=DIRECTION('center_axis',(4.93432455388959E-15,-1.,3.94430452610506E-31));
#8372=DIRECTION('ref_axis',(-1.,-4.93432455388959E-15,-4.75794287464804E-32));
#8373=DIRECTION('',(1.,4.93432455388959E-15,4.75794287464804E-32));
#8374=DIRECTION('center_axis',(4.75794287464823E-32,-3.94430452610506E-31,
-1.));
#8375=DIRECTION('ref_axis',(0.289784148688426,0.957092026489054,-3.63718476943603E-31));
#8376=DIRECTION('center_axis',(-4.75794287464823E-32,3.94430452610506E-31,
1.));
#8377=DIRECTION('ref_axis',(0.289784148688426,0.957092026489054,-3.63718476943603E-31));
#8378=DIRECTION('',(-4.75794287464823E-32,3.94430452610506E-31,1.));
#8379=DIRECTION('',(4.75794287464823E-32,-3.94430452610506E-31,-1.));
#8380=DIRECTION('center_axis',(1.17292347596402E-62,1.,-3.94430452610506E-31));
#8381=DIRECTION('ref_axis',(-1.,-7.03754085578413E-63,-4.75794287464823E-32));
#8382=DIRECTION('',(1.,7.03754085578413E-63,4.75794287464823E-32));
#8383=DIRECTION('',(4.75794287464823E-32,-3.94430452610506E-31,-1.));
#8384=DIRECTION('center_axis',(-4.75794287464823E-32,3.94430452610506E-31,
1.));
#8385=DIRECTION('ref_axis',(-0.28978414868842,0.957092026489056,-3.91294005452365E-31));
#8386=DIRECTION('center_axis',(-4.75794287464823E-32,3.94430452610506E-31,
1.));
#8387=DIRECTION('ref_axis',(-0.28978414868842,0.957092026489056,-3.91294005452365E-31));
#8388=DIRECTION('',(-4.75794287464823E-32,3.94430452610506E-31,1.));
#8389=DIRECTION('center_axis',(0.554700196225213,-0.832050294337854,3.54578292652342E-31));
#8390=DIRECTION('ref_axis',(-0.832050294337854,-0.554700196225213,1.7920217176731E-31));
#8391=DIRECTION('',(0.832050294337854,0.554700196225213,-1.7920217176731E-31));
#8392=DIRECTION('',(4.75794287464823E-32,-3.94430452610506E-31,-1.));
#8393=DIRECTION('center_axis',(4.75794287464823E-32,-3.94430452610506E-31,
-1.));
#8394=DIRECTION('ref_axis',(0.289784148688424,-0.957092026489055,3.91294005452365E-31));
#8395=DIRECTION('center_axis',(4.75794287464823E-32,-3.94430452610506E-31,
-1.));
#8396=DIRECTION('ref_axis',(0.289784148688424,-0.957092026489055,3.91294005452365E-31));
#8397=DIRECTION('',(-4.75794287464823E-32,3.94430452610506E-31,1.));
#8398=DIRECTION('center_axis',(4.75794287464823E-32,-3.94430452610506E-31,
-1.));
#8399=DIRECTION('ref_axis',(-0.289784148688443,-0.957092026489049,3.637184769436E-31));
#8400=DIRECTION('',(4.75794287464823E-32,-3.94430452610506E-31,-1.));
#8401=DIRECTION('center_axis',(4.75794287464823E-32,-3.94430452610506E-31,
-1.));
#8402=DIRECTION('ref_axis',(-0.289784148688443,-0.957092026489049,3.637184769436E-31));
#8403=DIRECTION('',(-4.75794287464823E-32,3.94430452610506E-31,1.));
#8404=DIRECTION('center_axis',(4.93432455388959E-15,-1.,3.94430452610506E-31));
#8405=DIRECTION('ref_axis',(-1.,-4.93432455388959E-15,-4.75794287464804E-32));
#8406=DIRECTION('',(1.,4.93432455388959E-15,4.75794287464804E-32));
#8407=DIRECTION('center_axis',(4.75794287464823E-32,-3.94430452610506E-31,
-1.));
#8408=DIRECTION('ref_axis',(0.28978414868844,0.95709202648905,-3.63718476943601E-31));
#8409=DIRECTION('center_axis',(-4.75794287464823E-32,3.94430452610506E-31,
1.));
#8410=DIRECTION('ref_axis',(0.28978414868844,0.95709202648905,-3.63718476943601E-31));
#8411=DIRECTION('',(-4.75794287464823E-32,3.94430452610506E-31,1.));
#8412=DIRECTION('',(4.75794287464823E-32,-3.94430452610506E-31,-1.));
#8413=DIRECTION('center_axis',(1.17292347596402E-62,1.,-3.94430452610506E-31));
#8414=DIRECTION('ref_axis',(-1.,-7.03754085578413E-63,-4.75794287464823E-32));
#8415=DIRECTION('',(1.,7.03754085578413E-63,4.75794287464823E-32));
#8416=DIRECTION('',(4.75794287464823E-32,-3.94430452610506E-31,-1.));
#8417=DIRECTION('center_axis',(4.75794287464823E-32,-3.94430452610506E-31,
-1.));
#8418=DIRECTION('ref_axis',(-0.707106781186554,-0.707106781186541,2.45260711035745E-31));
#8419=DIRECTION('center_axis',(-4.75794287464823E-32,3.94430452610506E-31,
1.));
#8420=DIRECTION('ref_axis',(-0.707106781186554,-0.707106781186541,2.45260711035745E-31));
#8421=DIRECTION('',(-4.75794287464823E-32,3.94430452610506E-31,1.));
#8422=DIRECTION('',(4.75794287464823E-32,-3.94430452610506E-31,-1.));
#8423=DIRECTION('center_axis',(-1.17292347596402E-62,-1.,3.94430452610506E-31));
#8424=DIRECTION('ref_axis',(1.,7.03754085578413E-63,4.75794287464823E-32));
#8425=DIRECTION('',(-1.,-7.03754085578413E-63,-4.75794287464823E-32));
#8426=DIRECTION('center_axis',(4.75794287464823E-32,-3.94430452610506E-31,
-1.));
#8427=DIRECTION('ref_axis',(-0.707106781186554,0.707106781186541,-3.12548184458985E-31));
#8428=DIRECTION('center_axis',(-4.75794287464823E-32,3.94430452610506E-31,
1.));
#8429=DIRECTION('ref_axis',(-0.707106781186554,0.707106781186541,-3.12548184458985E-31));
#8430=DIRECTION('',(-4.75794287464823E-32,3.94430452610506E-31,1.));
#8431=DIRECTION('center_axis',(-1.,-7.03754085578413E-63,-4.75794287464823E-32));
#8432=DIRECTION('ref_axis',(1.17292347596402E-62,1.,-3.94430452610506E-31));
#8433=DIRECTION('',(1.17292347596402E-62,1.,-3.94430452610506E-31));
#8434=DIRECTION('center_axis',(0.554700196225235,0.83205029433784,-3.0179365572842E-31));
#8435=DIRECTION('ref_axis',(0.83205029433784,-0.554700196225235,2.58379127153193E-31));
#8436=DIRECTION('',(-0.83205029433784,0.554700196225235,-2.58379127153193E-31));
#8437=DIRECTION('center_axis',(-0.55470019622523,-0.832050294337843,3.01793655728422E-31));
#8438=DIRECTION('ref_axis',(-0.832050294337843,0.55470019622523,-2.58379127153191E-31));
#8439=DIRECTION('',(0.832050294337843,-0.55470019622523,2.58379127153191E-31));
#8440=DIRECTION('center_axis',(-0.55470019622523,-0.832050294337843,3.01793655728422E-31));
#8441=DIRECTION('ref_axis',(-0.832050294337843,0.55470019622523,-2.58379127153191E-31));
#8442=DIRECTION('',(0.832050294337843,-0.55470019622523,2.58379127153191E-31));
#8443=DIRECTION('center_axis',(-0.55470019622523,-0.832050294337843,3.01793655728422E-31));
#8444=DIRECTION('ref_axis',(-0.832050294337843,0.55470019622523,-2.58379127153191E-31));
#8445=DIRECTION('',(0.832050294337843,-0.55470019622523,2.58379127153191E-31));
#8446=DIRECTION('center_axis',(0.554700196225235,0.83205029433784,-3.0179365572842E-31));
#8447=DIRECTION('ref_axis',(0.83205029433784,-0.554700196225235,2.58379127153193E-31));
#8448=DIRECTION('',(-0.83205029433784,0.554700196225235,-2.58379127153193E-31));
#8449=DIRECTION('center_axis',(1.17292347596402E-62,1.,-3.94430452610506E-31));
#8450=DIRECTION('ref_axis',(-1.,-7.03754085578413E-63,-4.75794287464823E-32));
#8451=DIRECTION('',(4.75794287464823E-32,-3.94430452610506E-31,-1.));
#8452=DIRECTION('',(1.,7.03754085578413E-63,4.75794287464823E-32));
#8453=DIRECTION('center_axis',(-1.17292347596402E-62,-1.,3.94430452610506E-31));
#8454=DIRECTION('ref_axis',(1.,7.03754085578413E-63,4.75794287464823E-32));
#8455=DIRECTION('',(-1.,-7.03754085578413E-63,-4.75794287464823E-32));
#8456=DIRECTION('center_axis',(-4.75794287464823E-32,3.94430452610506E-31,
1.));
#8457=DIRECTION('ref_axis',(1.,7.03754085578413E-63,4.75794287464823E-32));
#8458=DIRECTION('',(1.,7.03754085578413E-63,4.75794287464823E-32));
#8459=DIRECTION('',(1.11022302462516E-15,-1.,3.94430452610506E-31));
#8460=DIRECTION('center_axis',(1.,-4.44089209850063E-16,4.75794287464825E-32));
#8461=DIRECTION('ref_axis',(4.44089209850063E-16,1.,-3.94430452610506E-31));
#8462=DIRECTION('',(-4.75794287464823E-32,3.94430452610506E-31,1.));
#8463=DIRECTION('center_axis',(3.20144104805191E-48,-1.,-6.72862439166757E-17));
#8464=DIRECTION('ref_axis',(-1.,-7.03754085578413E-63,-4.75794287464823E-32));
#8465=DIRECTION('center_axis',(2.91339975598195E-48,-1.,-6.12323399573673E-17));
#8466=DIRECTION('ref_axis',(-1.,-7.03754085578413E-63,-4.75794287464823E-32));
#8467=DIRECTION('',(3.20144104805191E-48,-1.,-6.72862439166757E-17));
#8468=DIRECTION('center_axis',(-1.45669987799096E-48,1.,3.06161699786834E-17));
#8469=DIRECTION('ref_axis',(-1.,-7.03754085578413E-63,-4.75794287464823E-32));
#8470=DIRECTION('center_axis',(-2.91339975598195E-48,1.,6.12323399573673E-17));
#8471=DIRECTION('ref_axis',(-0.707106781186548,4.32978028117744E-17,-0.707106781186547));
#8472=DIRECTION('center_axis',(2.91339975598195E-48,-1.,-6.12323399573673E-17));
#8473=DIRECTION('ref_axis',(-0.707106781186548,4.32978028117744E-17,-0.707106781186547));
#8474=DIRECTION('',(2.91339975598195E-48,-1.,-6.12323399573673E-17));
#8475=DIRECTION('center_axis',(-1.45669987799096E-48,1.,3.06161699786834E-17));
#8476=DIRECTION('ref_axis',(-0.707106781186548,2.1648901405887E-17,-0.707106781186547));
#8477=DIRECTION('',(-2.91339975598195E-48,1.,6.12323399573673E-17));
#8478=DIRECTION('center_axis',(-1.,-7.03754085578413E-63,-4.75794287464823E-32));
#8479=DIRECTION('ref_axis',(-4.75794287464823E-32,-6.12323399573673E-17,
1.));
#8480=DIRECTION('',(-4.75794287464823E-32,3.94430452610506E-31,1.));
#8481=DIRECTION('',(-2.91339975598195E-48,1.,6.12323399573673E-17));
#8482=DIRECTION('',(-4.75794287464823E-32,-6.12323399573673E-17,1.));
#8483=DIRECTION('center_axis',(1.45669987799096E-48,-1.,-3.06161699786834E-17));
#8484=DIRECTION('ref_axis',(-1.,-7.03754085578413E-63,-4.75794287464823E-32));
#8485=DIRECTION('',(1.,7.03754085578413E-63,4.75794287464823E-32));
#8486=DIRECTION('center_axis',(-1.45669987799096E-48,1.,3.06161699786834E-17));
#8487=DIRECTION('ref_axis',(0.707106781186548,2.1648901405887E-17,-0.707106781186547));
#8488=DIRECTION('',(-4.75794287464823E-32,3.94430452610506E-31,1.));
#8489=DIRECTION('',(-1.,-7.03754085578413E-63,-4.75794287464823E-32));
#8490=DIRECTION('center_axis',(-2.91339975598195E-48,1.,6.12323399573673E-17));
#8491=DIRECTION('ref_axis',(0.707106781186548,4.32978028117744E-17,-0.707106781186547));
#8492=DIRECTION('center_axis',(2.91339975598195E-48,-1.,-6.12323399573673E-17));
#8493=DIRECTION('ref_axis',(0.707106781186548,4.32978028117744E-17,-0.707106781186547));
#8494=DIRECTION('',(2.91339975598195E-48,-1.,-6.12323399573673E-17));
#8495=DIRECTION('',(-2.91339975598195E-48,1.,6.12323399573673E-17));
#8496=DIRECTION('center_axis',(1.,7.03754085578413E-63,4.75794287464823E-32));
#8497=DIRECTION('ref_axis',(4.75794287464823E-32,-3.94430452610506E-31,
-1.));
#8498=DIRECTION('',(4.75794287464823E-32,-3.94430452610506E-31,-1.));
#8499=DIRECTION('',(2.91339975598195E-48,-1.,-6.12323399573673E-17));
#8500=DIRECTION('center_axis',(-1.,-7.03754085578413E-63,-4.75794287464823E-32));
#8501=DIRECTION('ref_axis',(-4.75794287464823E-32,3.94430452610506E-31,
1.));
#8502=DIRECTION('',(1.,7.03754085578413E-63,4.75794287464823E-32));
#8503=DIRECTION('center_axis',(1.,7.03754085578413E-63,4.75794287464823E-32));
#8504=DIRECTION('ref_axis',(-3.30148608080353E-48,1.,6.93889390390719E-17));
#8505=DIRECTION('center_axis',(-1.,-7.03754085578413E-63,-4.75794287464823E-32));
#8506=DIRECTION('ref_axis',(-4.75794287464823E-32,3.94430452610506E-31,
1.));
#8507=DIRECTION('center_axis',(-1.,-7.03754085578413E-63,-4.75794287464823E-32));
#8508=DIRECTION('ref_axis',(-4.75794287464823E-32,3.94430452610506E-31,
1.));
#8509=DIRECTION('center_axis',(1.,7.03754085578413E-63,4.75794287464823E-32));
#8510=DIRECTION('ref_axis',(1.17292347596402E-62,1.,-3.94430452610506E-31));
#8511=DIRECTION('center_axis',(1.,7.03754085578413E-63,4.75794287464823E-32));
#8512=DIRECTION('ref_axis',(4.75794287464823E-32,-3.94430452610506E-31,
-1.));
#8513=DIRECTION('center_axis',(1.,7.03754085578413E-63,4.75794287464823E-32));
#8514=DIRECTION('ref_axis',(1.17292347596402E-62,1.,-3.94430452610506E-31));
#8515=DIRECTION('center_axis',(4.75794287464823E-32,6.12323399573673E-17,
-1.));
#8516=DIRECTION('ref_axis',(-1.,-7.03754085578413E-63,-4.75794287464823E-32));
#8517=DIRECTION('',(-1.,-7.03754085578413E-63,-4.75794287464823E-32));
#8518=DIRECTION('center_axis',(-1.,-7.03754085578413E-63,-4.75794287464823E-32));
#8519=DIRECTION('ref_axis',(-4.75794287464823E-32,3.94430452610506E-31,
1.));
#8520=DIRECTION('center_axis',(-2.91339975598195E-48,1.,6.12323399573673E-17));
#8521=DIRECTION('ref_axis',(1.,7.03754085578413E-63,4.75794287464823E-32));
#8522=DIRECTION('axis',(0.,0.,1.));
#8523=DIRECTION('refdir',(1.,0.,0.));
#8524=DIRECTION('center_axis',(1.,5.42021348655675E-64,0.));
#8525=DIRECTION('ref_axis',(-5.42021348655675E-64,1.,2.46519032881566E-32));
#8526=DIRECTION('',(-5.42021348655675E-64,1.,0.));
#8527=DIRECTION('',(1.33618578671759E-95,-2.46519032881566E-32,1.));
#8528=DIRECTION('',(5.42021348655675E-64,-1.,-2.46519032881566E-32));
#8529=DIRECTION('',(-1.33618578671759E-95,2.46519032881566E-32,-1.));
#8530=DIRECTION('center_axis',(1.,5.42021348655675E-64,0.));
#8531=DIRECTION('ref_axis',(-5.42021348655675E-64,1.,2.46519032881566E-32));
#8532=DIRECTION('',(-5.42021348655675E-64,1.,2.46519032881566E-32));
#8533=DIRECTION('',(0.,0.,1.));
#8534=DIRECTION('',(-5.42021348655675E-64,1.,2.46519032881566E-32));
#8535=DIRECTION('',(0.,0.,1.));
#8536=DIRECTION('center_axis',(-5.42021348655675E-64,1.,2.46519032881566E-32));
#8537=DIRECTION('ref_axis',(0.707106781186548,1.74315279842105E-32,-0.707106781186547));
#8538=DIRECTION('center_axis',(5.42021348655675E-64,-1.,-2.46519032881566E-32));
#8539=DIRECTION('ref_axis',(0.707106781186548,1.74315279842105E-32,-0.707106781186547));
#8540=DIRECTION('center_axis',(-5.42021348655675E-64,1.,2.46519032881566E-32));
#8541=DIRECTION('ref_axis',(0.707106781186548,1.74315279842105E-32,-0.707106781186547));
#8542=DIRECTION('',(-5.42021348655675E-64,1.,2.46519032881566E-32));
#8543=DIRECTION('center_axis',(1.,0.,2.19869980147162E-32));
#8544=DIRECTION('ref_axis',(2.19869980147162E-32,2.46519032881566E-32,-1.));
#8545=DIRECTION('',(2.19869980147162E-32,2.46519032881566E-32,-1.));
#8546=DIRECTION('',(5.42021348655675E-64,-1.,-2.46519032881566E-32));
#8547=DIRECTION('',(2.19869980147162E-32,2.46519032881566E-32,-1.));
#8548=DIRECTION('center_axis',(5.42021348655675E-64,-1.,-2.46519032881566E-32));
#8549=DIRECTION('ref_axis',(0.707106781186549,-1.74315279842105E-32,0.707106781186546));
#8550=DIRECTION('center_axis',(-5.42021348655675E-64,1.,2.46519032881566E-32));
#8551=DIRECTION('ref_axis',(0.707106781186549,-1.74315279842105E-32,0.707106781186546));
#8552=DIRECTION('center_axis',(5.42021348655675E-64,-1.,-2.46519032881566E-32));
#8553=DIRECTION('ref_axis',(0.707106781186549,-1.74315279842105E-32,0.707106781186546));
#8554=DIRECTION('center_axis',(5.42021348655675E-64,-1.,-2.46519032881566E-32));
#8555=DIRECTION('ref_axis',(1.,0.,2.19869980147162E-32));
#8556=DIRECTION('center_axis',(5.42021348655675E-64,-1.,-2.46519032881566E-32));
#8557=DIRECTION('ref_axis',(1.,0.,2.19869980147162E-32));
#8558=DIRECTION('',(-5.42021348655675E-64,1.,2.46519032881566E-32));
#8559=DIRECTION('center_axis',(-5.42021348655675E-64,1.,2.46519032881566E-32));
#8560=DIRECTION('ref_axis',(1.,0.,2.19869980147162E-32));
#8561=DIRECTION('center_axis',(-2.96059473233375E-15,1.,7.39557098644697E-32));
#8562=DIRECTION('ref_axis',(0.707106781186548,4.18691322315673E-15,0.707106781186547));
#8563=DIRECTION('center_axis',(1.74574066942157E-15,-1.,-7.39557098644697E-32));
#8564=DIRECTION('ref_axis',(0.707106781186548,4.18691322315673E-15,0.707106781186547));
#8565=DIRECTION('',(2.96059473233375E-15,-1.,-7.39557098644697E-32));
#8566=DIRECTION('center_axis',(-1.71512449944288E-15,1.,7.39557098644697E-32));
#8567=DIRECTION('ref_axis',(0.707106781186548,4.18691322315673E-15,0.707106781186547));
#8568=DIRECTION('',(-2.96059473233375E-15,1.,7.39557098644697E-32));
#8569=DIRECTION('center_axis',(6.59609940441485E-32,7.39557098644699E-32,
-1.));
#8570=DIRECTION('ref_axis',(-1.,1.62606404596702E-63,-6.59609940441485E-32));
#8571=DIRECTION('',(-1.,-1.74574066942157E-15,0.));
#8572=DIRECTION('',(1.,1.74574066942157E-15,6.59609940441487E-32));
#8573=DIRECTION('center_axis',(-6.59609940441485E-32,-7.39557098644699E-32,
1.));
#8574=DIRECTION('ref_axis',(-0.707106781186555,-0.70710678118654,0.));
#8575=DIRECTION('',(-5.42021348655675E-64,1.,2.46519032881566E-32));
#8576=DIRECTION('',(1.,0.,6.59609940441485E-32));
#8577=DIRECTION('',(-5.42021348655675E-64,1.,2.46519032881566E-32));
#8578=DIRECTION('center_axis',(6.59609940441485E-32,7.39557098644699E-32,
-1.));
#8579=DIRECTION('ref_axis',(-0.707106781186548,-0.707106781186547,0.));
#8580=DIRECTION('',(-1.,-1.71512449944288E-15,-6.59609940441487E-32));
#8581=DIRECTION('',(1.,1.71512449944288E-15,0.));
#8582=DIRECTION('center_axis',(-1.74574066942157E-15,1.,7.39557098644697E-32));
#8583=DIRECTION('ref_axis',(6.59609940441485E-32,7.39557098644699E-32,-1.));
#8584=DIRECTION('',(-6.59609940441485E-32,-7.39557098644699E-32,1.));
#8585=DIRECTION('center_axis',(-1.74574066942157E-15,1.,7.39557098644697E-32));
#8586=DIRECTION('ref_axis',(0.707106781186548,1.23442506554114E-15,-0.707106781186547));
#8587=DIRECTION('',(1.,1.74574066942157E-15,6.59609940441487E-32));
#8588=DIRECTION('',(-1.63566751557199E-32,-7.39557098644698E-32,1.));
#8589=DIRECTION('',(1.,1.74574066942157E-15,6.59609940441487E-32));
#8590=DIRECTION('',(1.,1.74574066942157E-15,6.59609940441487E-32));
#8591=DIRECTION('',(-2.19869980147162E-32,7.39557098644697E-32,-1.));
#8592=DIRECTION('center_axis',(-1.74574066942157E-15,1.,7.39557098644697E-32));
#8593=DIRECTION('ref_axis',(-6.59609940441485E-32,-7.39557098644699E-32,
1.));
#8594=DIRECTION('center_axis',(-1.,-2.96059473233375E-15,-6.59609940441488E-32));
#8595=DIRECTION('ref_axis',(-6.59609940441485E-32,-7.39557098644699E-32,
1.));
#8596=DIRECTION('',(0.,0.,1.));
#8597=DIRECTION('',(-2.96059473233375E-15,1.,7.39557098644697E-32));
#8598=DIRECTION('center_axis',(1.,-5.39760534693403E-79,-2.19869980147162E-32));
#8599=DIRECTION('ref_axis',(1.08404269731135E-63,-1.,4.93038065763132E-32));
#8600=DIRECTION('center_axis',(-1.,5.39760534693403E-79,2.19869980147162E-32));
#8601=DIRECTION('ref_axis',(0.,0.707106781186544,-0.707106781186551));
#8602=DIRECTION('',(6.59609940441485E-32,9.86076131526265E-32,-1.));
#8603=DIRECTION('',(-4.3361707892454E-63,1.,9.86076131526265E-32));
#8604=DIRECTION('center_axis',(1.,-5.39760534693403E-79,-2.19869980147162E-32));
#8605=DIRECTION('ref_axis',(0.,-0.707106781186548,-0.707106781186548));
#8606=DIRECTION('',(6.59609940441485E-32,2.46519032881566E-32,-1.));
#8607=DIRECTION('center_axis',(1.,-5.39760534693403E-79,-2.19869980147162E-32));
#8608=DIRECTION('ref_axis',(0.,-0.707106781186544,0.707106781186551));
#8609=DIRECTION('',(-2.1680853946227E-63,-1.,-9.86076131526265E-32));
#8610=DIRECTION('center_axis',(1.,-5.39760534693403E-79,-2.19869980147162E-32));
#8611=DIRECTION('ref_axis',(0.,0.707106781186544,0.707106781186551));
#8612=DIRECTION('',(0.,0.,1.));
#8613=DIRECTION('center_axis',(1.,-5.39760534693403E-79,-2.19869980147162E-32));
#8614=DIRECTION('ref_axis',(1.96261557335472E-16,0.707106781186544,-0.707106781186551));
#8615=DIRECTION('',(5.34061537441481E-49,-1.,2.42898797318318E-17));
#8616=DIRECTION('',(-2.19869980147162E-32,-2.42898797318318E-17,-1.));
#8617=DIRECTION('center_axis',(-1.,5.39760534693403E-79,2.19869980147162E-32));
#8618=DIRECTION('ref_axis',(0.,-0.707106781186544,-0.707106781186551));
#8619=DIRECTION('',(-5.34061537441481E-49,1.,-2.42898797318318E-17));
#8620=DIRECTION('',(2.19869980147162E-32,-2.46519032881566E-32,1.));
#8621=DIRECTION('',(-3.38145527712397E-48,-1.,-1.53793404395667E-16));
#8622=DIRECTION('center_axis',(-1.,5.39760534693403E-79,2.19869980147162E-32));
#8623=DIRECTION('ref_axis',(0.,-0.707106781186547,0.707106781186548));
#8624=DIRECTION('',(-2.19869980147162E-32,-2.42898797318318E-17,-1.));
#8625=DIRECTION('',(-5.34061537441481E-49,1.,-2.42898797318318E-17));
#8626=DIRECTION('center_axis',(1.,-5.39760534693403E-79,-2.19869980147162E-32));
#8627=DIRECTION('ref_axis',(-1.9626155733547E-16,0.707106781186552,0.707106781186543));
#8628=DIRECTION('',(2.19869980147162E-32,1.51581617999142E-48,1.));
#8629=DIRECTION('center_axis',(1.,-5.39760534693403E-79,-2.19869980147162E-32));
#8630=DIRECTION('ref_axis',(0.,0.70710678118654,-0.707106781186555));
#8631=DIRECTION('',(5.42021348655675E-64,1.,2.46519032881566E-32));
#8632=DIRECTION('center_axis',(1.,-5.39760534693403E-79,-2.19869980147162E-32));
#8633=DIRECTION('ref_axis',(0.,-0.707106781186546,-0.707106781186549));
#8634=DIRECTION('',(2.19869980147162E-32,2.46519032881566E-32,-1.));
#8635=DIRECTION('center_axis',(1.,-5.39760534693403E-79,-2.19869980147162E-32));
#8636=DIRECTION('ref_axis',(0.,-0.707106781186546,0.707106781186549));
#8637=DIRECTION('',(0.,-1.,0.));
#8638=DIRECTION('',(-2.19869980147162E-32,0.,-1.));
#8639=DIRECTION('center_axis',(-1.,5.39760534693403E-79,2.19869980147162E-32));
#8640=DIRECTION('ref_axis',(0.,0.707106781186547,0.707106781186548));
#8641=DIRECTION('',(-5.42021348655675E-64,1.,2.46519032881566E-32));
#8642=DIRECTION('',(-2.19869980147162E-32,7.39557098644697E-32,-1.));
#8643=DIRECTION('center_axis',(1.,-5.39760534693403E-79,-2.19869980147162E-32));
#8644=DIRECTION('ref_axis',(5.39760534693403E-79,1.,0.));
#8645=DIRECTION('center_axis',(1.,-5.39760534693403E-79,-2.19869980147162E-32));
#8646=DIRECTION('ref_axis',(5.39760534693403E-79,1.,0.));
#8647=DIRECTION('center_axis',(1.,9.86076131526265E-32,1.63566751557199E-32));
#8648=DIRECTION('ref_axis',(1.63566751557199E-32,0.,-1.));
#8649=DIRECTION('',(-9.86076131526265E-32,1.,7.39557098644668E-32));
#8650=DIRECTION('',(-4.58892183511731E-14,1.,7.39557098644668E-32));
#8651=DIRECTION('',(1.63566751557199E-32,7.39557098644698E-32,-1.));
#8652=DIRECTION('center_axis',(6.59609940441485E-32,7.39557098644699E-32,
-1.));
#8653=DIRECTION('ref_axis',(-1.,1.62606404596702E-63,-6.59609940441485E-32));
#8654=DIRECTION('',(2.96059473233375E-15,-1.,-7.39557098644697E-32));
#8655=DIRECTION('',(-1.,-1.71512449944288E-15,-6.59609940441487E-32));
#8656=DIRECTION('center_axis',(1.71512449944288E-15,-1.,-7.39557098644697E-32));
#8657=DIRECTION('ref_axis',(-6.59609940441485E-32,-7.39557098644699E-32,
1.));
#8658=DIRECTION('center_axis',(1.71512449944288E-15,-1.,-7.39557098644697E-32));
#8659=DIRECTION('ref_axis',(-6.59609940441485E-32,-7.39557098644699E-32,
1.));
#8660=DIRECTION('',(-1.71512449944288E-15,1.,7.39557098644697E-32));
#8661=DIRECTION('center_axis',(-2.96059473233375E-15,1.,7.39557098644697E-32));
#8662=DIRECTION('ref_axis',(0.707106781186548,2.09345661157837E-15,-0.707106781186547));
#8663=DIRECTION('center_axis',(1.71512449944288E-15,-1.,-7.39557098644697E-32));
#8664=DIRECTION('ref_axis',(0.707106781186548,1.21277616413524E-15,-0.707106781186547));
#8665=DIRECTION('center_axis',(-1.71512449944288E-15,1.,7.39557098644697E-32));
#8666=DIRECTION('ref_axis',(6.59609940441485E-32,7.39557098644699E-32,-1.));
#8667=DIRECTION('',(2.19869980147162E-32,-7.39557098644697E-32,1.));
#8668=DIRECTION('',(-1.,-1.71512449944288E-15,-6.59609940441487E-32));
#8669=DIRECTION('',(1.,4.61852778244065E-14,4.44089209850063E-16));
#8670=DIRECTION('center_axis',(-6.59609940441485E-32,-7.39557098644699E-32,
1.));
#8671=DIRECTION('ref_axis',(1.,-1.62606404596702E-63,6.59609940441485E-32));
#8672=DIRECTION('',(-1.71512449944288E-15,1.,7.39557098644697E-32));
#8673=DIRECTION('center_axis',(-2.19869980147162E-32,7.39557098644697E-32,
-1.));
#8674=DIRECTION('ref_axis',(-0.707106781186548,-0.707106781186547,0.));
#8675=DIRECTION('center_axis',(-6.59609940441485E-32,-7.39557098644699E-32,
1.));
#8676=DIRECTION('ref_axis',(-0.707106781186548,-0.707106781186547,0.));
#8677=DIRECTION('center_axis',(2.19869980147162E-32,-7.39557098644697E-32,
1.));
#8678=DIRECTION('ref_axis',(-0.707106781186555,-0.70710678118654,0.));
#8679=DIRECTION('center_axis',(6.59609940441485E-32,7.39557098644699E-32,
-1.));
#8680=DIRECTION('ref_axis',(-0.707106781186555,-0.70710678118654,0.));
#8681=DIRECTION('',(2.19869980147162E-32,-7.39557098644697E-32,1.));
#8682=DIRECTION('center_axis',(1.,-1.08404269731135E-63,6.59609940441485E-32));
#8683=DIRECTION('ref_axis',(0.,-0.707106781186548,-0.707106781186548));
#8684=DIRECTION('center_axis',(-1.,5.39760534693403E-79,2.19869980147162E-32));
#8685=DIRECTION('ref_axis',(0.,-0.707106781186548,-0.707106781186548));
#8686=DIRECTION('',(-1.,1.08404269731135E-63,-6.59609940441485E-32));
#8687=DIRECTION('',(1.,-1.08404269731135E-63,6.59609940441485E-32));
#8688=DIRECTION('center_axis',(-1.,0.,-2.19869980147162E-32));
#8689=DIRECTION('ref_axis',(0.,-0.707106781186546,0.707106781186549));
#8690=DIRECTION('',(1.,0.,2.19869980147162E-32));
#8691=DIRECTION('center_axis',(-1.,5.39760534693403E-79,2.19869980147162E-32));
#8692=DIRECTION('ref_axis',(0.,-0.707106781186546,0.707106781186549));
#8693=DIRECTION('',(-1.,0.,-2.19869980147162E-32));
#8694=DIRECTION('center_axis',(-1.,5.39760534693403E-79,2.19869980147162E-32));
#8695=DIRECTION('ref_axis',(5.39760534693403E-79,1.,0.));
#8696=DIRECTION('center_axis',(-1.,5.39760534693403E-79,2.19869980147162E-32));
#8697=DIRECTION('ref_axis',(5.39760534693403E-79,1.,0.));
#8698=DIRECTION('',(-1.,5.39760534693403E-79,2.19869980147162E-32));
#8699=DIRECTION('center_axis',(-1.,5.39760534693403E-79,2.19869980147162E-32));
#8700=DIRECTION('ref_axis',(5.39760534693403E-79,1.,0.));
#8701=DIRECTION('center_axis',(-1.,5.39760534693403E-79,2.19869980147162E-32));
#8702=DIRECTION('ref_axis',(5.39760534693403E-79,1.,0.));
#8703=DIRECTION('',(-1.,5.39760534693403E-79,2.19869980147162E-32));
#8704=DIRECTION('center_axis',(5.42021348655675E-64,-1.,-2.46519032881566E-32));
#8705=DIRECTION('ref_axis',(2.19869980147162E-32,2.46519032881566E-32,-1.));
#8706=DIRECTION('',(-1.,0.,-2.19869980147162E-32));
#8707=DIRECTION('',(2.19869980147162E-32,-2.46519032881566E-32,1.));
#8708=DIRECTION('center_axis',(-1.,0.,-2.19869980147162E-32));
#8709=DIRECTION('ref_axis',(0.,-0.707106781186546,-0.707106781186549));
#8710=DIRECTION('',(1.,0.,2.19869980147162E-32));
#8711=DIRECTION('center_axis',(-1.,5.39760534693403E-79,2.19869980147162E-32));
#8712=DIRECTION('ref_axis',(0.,-0.707106781186546,-0.707106781186549));
#8713=DIRECTION('center_axis',(2.19869980147162E-32,2.46519032881566E-32,
-1.));
#8714=DIRECTION('ref_axis',(-1.,0.,-2.19869980147162E-32));
#8715=DIRECTION('',(-1.,0.,-2.19869980147162E-32));
#8716=DIRECTION('',(-5.42021348655675E-64,-1.,-2.46519032881566E-32));
#8717=DIRECTION('center_axis',(6.59609940441485E-32,9.86076131526265E-32,
-1.));
#8718=DIRECTION('ref_axis',(-1.,2.1680853946227E-63,-6.59609940441485E-32));
#8719=DIRECTION('',(1.,0.,6.59609940441485E-32));
#8720=DIRECTION('',(0.,-1.,0.));
#8721=DIRECTION('center_axis',(2.19869980147162E-32,2.46519032881566E-32,
-1.));
#8722=DIRECTION('ref_axis',(-1.,0.,-2.19869980147162E-32));
#8723=DIRECTION('',(-1.,0.,-2.19869980147162E-32));
#8724=DIRECTION('',(5.42021348655675E-64,-1.,-2.46519032881566E-32));
#8725=DIRECTION('center_axis',(-2.832769448824E-16,2.42898797318319E-17,
1.));
#8726=DIRECTION('ref_axis',(-6.89414796102645E-17,-1.,2.42898797318318E-17));
#8727=DIRECTION('',(1.,0.,2.832769448824E-16));
#8728=DIRECTION('',(1.,-6.89414796102645E-17,2.832769448824E-16));
#8729=DIRECTION('',(5.34061537441481E-49,-1.,2.42898797318318E-17));
#8730=DIRECTION('center_axis',(1.,0.,2.832769448824E-16));
#8731=DIRECTION('ref_axis',(-1.9626155733547E-16,0.707106781186552,0.707106781186543));
#8732=DIRECTION('center_axis',(-1.,5.39760534693403E-79,2.19869980147162E-32));
#8733=DIRECTION('ref_axis',(-1.9626155733547E-16,0.707106781186552,0.707106781186543));
#8734=DIRECTION('',(-1.,0.,-2.832769448824E-16));
#8735=DIRECTION('center_axis',(0.,1.,0.));
#8736=DIRECTION('ref_axis',(0.,0.,1.));
#8737=DIRECTION('',(1.,0.,2.19869980147162E-32));
#8738=DIRECTION('',(-2.19869980147162E-32,-1.51581617999142E-48,-1.));
#8739=DIRECTION('center_axis',(-1.,0.,-2.19869980147162E-32));
#8740=DIRECTION('ref_axis',(0.,0.70710678118654,-0.707106781186555));
#8741=DIRECTION('center_axis',(-1.,5.39760534693403E-79,2.19869980147162E-32));
#8742=DIRECTION('ref_axis',(0.,0.70710678118654,-0.707106781186555));
#8743=DIRECTION('center_axis',(2.832769448824E-16,-2.42898797318318E-17,
-1.));
#8744=DIRECTION('ref_axis',(-6.89414796102645E-17,-1.,2.42898797318318E-17));
#8745=DIRECTION('',(-1.,0.,-2.832769448824E-16));
#8746=DIRECTION('',(0.,1.,0.));
#8747=DIRECTION('',(-1.,6.89414796102645E-17,-2.832769448824E-16));
#8748=DIRECTION('center_axis',(-1.,0.,-2.832769448824E-16));
#8749=DIRECTION('ref_axis',(1.96261557335472E-16,0.707106781186544,-0.707106781186551));
#8750=DIRECTION('',(1.,0.,2.832769448824E-16));
#8751=DIRECTION('center_axis',(-1.,5.39760534693403E-79,2.19869980147162E-32));
#8752=DIRECTION('ref_axis',(1.96261557335472E-16,0.707106781186544,-0.707106781186551));
#8753=DIRECTION('center_axis',(-6.89414796102645E-17,-1.,2.42898797318318E-17));
#8754=DIRECTION('ref_axis',(-1.,6.89414796102645E-17,-2.832769448824E-16));
#8755=DIRECTION('',(1.,-6.89414796102645E-17,-5.55111512312589E-17));
#8756=DIRECTION('',(2.19869980147162E-32,2.42898797318318E-17,1.));
#8757=DIRECTION('center_axis',(1.,-6.89414796102645E-17,-5.55111512312589E-17));
#8758=DIRECTION('ref_axis',(0.,-0.707106781186544,-0.707106781186551));
#8759=DIRECTION('center_axis',(1.,-5.39760534693403E-79,-2.19869980147162E-32));
#8760=DIRECTION('ref_axis',(0.,-0.707106781186544,-0.707106781186551));
#8761=DIRECTION('',(-1.,6.89414796102645E-17,5.55111512312589E-17));
#8762=DIRECTION('center_axis',(-6.89414796102645E-17,-1.,2.42898797318318E-17));
#8763=DIRECTION('ref_axis',(1.,-6.89414796102645E-17,2.832769448824E-16));
#8764=DIRECTION('',(-1.,6.89414796102645E-17,5.55111512312589E-17));
#8765=DIRECTION('',(2.19869980147162E-32,2.42898797318318E-17,1.));
#8766=DIRECTION('center_axis',(-1.,6.89414796102645E-17,5.55111512312589E-17));
#8767=DIRECTION('ref_axis',(0.,-0.707106781186547,0.707106781186548));
#8768=DIRECTION('center_axis',(1.,-5.39760534693403E-79,-2.19869980147162E-32));
#8769=DIRECTION('ref_axis',(0.,-0.707106781186547,0.707106781186548));
#8770=DIRECTION('',(1.,-6.89414796102645E-17,-5.55111512312589E-17));
#8771=DIRECTION('center_axis',(1.,-5.39760534693403E-79,-2.19869980147162E-32));
#8772=DIRECTION('ref_axis',(1.08404269731135E-63,-1.,4.93038065763132E-32));
#8773=DIRECTION('',(5.39760534693403E-79,1.,3.5603141414178E-110));
#8774=DIRECTION('center_axis',(1.,-5.39760534693403E-79,-2.19869980147162E-32));
#8775=DIRECTION('ref_axis',(0.,0.707106781186547,0.707106781186548));
#8776=DIRECTION('',(2.19869980147162E-32,0.,1.));
#8777=DIRECTION('',(-3.38145527712397E-48,-1.,-1.53793404395667E-16));
#8778=DIRECTION('',(-2.19869980147162E-32,2.46519032881566E-32,-1.));
#8779=DIRECTION('',(6.89414796102646E-17,-1.,-1.53793404395667E-16));
#8780=DIRECTION('',(-2.19869980147162E-32,0.,-1.));
#8781=DIRECTION('center_axis',(-1.,5.39760534693403E-79,2.19869980147162E-32));
#8782=DIRECTION('ref_axis',(0.,0.707106781186544,0.707106781186551));
#8783=DIRECTION('',(2.1680853946227E-63,1.,9.86076131526265E-32));
#8784=DIRECTION('center_axis',(-1.,5.39760534693403E-79,2.19869980147162E-32));
#8785=DIRECTION('ref_axis',(0.,-0.707106781186544,0.707106781186551));
#8786=DIRECTION('',(6.59609940441485E-32,2.46519032881566E-32,-1.));
#8787=DIRECTION('',(-6.59609940441485E-32,-9.86076131526265E-32,1.));
#8788=DIRECTION('center_axis',(1.,-5.39760534693403E-79,-2.19869980147162E-32));
#8789=DIRECTION('ref_axis',(0.,0.707106781186544,-0.707106781186551));
#8790=DIRECTION('center_axis',(2.19869980147162E-32,-2.46519032881566E-32,
1.));
#8791=DIRECTION('ref_axis',(-0.707106781186548,0.707106781186547,0.));
#8792=DIRECTION('center_axis',(-5.55111512312589E-17,1.53793404395667E-16,
-1.));
#8793=DIRECTION('ref_axis',(-0.707106781186548,0.707106781186547,0.));
#8794=DIRECTION('',(2.19869980147162E-32,-2.46519032881566E-32,1.));
#8795=DIRECTION('center_axis',(5.55111512312589E-17,-1.53793404395667E-16,
1.));
#8796=DIRECTION('ref_axis',(-0.707106781186548,0.707106781186547,0.));
#8797=DIRECTION('center_axis',(5.42021348655675E-64,-1.,-2.46519032881566E-32));
#8798=DIRECTION('ref_axis',(-1.,0.,-2.19869980147162E-32));
#8799=DIRECTION('',(1.,5.42021348655675E-64,0.));
#8800=DIRECTION('',(-2.19869980147162E-32,2.46519032881566E-32,-1.));
#8801=DIRECTION('',(-1.,-5.42021348655675E-64,0.));
#8802=DIRECTION('',(1.,0.,0.));
#8803=DIRECTION('',(1.,0.,0.));
#8804=DIRECTION('',(-1.,-5.42021348655675E-64,0.));
#8805=DIRECTION('',(1.,5.42021348655675E-64,0.));
#8806=DIRECTION('',(1.,0.,0.));
#8807=DIRECTION('',(1.,0.,0.));
#8808=DIRECTION('center_axis',(-5.55111512312589E-17,1.53793404395667E-16,
-1.));
#8809=DIRECTION('ref_axis',(1.,6.89414796102646E-17,-5.55111512312588E-17));
#8810=DIRECTION('',(-1.,-5.42021348655675E-64,0.));
#8811=DIRECTION('center_axis',(5.55111512312589E-17,-1.53793404395667E-16,
1.));
#8812=DIRECTION('ref_axis',(-0.707106781186546,0.707106781186549,0.));
#8813=DIRECTION('',(-1.,-5.42021348655675E-64,0.));
#8814=DIRECTION('',(1.,0.,0.));
#8815=DIRECTION('',(1.,0.,0.));
#8816=DIRECTION('center_axis',(-2.19869980147162E-32,2.46519032881566E-32,
-1.));
#8817=DIRECTION('ref_axis',(-0.707106781186546,0.707106781186549,0.));
#8818=DIRECTION('center_axis',(-5.55111512312589E-17,1.53793404395667E-16,
-1.));
#8819=DIRECTION('ref_axis',(-0.707106781186546,0.707106781186549,0.));
#8820=DIRECTION('center_axis',(-6.59609940441485E-32,-7.39557098644699E-32,
1.));
#8821=DIRECTION('ref_axis',(1.,-1.62606404596702E-63,6.59609940441485E-32));
#8822=DIRECTION('',(-1.,0.,-6.59609940441485E-32));
#8823=DIRECTION('center_axis',(0.,-1.,0.));
#8824=DIRECTION('ref_axis',(0.,0.,-1.));
#8825=DIRECTION('',(1.,0.,6.59609940441485E-32));
#8826=DIRECTION('center_axis',(1.,0.,6.59609940441485E-32));
#8827=DIRECTION('ref_axis',(0.,0.707106781186547,0.707106781186548));
#8828=DIRECTION('center_axis',(0.,-1.,0.));
#8829=DIRECTION('ref_axis',(0.,0.,-1.));
#8830=DIRECTION('',(-1.,0.,-6.59609940441485E-32));
#8831=DIRECTION('center_axis',(-1.,0.,-6.59609940441485E-32));
#8832=DIRECTION('ref_axis',(0.,0.707106781186544,-0.707106781186551));
#8833=DIRECTION('center_axis',(0.,0.,1.));
#8834=DIRECTION('ref_axis',(1.,0.,0.));
#8835=DIRECTION('',(-1.,-5.42021348655675E-64,0.));
#8836=DIRECTION('',(1.,0.,0.));
#8837=DIRECTION('center_axis',(0.,1.,0.));
#8838=DIRECTION('ref_axis',(0.,0.,1.));
#8839=DIRECTION('',(-1.,0.,0.));
#8840=DIRECTION('center_axis',(-1.,0.,0.));
#8841=DIRECTION('ref_axis',(0.,0.707106781186544,0.707106781186551));
#8842=DIRECTION('center_axis',(-5.42021348655675E-64,1.,2.46519032881566E-32));
#8843=DIRECTION('ref_axis',(-2.19869980147162E-32,-2.46519032881566E-32,
1.));
#8844=DIRECTION('',(1.,5.42021348655675E-64,0.));
#8845=DIRECTION('center_axis',(1.,5.42021348655675E-64,0.));
#8846=DIRECTION('ref_axis',(0.,-0.707106781186544,0.707106781186551));
#8847=DIRECTION('center_axis',(5.55111512312589E-17,-1.53793404395667E-16,
1.));
#8848=DIRECTION('ref_axis',(1.,6.89414796102646E-17,-5.55111512312588E-17));
#8849=DIRECTION('',(1.,5.42021348655675E-64,0.));
#8850=DIRECTION('',(1.,0.,0.));
#8851=DIRECTION('',(1.,0.,0.));
#8852=DIRECTION('',(1.,5.42021348655675E-64,0.));
#8853=DIRECTION('center_axis',(5.42021348655675E-64,-1.,-2.46519032881566E-32));
#8854=DIRECTION('ref_axis',(-1.,0.,-2.19869980147162E-32));
#8855=DIRECTION('',(0.5,-8.18667731385847E-17,0.866025403784438));
#8856=DIRECTION('',(0.866025403784439,1.16220637173209E-16,-0.499999999999999));
#8857=DIRECTION('',(-1.,1.09515883534741E-16,5.98354944619802E-17));
#8858=DIRECTION('',(6.15924009446691E-17,-4.16333634234445E-17,1.));
#8859=DIRECTION('axis',(0.,0.,1.));
#8860=DIRECTION('refdir',(1.,0.,0.));
#8861=DIRECTION('axis',(0.,0.,1.));
#8862=DIRECTION('refdir',(1.,0.,0.));
#8863=DIRECTION('center_axis',(0.,0.,1.));
#8864=DIRECTION('ref_axis',(1.,0.,0.));
#8865=DIRECTION('center_axis',(0.,0.,1.));
#8866=DIRECTION('ref_axis',(1.,0.,0.));
#8867=DIRECTION('',(0.,0.,1.));
#8868=DIRECTION('center_axis',(0.,0.,1.));
#8869=DIRECTION('ref_axis',(1.,0.,0.));
#8870=DIRECTION('center_axis',(0.,0.,1.));
#8871=DIRECTION('ref_axis',(1.,0.,0.));
#8872=DIRECTION('center_axis',(0.,0.,1.));
#8873=DIRECTION('ref_axis',(1.,0.,0.));
#8874=DIRECTION('',(0.,0.,-1.));
#8875=DIRECTION('center_axis',(0.,0.,1.));
#8876=DIRECTION('ref_axis',(1.,0.,0.));
#8877=DIRECTION('center_axis',(0.,0.,1.));
#8878=DIRECTION('ref_axis',(1.,0.,0.));
#8879=DIRECTION('center_axis',(0.,0.,1.));
#8880=DIRECTION('ref_axis',(1.,0.,0.));
#8881=DIRECTION('axis',(0.,0.,1.));
#8882=DIRECTION('refdir',(1.,0.,0.));
#8883=DIRECTION('center_axis',(0.,0.,1.));
#8884=DIRECTION('ref_axis',(1.05167610731094E-14,-1.,0.));
#8885=DIRECTION('',(0.,0.,-1.));
#8886=DIRECTION('',(0.,0.,1.));
#8887=DIRECTION('center_axis',(0.,0.,1.));
#8888=DIRECTION('ref_axis',(-1.,0.,0.));
#8889=DIRECTION('',(0.,0.,-1.));
#8890=DIRECTION('',(0.,0.,1.));
#8891=DIRECTION('center_axis',(0.,0.,1.));
#8892=DIRECTION('ref_axis',(-3.46944695195361E-15,1.,0.));
#8893=DIRECTION('',(0.,0.,-1.));
#8894=DIRECTION('',(0.,0.,1.));
#8895=DIRECTION('center_axis',(0.,0.,1.));
#8896=DIRECTION('ref_axis',(1.,0.,0.));
#8897=DIRECTION('',(0.,0.,-1.));
#8898=DIRECTION('',(0.,0.,1.));
#8899=DIRECTION('center_axis',(0.,0.,1.));
#8900=DIRECTION('ref_axis',(1.,0.,0.));
#8901=DIRECTION('center_axis',(0.,0.,1.));
#8902=DIRECTION('ref_axis',(1.,0.,0.));
#8903=DIRECTION('center_axis',(0.,0.,1.));
#8904=DIRECTION('ref_axis',(1.,0.,0.));
#8905=DIRECTION('',(-0.813733471206735,-9.96536090872393E-17,0.581238193719097));
#8906=DIRECTION('center_axis',(0.,0.,1.));
#8907=DIRECTION('ref_axis',(1.,0.,0.));
#8908=DIRECTION('center_axis',(0.,0.,1.));
#8909=DIRECTION('ref_axis',(1.,0.,0.));
#8910=DIRECTION('center_axis',(0.,0.,1.));
#8911=DIRECTION('ref_axis',(1.,0.,0.));
#8912=DIRECTION('',(0.813733471206734,9.96536090872392E-17,-0.581238193719098));
#8913=DIRECTION('center_axis',(0.,0.,1.));
#8914=DIRECTION('ref_axis',(1.,0.,0.));
#8915=DIRECTION('center_axis',(0.,0.,1.));
#8916=DIRECTION('ref_axis',(1.,0.,0.));
#8917=DIRECTION('center_axis',(0.,0.,1.));
#8918=DIRECTION('ref_axis',(1.,0.,0.));
#8919=DIRECTION('',(0.,0.,-1.));
#8920=DIRECTION('center_axis',(0.,0.,1.));
#8921=DIRECTION('ref_axis',(1.,0.,0.));
#8922=DIRECTION('center_axis',(0.,0.,1.));
#8923=DIRECTION('ref_axis',(1.,0.,0.));
#8924=DIRECTION('center_axis',(0.,0.,1.));
#8925=DIRECTION('ref_axis',(1.,0.,0.));
#8926=DIRECTION('center_axis',(0.,0.,1.));
#8927=DIRECTION('ref_axis',(1.,0.,0.));
#8928=DIRECTION('',(0.,0.,-1.));
#8929=DIRECTION('center_axis',(0.,0.,1.));
#8930=DIRECTION('ref_axis',(1.,0.,0.));
#8931=DIRECTION('center_axis',(0.,0.,-1.));
#8932=DIRECTION('ref_axis',(-1.,0.,0.));
#8933=DIRECTION('',(-0.967074537262646,1.18432473659561E-16,0.254493299279644));
#8934=DIRECTION('center_axis',(0.,0.,-1.));
#8935=DIRECTION('ref_axis',(1.,0.,0.));
#8936=DIRECTION('center_axis',(0.,0.,1.));
#8937=DIRECTION('ref_axis',(1.,0.,0.));
#8938=DIRECTION('center_axis',(0.,0.,-1.));
#8939=DIRECTION('ref_axis',(3.49148133884313E-15,-1.,0.));
#8940=DIRECTION('center_axis',(0.,0.,1.));
#8941=DIRECTION('ref_axis',(1.,0.,0.));
#8942=DIRECTION('center_axis',(0.,0.,-1.));
#8943=DIRECTION('ref_axis',(-1.,0.,0.));
#8944=DIRECTION('center_axis',(0.,0.,1.));
#8945=DIRECTION('ref_axis',(1.,0.,0.));
#8946=DIRECTION('center_axis',(0.,0.,-1.));
#8947=DIRECTION('ref_axis',(-1.04744440165294E-14,1.,0.));
#8948=DIRECTION('center_axis',(0.,0.,-1.));
#8949=DIRECTION('ref_axis',(-1.,0.,0.));
#8950=DIRECTION('center_axis',(0.,0.,1.));
#8951=DIRECTION('ref_axis',(1.,0.,0.));
#8952=DIRECTION('center_axis',(0.,0.,1.));
#8953=DIRECTION('ref_axis',(3.49148133884313E-15,-1.,0.));
#8954=DIRECTION('center_axis',(0.,0.,1.));
#8955=DIRECTION('ref_axis',(1.,0.,0.));
#8956=DIRECTION('center_axis',(0.,0.,1.));
#8957=DIRECTION('ref_axis',(1.,0.,0.));
#8958=DIRECTION('',(0.967074537262646,-1.18432473659561E-16,-0.254493299279644));
#8959=DIRECTION('center_axis',(0.,0.,1.));
#8960=DIRECTION('ref_axis',(-1.04744440165294E-14,1.,0.));
#8961=DIRECTION('center_axis',(0.,0.,1.));
#8962=DIRECTION('ref_axis',(1.,0.,0.));
#8963=DIRECTION('center_axis',(0.,0.,1.));
#8964=DIRECTION('ref_axis',(-1.,0.,0.));
#8965=DIRECTION('center_axis',(0.,0.,1.));
#8966=DIRECTION('ref_axis',(1.,0.,0.));
#8967=DIRECTION('',(0.,0.,-1.));
#8968=DIRECTION('center_axis',(0.,0.,1.));
#8969=DIRECTION('ref_axis',(-1.,-3.67517835871524E-15,0.));
#8970=DIRECTION('',(0.,0.,-1.));
#8971=DIRECTION('center_axis',(0.,0.,1.));
#8972=DIRECTION('ref_axis',(1.,0.,0.));
#8973=DIRECTION('',(0.,0.,-1.));
#8974=DIRECTION('center_axis',(0.,0.,1.));
#8975=DIRECTION('ref_axis',(1.,0.,0.));
#8976=DIRECTION('',(0.,0.,-1.));
#8977=DIRECTION('',(0.,0.,1.));
#8978=DIRECTION('center_axis',(1.,1.89254194269984E-16,0.));
#8979=DIRECTION('ref_axis',(-1.89254194269984E-16,1.,0.));
#8980=DIRECTION('',(0.,0.,-1.));
#8981=DIRECTION('',(0.,0.,1.));
#8982=DIRECTION('center_axis',(3.17000775402223E-15,-1.,0.));
#8983=DIRECTION('ref_axis',(1.,3.17000775402223E-15,0.));
#8984=DIRECTION('',(0.,0.,1.));
#8985=DIRECTION('center_axis',(0.,0.,1.));
#8986=DIRECTION('ref_axis',(-0.802369803358502,-0.596827193296718,0.));
#8987=DIRECTION('center_axis',(0.,0.,1.));
#8988=DIRECTION('ref_axis',(1.,0.,0.));
#8989=DIRECTION('center_axis',(0.,0.,1.));
#8990=DIRECTION('ref_axis',(1.,0.,0.));
#8991=DIRECTION('center_axis',(1.,6.66148909286537E-15,0.));
#8992=DIRECTION('ref_axis',(-6.66148909286537E-15,1.,0.));
#8993=DIRECTION('',(0.,0.,1.));
#8994=DIRECTION('center_axis',(0.,0.,1.));
#8995=DIRECTION('ref_axis',(0.596827193296721,-0.8023698033585,0.));
#8996=DIRECTION('',(0.,0.,-1.));
#8997=DIRECTION('center_axis',(0.,0.,1.));
#8998=DIRECTION('ref_axis',(-3.49148133884313E-15,1.,0.));
#8999=DIRECTION('',(0.,0.,1.));
#9000=DIRECTION('center_axis',(0.,0.,1.));
#9001=DIRECTION('ref_axis',(-3.46944695195361E-15,1.,0.));
#9002=DIRECTION('',(0.,0.,-1.));
#9003=DIRECTION('center_axis',(-3.68073553311312E-15,1.,0.));
#9004=DIRECTION('ref_axis',(-1.,-3.68073553311312E-15,0.));
#9005=DIRECTION('',(0.,0.,1.));
#9006=DIRECTION('center_axis',(0.,0.,1.));
#9007=DIRECTION('ref_axis',(-3.46944695195361E-15,1.,0.));
#9008=DIRECTION('center_axis',(-3.17000775402223E-15,1.,0.));
#9009=DIRECTION('ref_axis',(-1.,-3.17000775402223E-15,0.));
#9010=DIRECTION('',(0.,0.,1.));
#9011=DIRECTION('center_axis',(0.,0.,1.));
#9012=DIRECTION('ref_axis',(0.802369803358502,0.596827193296718,0.));
#9013=DIRECTION('',(0.,0.,-1.));
#9014=DIRECTION('center_axis',(0.,0.,1.));
#9015=DIRECTION('ref_axis',(-1.,0.,0.));
#9016=DIRECTION('',(0.,0.,1.));
#9017=DIRECTION('center_axis',(0.,0.,1.));
#9018=DIRECTION('ref_axis',(-1.,0.,0.));
#9019=DIRECTION('',(0.,0.,-1.));
#9020=DIRECTION('center_axis',(-1.,-1.89254194269984E-16,0.));
#9021=DIRECTION('ref_axis',(1.89254194269984E-16,-1.,0.));
#9022=DIRECTION('',(0.,0.,1.));
#9023=DIRECTION('center_axis',(0.,0.,1.));
#9024=DIRECTION('ref_axis',(-1.,0.,0.));
#9025=DIRECTION('center_axis',(-1.,-1.36444517705516E-14,0.));
#9026=DIRECTION('ref_axis',(1.36444517705516E-14,-1.,0.));
#9027=DIRECTION('',(0.,0.,1.));
#9028=DIRECTION('center_axis',(0.,0.,1.));
#9029=DIRECTION('ref_axis',(-0.596827193296727,0.802369803358496,0.));
#9030=DIRECTION('',(0.,0.,-1.));
#9031=DIRECTION('center_axis',(0.,0.,1.));
#9032=DIRECTION('ref_axis',(1.04744440165294E-14,-1.,0.));
#9033=DIRECTION('',(0.,0.,1.));
#9034=DIRECTION('center_axis',(0.,0.,1.));
#9035=DIRECTION('ref_axis',(1.04083408558608E-14,-1.,0.));
#9036=DIRECTION('',(0.,0.,-1.));
#9037=DIRECTION('center_axis',(1.06636982107994E-14,-1.,0.));
#9038=DIRECTION('ref_axis',(1.,1.06636982107994E-14,0.));
#9039=DIRECTION('',(0.,0.,1.));
#9040=DIRECTION('center_axis',(0.,0.,1.));
#9041=DIRECTION('ref_axis',(1.04083408558608E-14,-1.,0.));
#9042=DIRECTION('axis',(0.,0.,1.));
#9043=DIRECTION('refdir',(1.,0.,0.));
#9044=DIRECTION('center_axis',(-1.,6.12323399573677E-17,0.));
#9045=DIRECTION('ref_axis',(0.,1.,0.));
#9046=DIRECTION('center_axis',(0.,-1.61756330619031E-16,1.));
#9047=DIRECTION('ref_axis',(0.,-1.,-1.61756330619031E-16));
#9048=DIRECTION('center_axis',(0.,1.61756330619031E-16,-1.));
#9049=DIRECTION('ref_axis',(0.,1.,1.61756330619031E-16));
#9050=DIRECTION('center_axis',(0.,-1.61756330619031E-16,1.));
#9051=DIRECTION('ref_axis',(0.,-1.,-1.61756330619031E-16));
#9052=DIRECTION('',(3.1696191514318E-17,0.258819045102523,0.965925826289068));
#9053=DIRECTION('center_axis',(0.,-1.61756330619031E-16,1.));
#9054=DIRECTION('ref_axis',(0.,-1.,-1.61756330619031E-16));
#9055=DIRECTION('center_axis',(0.,-1.61756330619031E-16,1.));
#9056=DIRECTION('ref_axis',(0.,-1.,-1.61756330619031E-16));
#9057=DIRECTION('',(0.,1.61756330619031E-16,-1.));
#9058=DIRECTION('center_axis',(0.,-1.61756330619031E-16,1.));
#9059=DIRECTION('ref_axis',(0.,-1.,-1.61756330619031E-16));
#9060=DIRECTION('center_axis',(-1.,6.12323399573677E-17,0.));
#9061=DIRECTION('ref_axis',(0.,1.,0.));
#9062=DIRECTION('axis',(0.,0.,1.));
#9063=DIRECTION('refdir',(1.,0.,0.));
#9064=DIRECTION('center_axis',(0.,0.,1.));
#9065=DIRECTION('ref_axis',(1.,0.,0.));
#9066=DIRECTION('',(-1.,3.08395284618099E-16,0.));
#9067=DIRECTION('center_axis',(0.,0.,1.));
#9068=DIRECTION('ref_axis',(0.,1.,0.));
#9069=DIRECTION('center_axis',(0.,0.,1.));
#9070=DIRECTION('ref_axis',(-0.899519611719295,-0.436880381949532,0.));
#9071=DIRECTION('',(1.,0.,0.));
#9072=DIRECTION('center_axis',(0.,0.,1.));
#9073=DIRECTION('ref_axis',(0.502424793404665,-0.864620915183226,0.));
#9074=DIRECTION('center_axis',(0.,0.,1.));
#9075=DIRECTION('ref_axis',(0.899519611719295,-0.436880381949532,0.));
#9076=DIRECTION('',(-1.,-3.08395284618099E-16,0.));
#9077=DIRECTION('center_axis',(0.,0.,-1.));
#9078=DIRECTION('ref_axis',(-1.,5.55111512312579E-16,0.));
#9079=DIRECTION('',(0.,1.,0.));
#9080=DIRECTION('center_axis',(0.,0.,1.));
#9081=DIRECTION('ref_axis',(1.,5.55111512312578E-16,0.));
#9082=DIRECTION('',(-1.,0.,0.));
#9083=DIRECTION('center_axis',(0.,0.,1.));
#9084=DIRECTION('ref_axis',(-1.11022302462516E-15,1.,0.));
#9085=DIRECTION('',(0.,-1.,0.));
#9086=DIRECTION('center_axis',(0.,0.,-1.));
#9087=DIRECTION('ref_axis',(0.,-1.,0.));
#9088=DIRECTION('center_axis',(0.,0.,-1.));
#9089=DIRECTION('ref_axis',(0.502424793404665,-0.864620915183226,0.));
#9090=DIRECTION('',(0.,0.,1.));
#9091=DIRECTION('',(0.,0.,1.));
#9092=DIRECTION('center_axis',(0.,0.,-1.));
#9093=DIRECTION('ref_axis',(0.502424793404665,-0.864620915183226,0.));
#9094=DIRECTION('',(0.,0.,1.));
#9095=DIRECTION('center_axis',(0.,0.,-1.));
#9096=DIRECTION('ref_axis',(-0.899519611719295,-0.436880381949532,0.));
#9097=DIRECTION('',(0.,0.,-1.));
#9098=DIRECTION('',(0.,0.,1.));
#9099=DIRECTION('center_axis',(0.,0.,-1.));
#9100=DIRECTION('ref_axis',(-0.899519611719295,-0.436880381949532,0.));
#9101=DIRECTION('',(0.,0.,1.));
#9102=DIRECTION('center_axis',(0.,-1.,0.));
#9103=DIRECTION('ref_axis',(-4.65527347732759E-14,0.,1.));
#9104=DIRECTION('center_axis',(0.,1.,0.));
#9105=DIRECTION('ref_axis',(-4.65527347732759E-14,0.,1.));
#9106=DIRECTION('center_axis',(0.,-1.,0.));
#9107=DIRECTION('ref_axis',(-4.65527347732759E-14,0.,1.));
#9108=DIRECTION('center_axis',(0.,-1.,0.));
#9109=DIRECTION('ref_axis',(4.65527347732759E-14,0.,-1.));
#9110=DIRECTION('center_axis',(0.,-1.,0.));
#9111=DIRECTION('ref_axis',(4.65527347732759E-14,0.,-1.));
#9112=DIRECTION('center_axis',(0.,1.,0.));
#9113=DIRECTION('ref_axis',(4.65527347732759E-14,0.,-1.));
#9114=DIRECTION('center_axis',(0.,1.,0.));
#9115=DIRECTION('ref_axis',(4.65527347732759E-14,0.,-1.));
#9116=DIRECTION('center_axis',(0.,-1.,0.));
#9117=DIRECTION('ref_axis',(-4.65527347732759E-14,0.,1.));
#9118=DIRECTION('center_axis',(0.,-1.,0.));
#9119=DIRECTION('ref_axis',(-4.65527347732759E-14,0.,1.));
#9120=DIRECTION('',(0.,-1.,0.));
#9121=DIRECTION('center_axis',(0.,-1.,0.));
#9122=DIRECTION('ref_axis',(-1.,0.,0.));
#9123=DIRECTION('',(-1.,0.,0.));
#9124=DIRECTION('center_axis',(0.,1.,0.));
#9125=DIRECTION('ref_axis',(-4.65527347732759E-14,0.,1.));
#9126=DIRECTION('',(3.28311588353386E-14,0.707106781186548,-0.707106781186547));
#9127=DIRECTION('center_axis',(0.,1.,0.));
#9128=DIRECTION('ref_axis',(-4.65527347732759E-14,0.,1.));
#9129=DIRECTION('center_axis',(0.,1.,0.));
#9130=DIRECTION('ref_axis',(1.,0.,0.));
#9131=DIRECTION('',(0.,0.,1.));
#9132=DIRECTION('',(1.,0.,0.));
#9133=DIRECTION('',(0.,0.,1.));
#9134=DIRECTION('center_axis',(0.,-1.,0.));
#9135=DIRECTION('ref_axis',(-1.,0.,0.));
#9136=DIRECTION('center_axis',(0.,0.,-1.));
#9137=DIRECTION('ref_axis',(0.,1.,0.));
#9138=DIRECTION('',(0.,0.,1.));
#9139=DIRECTION('center_axis',(0.,0.,-1.));
#9140=DIRECTION('ref_axis',(0.,1.,0.));
#9141=DIRECTION('center_axis',(0.,0.,-1.));
#9142=DIRECTION('ref_axis',(0.899519611719295,-0.436880381949532,0.));
#9143=DIRECTION('center_axis',(0.,0.,-1.));
#9144=DIRECTION('ref_axis',(0.899519611719295,-0.436880381949532,0.));
#9145=DIRECTION('',(0.,0.,1.));
#9146=DIRECTION('center_axis',(-3.08395284618099E-16,1.,0.));
#9147=DIRECTION('ref_axis',(1.,3.08395284618099E-16,0.));
#9148=DIRECTION('',(1.,3.08395284618099E-16,0.));
#9149=DIRECTION('',(0.,0.,1.));
#9150=DIRECTION('center_axis',(0.,0.,-1.));
#9151=DIRECTION('ref_axis',(-1.,5.55111512312579E-16,0.));
#9152=DIRECTION('center_axis',(0.,0.,1.));
#9153=DIRECTION('ref_axis',(-1.,5.55111512312579E-16,0.));
#9154=DIRECTION('',(0.,0.,1.));
#9155=DIRECTION('center_axis',(1.,0.,0.));
#9156=DIRECTION('ref_axis',(0.,-1.,0.));
#9157=DIRECTION('',(0.,-1.,0.));
#9158=DIRECTION('',(0.,0.,1.));
#9159=DIRECTION('center_axis',(0.,0.,-1.));
#9160=DIRECTION('ref_axis',(1.,5.55111512312578E-16,0.));
#9161=DIRECTION('center_axis',(0.,0.,-1.));
#9162=DIRECTION('ref_axis',(1.,5.55111512312578E-16,0.));
#9163=DIRECTION('center_axis',(0.,0.,-1.));
#9164=DIRECTION('ref_axis',(-1.11022302462516E-15,1.,0.));
#9165=DIRECTION('center_axis',(0.,0.,-1.));
#9166=DIRECTION('ref_axis',(-1.11022302462516E-15,1.,0.));
#9167=DIRECTION('',(0.,0.,1.));
#9168=DIRECTION('center_axis',(-1.,0.,0.));
#9169=DIRECTION('ref_axis',(0.,1.,0.));
#9170=DIRECTION('',(0.,1.,0.));
#9171=DIRECTION('',(0.,0.,1.));
#9172=DIRECTION('center_axis',(0.,0.,-1.));
#9173=DIRECTION('ref_axis',(0.,-1.,0.));
#9174=DIRECTION('center_axis',(0.,0.,1.));
#9175=DIRECTION('ref_axis',(0.,-1.,0.));
#9176=DIRECTION('',(0.,0.,-1.));
#9177=DIRECTION('center_axis',(3.08395284618099E-16,1.,0.));
#9178=DIRECTION('ref_axis',(1.,-3.08395284618099E-16,0.));
#9179=DIRECTION('',(1.,-3.08395284618099E-16,0.));
#9180=DIRECTION('center_axis',(0.,0.,1.));
#9181=DIRECTION('ref_axis',(1.,0.,0.));
#9182=DIRECTION('axis',(0.,0.,1.));
#9183=DIRECTION('refdir',(1.,0.,0.));
#9184=DIRECTION('center_axis',(1.22464679914725E-16,0.,-1.));
#9185=DIRECTION('ref_axis',(-1.,0.,-1.22464679914725E-16));
#9186=DIRECTION('center_axis',(-1.22464679914726E-16,0.,1.));
#9187=DIRECTION('ref_axis',(-1.,0.,-1.22464679914726E-16));
#9188=DIRECTION('',(-0.707106781186547,8.65956056235493E-17,0.707106781186548));
#9189=DIRECTION('center_axis',(1.22464679914726E-16,0.,-1.));
#9190=DIRECTION('ref_axis',(-1.,0.,-1.22464679914726E-16));
#9191=DIRECTION('center_axis',(-1.38777878078145E-16,0.,1.));
#9192=DIRECTION('ref_axis',(-1.,0.,-1.38777878078145E-16));
#9193=DIRECTION('',(1.38777878078145E-16,0.,-1.));
#9194=DIRECTION('center_axis',(1.22464679914726E-16,0.,-1.));
#9195=DIRECTION('ref_axis',(-1.,0.,-1.22464679914726E-16));
#9196=DIRECTION('center_axis',(-1.22464679914726E-16,0.,1.));
#9197=DIRECTION('ref_axis',(-1.,0.,-1.22464679914726E-16));
#9198=DIRECTION('center_axis',(1.22464679914726E-16,0.,-1.));
#9199=DIRECTION('ref_axis',(-1.,0.,-1.22464679914726E-16));
#9200=DIRECTION('center_axis',(1.22464679914726E-16,0.,-1.));
#9201=DIRECTION('ref_axis',(-1.,0.,-1.22464679914726E-16));
#9202=DIRECTION('center_axis',(1.22464679914726E-16,0.,-1.));
#9203=DIRECTION('ref_axis',(-1.,0.,-1.22464679914726E-16));
#9204=DIRECTION('center_axis',(1.22464679914726E-16,0.,-1.));
#9205=DIRECTION('ref_axis',(-1.,0.,-1.22464679914726E-16));
#9206=DIRECTION('',(-1.22464679914726E-16,0.,1.));
#9207=DIRECTION('center_axis',(1.22464679914726E-16,0.,-1.));
#9208=DIRECTION('ref_axis',(-1.,0.,-1.22464679914726E-16));
#9209=DIRECTION('center_axis',(-1.,6.73803331785679E-15,-1.40006334461568E-16));
#9210=DIRECTION('ref_axis',(-6.79926565781416E-15,-1.,0.));
#9211=DIRECTION('center_axis',(1.22464679914726E-16,0.,-1.));
#9212=DIRECTION('ref_axis',(-1.,0.,-1.22464679914726E-16));
#9213=DIRECTION('center_axis',(-1.22464679914726E-16,0.,1.));
#9214=DIRECTION('ref_axis',(1.,0.,1.22464679914726E-16));
#9215=DIRECTION('center_axis',(1.22464679914726E-16,0.,-1.));
#9216=DIRECTION('ref_axis',(-1.,0.,-1.22464679914726E-16));
#9217=DIRECTION('center_axis',(1.22464679914726E-16,0.,-1.));
#9218=DIRECTION('ref_axis',(-1.,0.,-1.22464679914726E-16));
#9219=DIRECTION('center_axis',(1.22464679914726E-16,0.,-1.));
#9220=DIRECTION('ref_axis',(-1.,0.,-1.22464679914726E-16));
#9221=DIRECTION('center_axis',(1.22464679914726E-16,0.,-1.));
#9222=DIRECTION('ref_axis',(-1.,0.,-1.22464679914726E-16));
#9223=DIRECTION('center_axis',(1.22464679914726E-16,0.,-1.));
#9224=DIRECTION('ref_axis',(-1.,0.,-1.22464679914726E-16));
#9225=DIRECTION('center_axis',(1.22464679914726E-16,0.,-1.));
#9226=DIRECTION('ref_axis',(-1.,0.,-1.22464679914726E-16));
#9227=DIRECTION('center_axis',(1.22464679914726E-16,0.,-1.));
#9228=DIRECTION('ref_axis',(-1.,0.,-1.22464679914726E-16));
#9229=DIRECTION('center_axis',(1.22464679914726E-16,0.,-1.));
#9230=DIRECTION('ref_axis',(-1.,0.,-1.22464679914726E-16));
#9231=DIRECTION('center_axis',(1.22464679914726E-16,0.,-1.));
#9232=DIRECTION('ref_axis',(1.,1.22464679914735E-16,1.22464679914726E-16));
#9233=DIRECTION('center_axis',(1.22464679914726E-16,0.,-1.));
#9234=DIRECTION('ref_axis',(-1.,0.,-1.22464679914726E-16));
#9235=DIRECTION('center_axis',(1.22464679914726E-16,0.,-1.));
#9236=DIRECTION('ref_axis',(-1.,0.,-1.22464679914726E-16));
#9237=DIRECTION('center_axis',(1.22464679914726E-16,0.,-1.));
#9238=DIRECTION('ref_axis',(-1.,0.,-1.22464679914726E-16));
#9239=DIRECTION('',(-0.866025403784438,0.5,-1.06057523872482E-16));
#9240=DIRECTION('',(0.,1.,0.));
#9241=DIRECTION('',(0.866025403784439,0.5,1.06057523872482E-16));
#9242=DIRECTION('',(0.866025403784438,-0.5,1.06057523872482E-16));
#9243=DIRECTION('',(0.,-1.,0.));
#9244=DIRECTION('',(-0.866025403784438,-0.5,-1.06057523872482E-16));
#9245=DIRECTION('center_axis',(-1.,0.,-1.22464679914726E-16));
#9246=DIRECTION('ref_axis',(-1.22464679914726E-16,0.,1.));
#9247=DIRECTION('',(1.22464679914726E-16,0.,-1.));
#9248=DIRECTION('',(1.22464679914726E-16,0.,-1.));
#9249=DIRECTION('center_axis',(-0.5,0.866025403784439,-6.12323399573628E-17));
#9250=DIRECTION('ref_axis',(0.866025403784439,0.5,1.06057523872482E-16));
#9251=DIRECTION('',(1.22464679914726E-16,0.,-1.));
#9252=DIRECTION('center_axis',(0.5,0.866025403784438,6.12323399573629E-17));
#9253=DIRECTION('ref_axis',(0.866025403784438,-0.5,1.06057523872482E-16));
#9254=DIRECTION('',(1.22464679914726E-16,0.,-1.));
#9255=DIRECTION('center_axis',(1.,0.,1.22464679914726E-16));
#9256=DIRECTION('ref_axis',(1.22464679914726E-16,0.,-1.));
#9257=DIRECTION('',(1.22464679914726E-16,0.,-1.));
#9258=DIRECTION('center_axis',(0.5,-0.866025403784439,6.12323399573628E-17));
#9259=DIRECTION('ref_axis',(-0.866025403784439,-0.5,-1.06057523872482E-16));
#9260=DIRECTION('',(1.22464679914726E-16,0.,-1.));
#9261=DIRECTION('center_axis',(-0.5,-0.866025403784438,-6.12323399573629E-17));
#9262=DIRECTION('ref_axis',(-0.866025403784438,0.5,-1.06057523872482E-16));
#9263=DIRECTION('',(-3.92001884990067E-16,4.27487919278296E-16,1.));
#9264=DIRECTION('',(0.866025403784439,0.5,1.96292124195839E-16));
#9265=DIRECTION('',(1.25357322909506E-16,-5.46082721015954E-16,-1.));
#9266=DIRECTION('',(0.866025403784439,0.5,-1.39050260211124E-16));
#9267=DIRECTION('',(4.8086844685528E-16,-1.0843678505148E-15,1.));
#9268=DIRECTION('',(0.866025403784439,0.5,1.96292124195839E-16));
#9269=DIRECTION('',(4.21783527417704E-16,-1.11848054465713E-15,1.));
#9270=DIRECTION('',(0.866025403784439,0.5,1.6853654858021E-16));
#9271=DIRECTION('',(3.51084599341764E-16,-9.69661002669771E-16,1.));
#9272=DIRECTION('',(0.866025403784439,0.5,1.73843425523529E-16));
#9273=DIRECTION('',(-1.,-1.95920349125743E-15,-2.4957889318319E-16));
#9274=DIRECTION('',(2.49578893183189E-16,-1.95323065905761E-16,-0.999999999999999));
#9275=DIRECTION('',(2.93489951577464E-32,1.,4.5102810375397E-16));
#9276=DIRECTION('',(0.999999999999999,-2.77555756156289E-17,0.));
#9277=DIRECTION('',(1.,1.89675344612227E-15,2.63748235025405E-15));
#9278=DIRECTION('',(-2.78914336124861E-15,-4.34997839465499E-17,1.));
#9279=DIRECTION('',(2.93489951577464E-32,1.,4.5102810375397E-16));
#9280=DIRECTION('',(0.999999999999999,-2.77555756156289E-17,4.93038065763132E-32));
#9281=DIRECTION('axis',(0.,0.,1.));
#9282=DIRECTION('refdir',(1.,0.,0.));
#9283=DIRECTION('axis',(0.,0.,1.));
#9284=DIRECTION('refdir',(1.,0.,0.));
#9285=DIRECTION('center_axis',(1.52971533700414E-15,-4.57559687306811E-17,
1.));
#9286=DIRECTION('ref_axis',(1.,-4.5213832757383E-14,-1.52971526040392E-15));
#9287=DIRECTION('',(-1.,4.52138326778595E-14,1.52971533700414E-15));
#9288=DIRECTION('',(-4.52138326778595E-14,-1.,-4.57559687306119E-17));
#9289=DIRECTION('center_axis',(1.52971533700414E-15,-4.57559687306811E-17,
1.));
#9290=DIRECTION('ref_axis',(1.,-4.52138326778595E-14,-1.22464680747167E-16));
#9291=DIRECTION('',(1.,-4.52138326778595E-14,-1.52971533700414E-15));
#9292=DIRECTION('',(4.49969922433624E-14,1.,4.57559687306122E-17));
#9293=DIRECTION('',(-1.,4.52138326778595E-14,1.52971533700414E-15));
#9294=DIRECTION('',(4.61372064260288E-14,1.,4.57559687306105E-17));
#9295=DIRECTION('',(0.70710678118658,0.707106781186515,-1.04931773231152E-15));
#9296=DIRECTION('',(1.,-4.52138326778595E-14,-1.52971533700414E-15));
#9297=DIRECTION('',(0.866025403784462,0.49999999999996,-1.30189435803895E-15));
#9298=DIRECTION('',(0.866025403784416,-0.500000000000039,-1.34765032676956E-15));
#9299=DIRECTION('',(1.,-4.52138326778595E-14,-1.52971533700414E-15));
#9300=DIRECTION('',(0.707106781186515,-0.70710678118658,-1.11402644384987E-15));
#9301=DIRECTION('',(-4.70605801741982E-14,-1.,-4.57559687306091E-17));
#9302=DIRECTION('',(-1.,4.29008680432238E-14,1.52971533700414E-15));
#9303=DIRECTION('',(-4.52138326778595E-14,-1.,-4.57559687306119E-17));
#9304=DIRECTION('',(1.,-4.52138326778595E-14,-1.52971533700414E-15));
#9305=DIRECTION('center_axis',(1.52971533700414E-15,-4.57559687306811E-17,
1.));
#9306=DIRECTION('ref_axis',(1.,-4.52138326778595E-14,-1.22464680747167E-16));
#9307=DIRECTION('',(4.52138326778595E-14,1.,4.57559687306119E-17));
#9308=DIRECTION('',(-1.,4.52138326778595E-14,1.52971533700414E-15));
#9309=DIRECTION('',(-4.52138326778595E-14,-1.,-4.57559687306119E-17));
#9310=DIRECTION('',(-1.,4.70605801741982E-14,1.52971533700414E-15));
#9311=DIRECTION('',(-0.707106781186516,0.707106781186579,1.11402644384987E-15));
#9312=DIRECTION('',(4.52138326778595E-14,1.,4.57559687306119E-17));
#9313=DIRECTION('',(-0.49999999999996,0.866025403784462,8.04483499797544E-16));
#9314=DIRECTION('',(0.500000000000039,0.866025403784416,-7.25231837206593E-16));
#9315=DIRECTION('',(4.52138326778595E-14,1.,4.57559687306119E-17));
#9316=DIRECTION('',(0.70710678118658,0.707106781186515,-1.04931773231152E-15));
#9317=DIRECTION('',(1.,-4.79839539223676E-14,-1.52971533700414E-15));
#9318=DIRECTION('',(-4.29008680432238E-14,-1.,-4.57559687306154E-17));
#9319=DIRECTION('',(1.,-4.52138326778595E-14,-1.52971533700414E-15));
#9320=DIRECTION('',(4.52138326778595E-14,1.,4.57559687306119E-17));
#9321=DIRECTION('center_axis',(1.52971533700414E-15,-4.57559687306811E-17,
1.));
#9322=DIRECTION('ref_axis',(1.,-4.52138326778595E-14,-1.22464680747167E-16));
#9323=DIRECTION('',(-1.,4.52138326778595E-14,1.52971533700414E-15));
#9324=DIRECTION('',(-4.54306731123566E-14,-1.,-4.57559687306116E-17));
#9325=DIRECTION('',(1.,-4.52138326778595E-14,-1.52971533700414E-15));
#9326=DIRECTION('',(-4.79839539223675E-14,-1.,-4.57559687306077E-17));
#9327=DIRECTION('',(-0.707106781186579,-0.707106781186516,1.04931773231152E-15));
#9328=DIRECTION('',(-1.,4.52138326778595E-14,1.52971533700414E-15));
#9329=DIRECTION('',(-0.866025403784462,-0.49999999999996,1.30189435803895E-15));
#9330=DIRECTION('',(-0.866025403784416,0.500000000000039,1.34765032676956E-15));
#9331=DIRECTION('',(-1.,4.52138326778595E-14,1.52971533700414E-15));
#9332=DIRECTION('',(-0.707106781186515,0.70710678118658,1.11402644384987E-15));
#9333=DIRECTION('',(4.52138326778595E-14,1.,4.57559687306119E-17));
#9334=DIRECTION('',(1.,-4.29008680432238E-14,-1.52971533700414E-15));
#9335=DIRECTION('',(4.52138326778595E-14,1.,4.57559687306119E-17));
#9336=DIRECTION('',(-1.,4.52138326778595E-14,1.52971533700414E-15));
#9337=DIRECTION('center_axis',(1.52971533700414E-15,-4.57559687306811E-17,
1.));
#9338=DIRECTION('ref_axis',(1.,-4.52138326778595E-14,-1.22464680747167E-16));
#9339=DIRECTION('',(-4.52138326778595E-14,-1.,-4.57559687306119E-17));
#9340=DIRECTION('',(1.,-4.52138326778595E-14,-1.52971533700414E-15));
#9341=DIRECTION('',(4.52138326778595E-14,1.,4.57559687306119E-17));
#9342=DIRECTION('',(1.,-4.52138326778595E-14,-1.52971533700414E-15));
#9343=DIRECTION('',(0.707106781186515,-0.70710678118658,-1.11402644384987E-15));
#9344=DIRECTION('',(-4.52138326778595E-14,-1.,-4.57559687306119E-17));
#9345=DIRECTION('',(0.49999999999996,-0.866025403784462,-8.04483499797544E-16));
#9346=DIRECTION('',(-0.500000000000039,-0.866025403784416,7.25231837206593E-16));
#9347=DIRECTION('',(-4.52138326778595E-14,-1.,-4.57559687306119E-17));
#9348=DIRECTION('',(-0.70710678118658,-0.707106781186515,1.04931773231152E-15));
#9349=DIRECTION('',(-1.,4.61372064260289E-14,1.52971533700414E-15));
#9350=DIRECTION('',(4.29008680432238E-14,1.,4.57559687306154E-17));
#9351=DIRECTION('center_axis',(-1.52971533700414E-15,4.57559687306811E-17,
-1.));
#9352=DIRECTION('ref_axis',(-1.,2.49800180540653E-13,0.));
#9353=DIRECTION('center_axis',(-1.86656959508014E-14,-2.30053154639082E-8,
-1.));
#9354=DIRECTION('ref_axis',(-1.,-4.70197740328915E-38,1.86656959508014E-14));
#9355=DIRECTION('',(4.29008680404064E-14,1.,-2.30053154639082E-8));
#9356=DIRECTION('',(-1.,4.61372064260289E-14,1.86656948894004E-14));
#9357=DIRECTION('',(-0.70710678118658,-0.707106781186515,1.62672277665047E-8));
#9358=DIRECTION('',(-4.52138326750421E-14,-1.,2.30053154639082E-8));
#9359=DIRECTION('',(-0.500000000000039,-0.866025403784416,1.99231969466669E-8));
#9360=DIRECTION('',(0.49999999999996,-0.866025403784462,1.9923178280972E-8));
#9361=DIRECTION('',(-4.52138326750421E-14,-1.,2.30053154639082E-8));
#9362=DIRECTION('',(0.707106781186515,-0.70710678118658,1.62672013692258E-8));
#9363=DIRECTION('',(1.,-4.52138326778595E-14,-1.86656949106429E-14));
#9364=DIRECTION('',(4.52138326750421E-14,1.,-2.30053154639082E-8));
#9365=DIRECTION('',(1.,-4.52138326778595E-14,-1.86656949106429E-14));
#9366=DIRECTION('',(-4.52138326750421E-14,-1.,2.30053154639082E-8));
#9367=DIRECTION('center_axis',(1.86656959508014E-14,2.30053154639082E-8,
1.));
#9368=DIRECTION('ref_axis',(-4.52138326750421E-14,-1.,2.30053154639082E-8));
#9369=DIRECTION('',(-1.,4.52138326778595E-14,1.86656949106429E-14));
#9370=DIRECTION('',(4.52138326750421E-14,1.,-2.30053154639082E-8));
#9371=DIRECTION('',(1.,-4.29008680432238E-14,-1.86656949638534E-14));
#9372=DIRECTION('',(4.52138326750421E-14,1.,-2.30053154639082E-8));
#9373=DIRECTION('',(-0.707106781186515,0.70710678118658,-1.62672013692258E-8));
#9374=DIRECTION('',(-1.,4.52138326778595E-14,1.86656949106429E-14));
#9375=DIRECTION('',(-0.866025403784416,0.500000000000039,-1.15026415669881E-8));
#9376=DIRECTION('',(-0.866025403784462,-0.49999999999996,1.15026738969201E-8));
#9377=DIRECTION('',(-1.,4.52138326778595E-14,1.86656949106429E-14));
#9378=DIRECTION('',(-0.707106781186579,-0.707106781186516,1.62672277665047E-8));
#9379=DIRECTION('',(-4.79839539195501E-14,-1.,2.30053154639082E-8));
#9380=DIRECTION('',(1.,-4.52138326778595E-14,-1.86656949106429E-14));
#9381=DIRECTION('',(-4.54306731095392E-14,-1.,2.30053154639082E-8));
#9382=DIRECTION('',(-1.,4.52138326778595E-14,1.86656949106429E-14));
#9383=DIRECTION('center_axis',(1.86656959508014E-14,2.30053154639082E-8,
1.));
#9384=DIRECTION('ref_axis',(-4.52138326750421E-14,-1.,2.30053154639082E-8));
#9385=DIRECTION('',(4.52138326750421E-14,1.,-2.30053154639082E-8));
#9386=DIRECTION('',(1.,-4.52138326778595E-14,-1.86656949106429E-14));
#9387=DIRECTION('',(-4.29008680404064E-14,-1.,2.30053154639082E-8));
#9388=DIRECTION('',(1.,-4.79839539223676E-14,-1.86656948469154E-14));
#9389=DIRECTION('',(0.70710678118658,0.707106781186515,-1.62672277665047E-8));
#9390=DIRECTION('',(4.52138326750421E-14,1.,-2.30053154639082E-8));
#9391=DIRECTION('',(0.500000000000039,0.866025403784416,-1.99231969466669E-8));
#9392=DIRECTION('',(-0.49999999999996,0.866025403784462,-1.9923178280972E-8));
#9393=DIRECTION('',(4.52138326750421E-14,1.,-2.30053154639082E-8));
#9394=DIRECTION('',(-0.707106781186516,0.707106781186579,-1.62672013692258E-8));
#9395=DIRECTION('',(-1.,4.70605801741982E-14,1.86656948681579E-14));
#9396=DIRECTION('',(-4.52138326750421E-14,-1.,2.30053154639082E-8));
#9397=DIRECTION('',(-1.,4.52138326778595E-14,1.86656949106429E-14));
#9398=DIRECTION('',(4.52138326750421E-14,1.,-2.30053154639082E-8));
#9399=DIRECTION('center_axis',(1.86656959508014E-14,2.30053154639082E-8,
1.));
#9400=DIRECTION('ref_axis',(-4.52138326750421E-14,-1.,2.30053154639082E-8));
#9401=DIRECTION('',(1.,-4.52138326778595E-14,-1.86656949106429E-14));
#9402=DIRECTION('',(-4.52138326750421E-14,-1.,2.30053154639082E-8));
#9403=DIRECTION('',(-1.,4.29008680432238E-14,1.86656949638534E-14));
#9404=DIRECTION('',(-4.70605801713808E-14,-1.,2.30053154639082E-8));
#9405=DIRECTION('',(0.707106781186515,-0.70710678118658,1.62672013692258E-8));
#9406=DIRECTION('',(1.,-4.52138326778595E-14,-1.86656949106429E-14));
#9407=DIRECTION('',(0.866025403784416,-0.500000000000039,1.15026415669881E-8));
#9408=DIRECTION('',(0.866025403784462,0.49999999999996,-1.15026738969201E-8));
#9409=DIRECTION('',(1.,-4.52138326778595E-14,-1.86656949106429E-14));
#9410=DIRECTION('',(0.70710678118658,0.707106781186515,-1.62672277665047E-8));
#9411=DIRECTION('',(4.61372064232114E-14,1.,-2.30053154639082E-8));
#9412=DIRECTION('',(-1.,4.52138326778595E-14,1.86656949106429E-14));
#9413=DIRECTION('',(4.4996992240545E-14,1.,-2.30053154639082E-8));
#9414=DIRECTION('',(1.,-4.52138326778595E-14,-1.86656949106429E-14));
#9415=DIRECTION('center_axis',(1.86656959508014E-14,2.30053154639082E-8,
1.));
#9416=DIRECTION('ref_axis',(-4.52138326750421E-14,-1.,2.30053154639082E-8));
#9417=DIRECTION('',(-4.52138326750421E-14,-1.,2.30053154639082E-8));
#9418=DIRECTION('',(-1.,4.52138326778595E-14,1.86656949106429E-14));
#9419=DIRECTION('center_axis',(-1.86656959508014E-14,-2.30053154639082E-8,
-1.));
#9420=DIRECTION('ref_axis',(-2.49800180537836E-13,-1.,2.30053154639082E-8));
#9421=DIRECTION('center_axis',(-4.79839539223676E-14,-1.,1.42486738642849E-28));
#9422=DIRECTION('ref_axis',(1.,-4.79839539223676E-14,-1.22464680747167E-16));
#9423=DIRECTION('',(1.5284070305673E-15,-4.57559687306811E-17,1.));
#9424=DIRECTION('',(1.5284070305673E-15,-4.57559687306811E-17,1.));
#9425=DIRECTION('center_axis',(-1.,4.29008680432238E-14,1.22464680747167E-16));
#9426=DIRECTION('ref_axis',(-4.29008680432238E-14,-1.,1.41864240153449E-28));
#9427=DIRECTION('',(1.24403887421925E-16,-6.02070125553295E-17,1.));
#9428=DIRECTION('center_axis',(-4.52138326778595E-14,-1.,1.42147496629009E-28));
#9429=DIRECTION('ref_axis',(-1.22464680747167E-16,-1.36610399044759E-28,
-1.));
#9430=DIRECTION('',(1.22464680747167E-16,1.3661039904476E-28,1.));
#9431=DIRECTION('center_axis',(1.,-4.52138326778595E-14,-1.22464680747167E-16));
#9432=DIRECTION('ref_axis',(-1.22464680747167E-16,-1.3661039904476E-28,
-1.));
#9433=DIRECTION('',(1.22464680747167E-16,1.3661039904476E-28,1.));
#9434=DIRECTION('center_axis',(-1.22464680747167E-16,-1.3661039904476E-28,
-1.));
#9435=DIRECTION('ref_axis',(1.,-4.52138326778595E-14,-1.22464680747167E-16));
#9436=DIRECTION('',(1.22464680747167E-16,1.3661039904476E-28,1.));
#9437=DIRECTION('center_axis',(4.52138326778595E-14,1.,-1.42147496629009E-28));
#9438=DIRECTION('ref_axis',(1.22464680747167E-16,1.36610399044759E-28,1.));
#9439=DIRECTION('',(1.22464680747167E-16,1.3661039904476E-28,1.));
#9440=DIRECTION('center_axis',(-1.,4.54306731123566E-14,1.22464680747167E-16));
#9441=DIRECTION('ref_axis',(-4.54306731123566E-14,-1.,1.42174051923593E-28));
#9442=DIRECTION('',(1.22464680747167E-16,1.3661039904476E-28,1.));
#9443=DIRECTION('center_axis',(-4.52138326778595E-14,-1.,1.42147496629009E-28));
#9444=DIRECTION('ref_axis',(-1.22464680747167E-16,-1.36610399044759E-28,
-1.));
#9445=DIRECTION('',(1.22464680747167E-16,1.3661039904476E-28,1.));
#9446=DIRECTION('center_axis',(-1.,4.79839539223675E-14,1.22464680747167E-16));
#9447=DIRECTION('ref_axis',(-4.79839539223675E-14,-1.,1.42486738642849E-28));
#9448=DIRECTION('',(1.22464680747167E-16,1.3661039904476E-28,1.));
#9449=DIRECTION('center_axis',(-0.707106781186516,0.707106781186579,8.65956062120667E-17));
#9450=DIRECTION('ref_axis',(-0.707106781186579,-0.707106781186516,8.65956062122676E-17));
#9451=DIRECTION('',(1.22464680747167E-16,1.3661039904476E-28,1.));
#9452=DIRECTION('center_axis',(4.52138326778595E-14,1.,-1.42147496629009E-28));
#9453=DIRECTION('ref_axis',(1.22464680747167E-16,1.36610399044759E-28,1.));
#9454=DIRECTION('',(1.22464680747167E-16,1.3661039904476E-28,1.));
#9455=DIRECTION('center_axis',(-0.49999999999996,0.866025403784462,6.12323403734601E-17));
#9456=DIRECTION('ref_axis',(-0.866025403784462,-0.49999999999996,1.06057524593469E-16));
#9457=DIRECTION('',(1.22464680747167E-16,1.3661039904476E-28,1.));
#9458=DIRECTION('center_axis',(0.500000000000039,0.866025403784416,-6.12323403737064E-17));
#9459=DIRECTION('ref_axis',(-0.866025403784416,0.500000000000039,1.06057524593326E-16));
#9460=DIRECTION('',(1.22464680747167E-16,1.3661039904476E-28,1.));
#9461=DIRECTION('center_axis',(4.52138326778595E-14,1.,-1.42147496629009E-28));
#9462=DIRECTION('ref_axis',(1.22464680747167E-16,1.36610399044759E-28,1.));
#9463=DIRECTION('',(1.22464680747167E-16,1.3661039904476E-28,1.));
#9464=DIRECTION('center_axis',(0.70710678118658,0.707106781186515,-8.65956062122677E-17));
#9465=DIRECTION('ref_axis',(-0.707106781186515,0.70710678118658,8.65956062120666E-17));
#9466=DIRECTION('',(1.22464680747167E-16,1.3661039904476E-28,1.));
#9467=DIRECTION('center_axis',(1.,-4.52138326778595E-14,-1.22464680747167E-16));
#9468=DIRECTION('ref_axis',(-1.22464680747167E-16,-1.3661039904476E-28,
-1.));
#9469=DIRECTION('',(1.22464680747167E-16,1.3661039904476E-28,1.));
#9470=DIRECTION('center_axis',(-4.29008680432238E-14,-1.,1.41864240153449E-28));
#9471=DIRECTION('ref_axis',(1.,-4.29008680432238E-14,-1.22464680747167E-16));
#9472=DIRECTION('',(1.22464680747167E-16,1.3661039904476E-28,1.));
#9473=DIRECTION('center_axis',(1.,-4.52138326778595E-14,-1.22464680747167E-16));
#9474=DIRECTION('ref_axis',(-1.22464680747167E-16,-1.3661039904476E-28,
-1.));
#9475=DIRECTION('',(1.22464680747167E-16,1.3661039904476E-28,1.));
#9476=DIRECTION('center_axis',(4.52138326778595E-14,1.,-1.42147496629009E-28));
#9477=DIRECTION('ref_axis',(1.22464680747167E-16,1.36610399044759E-28,1.));
#9478=DIRECTION('',(1.22464680747167E-16,1.3661039904476E-28,1.));
#9479=DIRECTION('center_axis',(-1.22464680747167E-16,-1.3661039904476E-28,
-1.));
#9480=DIRECTION('ref_axis',(1.,-4.52138326778595E-14,-1.22464680747167E-16));
#9481=DIRECTION('',(1.22464680747167E-16,1.3661039904476E-28,1.));
#9482=DIRECTION('center_axis',(-1.,4.52138326778595E-14,1.22464680747167E-16));
#9483=DIRECTION('ref_axis',(1.22464680747167E-16,1.3661039904476E-28,1.));
#9484=DIRECTION('',(1.22464680747167E-16,1.3661039904476E-28,1.));
#9485=DIRECTION('center_axis',(-4.52138326778595E-14,-1.,1.42147496629009E-28));
#9486=DIRECTION('ref_axis',(-1.22464680747167E-16,-1.36610399044759E-28,
-1.));
#9487=DIRECTION('',(1.22464680747167E-16,1.3661039904476E-28,1.));
#9488=DIRECTION('center_axis',(1.,-4.52138326778595E-14,-1.22464680747167E-16));
#9489=DIRECTION('ref_axis',(-1.22464680747167E-16,-1.3661039904476E-28,
-1.));
#9490=DIRECTION('',(1.22464680747167E-16,1.3661039904476E-28,1.));
#9491=DIRECTION('center_axis',(-4.52138326778595E-14,-1.,1.42147496629009E-28));
#9492=DIRECTION('ref_axis',(-1.22464680747167E-16,-1.36610399044759E-28,
-1.));
#9493=DIRECTION('',(1.22464680747167E-16,1.3661039904476E-28,1.));
#9494=DIRECTION('center_axis',(-0.70710678118658,-0.707106781186515,8.65956062122677E-17));
#9495=DIRECTION('ref_axis',(0.707106781186515,-0.70710678118658,-8.65956062120666E-17));
#9496=DIRECTION('',(1.22464680747167E-16,1.3661039904476E-28,1.));
#9497=DIRECTION('center_axis',(-1.,4.52138326778595E-14,1.22464680747167E-16));
#9498=DIRECTION('ref_axis',(1.22464680747167E-16,1.3661039904476E-28,1.));
#9499=DIRECTION('',(1.22464680747167E-16,1.3661039904476E-28,1.));
#9500=DIRECTION('center_axis',(-0.866025403784462,-0.49999999999996,1.06057524593469E-16));
#9501=DIRECTION('ref_axis',(0.49999999999996,-0.866025403784462,-6.12323403734601E-17));
#9502=DIRECTION('',(1.22464680747167E-16,1.3661039904476E-28,1.));
#9503=DIRECTION('center_axis',(-0.866025403784416,0.500000000000039,1.06057524593326E-16));
#9504=DIRECTION('ref_axis',(-0.500000000000039,-0.866025403784416,6.12323403737064E-17));
#9505=DIRECTION('',(1.22464680747167E-16,1.3661039904476E-28,1.));
#9506=DIRECTION('center_axis',(-1.,4.52138326778595E-14,1.22464680747167E-16));
#9507=DIRECTION('ref_axis',(1.22464680747167E-16,1.3661039904476E-28,1.));
#9508=DIRECTION('',(1.22464680747167E-16,1.3661039904476E-28,1.));
#9509=DIRECTION('center_axis',(-0.707106781186515,0.70710678118658,8.65956062120666E-17));
#9510=DIRECTION('ref_axis',(-0.70710678118658,-0.707106781186515,8.65956062122678E-17));
#9511=DIRECTION('',(1.22464680747167E-16,1.3661039904476E-28,1.));
#9512=DIRECTION('center_axis',(1.22464680747167E-16,1.3661039904476E-28,
1.));
#9513=DIRECTION('ref_axis',(-1.,2.49800180540653E-13,0.));
#9514=DIRECTION('',(8.32431699835346E-25,1.67187100599488E-28,1.));
#9515=DIRECTION('center_axis',(0.707106781186515,-0.70710678118658,-8.65956062120666E-17));
#9516=DIRECTION('ref_axis',(0.70710678118658,0.707106781186515,-8.65956062122678E-17));
#9517=DIRECTION('',(1.5284070305673E-15,-4.57559687306811E-17,1.));
#9518=DIRECTION('center_axis',(1.,-4.52138326778595E-14,-1.22464680747167E-16));
#9519=DIRECTION('ref_axis',(-1.22464680747167E-16,-1.3661039904476E-28,
-1.));
#9520=DIRECTION('',(1.5284070305673E-15,-4.57559687306811E-17,1.));
#9521=DIRECTION('center_axis',(0.866025403784416,-0.500000000000039,-1.06057524593326E-16));
#9522=DIRECTION('ref_axis',(0.500000000000039,0.866025403784416,-6.12323403737064E-17));
#9523=DIRECTION('',(1.5284070305673E-15,-4.57559687306811E-17,1.));
#9524=DIRECTION('center_axis',(0.866025403784462,0.49999999999996,-1.06057524593469E-16));
#9525=DIRECTION('ref_axis',(-0.49999999999996,0.866025403784462,6.12323403734601E-17));
#9526=DIRECTION('',(1.5284070305673E-15,-4.57559687306811E-17,1.));
#9527=DIRECTION('center_axis',(1.,-4.52138326778595E-14,-1.22464680747167E-16));
#9528=DIRECTION('ref_axis',(-1.22464680747167E-16,-1.3661039904476E-28,
-1.));
#9529=DIRECTION('',(1.5284070305673E-15,-4.57559687306811E-17,1.));
#9530=DIRECTION('center_axis',(0.707106781186579,0.707106781186516,-8.65956062122676E-17));
#9531=DIRECTION('ref_axis',(-0.707106781186516,0.707106781186579,8.65956062120667E-17));
#9532=DIRECTION('',(1.5284070305673E-15,-4.57559687306811E-17,1.));
#9533=DIRECTION('center_axis',(4.70605801741982E-14,1.,-1.42373657971569E-28));
#9534=DIRECTION('ref_axis',(-1.,4.70605801741982E-14,1.22464680747167E-16));
#9535=DIRECTION('',(1.5284070305673E-15,-4.57559687306811E-17,1.));
#9536=DIRECTION('center_axis',(-1.,4.52138326778595E-14,1.22464680747167E-16));
#9537=DIRECTION('ref_axis',(1.22464680747167E-16,1.3661039904476E-28,1.));
#9538=DIRECTION('',(1.5284070305673E-15,-4.57559687306811E-17,1.));
#9539=DIRECTION('center_axis',(4.52138326778595E-14,1.,-1.42147496629009E-28));
#9540=DIRECTION('ref_axis',(1.22464680747167E-16,1.36610399044759E-28,1.));
#9541=DIRECTION('',(1.5284070305673E-15,-4.57559687306811E-17,1.));
#9542=DIRECTION('center_axis',(1.,-4.52138326778595E-14,-1.22464680747167E-16));
#9543=DIRECTION('ref_axis',(-1.22464680747167E-16,-1.3661039904476E-28,
-1.));
#9544=DIRECTION('',(1.5284070305673E-15,-4.57559687306811E-17,1.));
#9545=DIRECTION('center_axis',(-1.22464680747167E-16,-1.3661039904476E-28,
-1.));
#9546=DIRECTION('ref_axis',(1.,-4.52138326778595E-14,-1.22464680747167E-16));
#9547=DIRECTION('',(1.5284070305673E-15,-4.57559687306811E-17,1.));
#9548=DIRECTION('center_axis',(-4.52138326778595E-14,-1.,1.42147496629009E-28));
#9549=DIRECTION('ref_axis',(-1.22464680747167E-16,-1.36610399044759E-28,
-1.));
#9550=DIRECTION('',(1.5284070305673E-15,-4.57559687306811E-17,1.));
#9551=DIRECTION('center_axis',(-1.,4.52138326778595E-14,1.22464680747167E-16));
#9552=DIRECTION('ref_axis',(1.22464680747167E-16,1.3661039904476E-28,1.));
#9553=DIRECTION('',(1.5284070305673E-15,-4.57559687306811E-17,1.));
#9554=DIRECTION('center_axis',(4.29008680432238E-14,1.,-1.41864240153449E-28));
#9555=DIRECTION('ref_axis',(-1.,4.29008680432238E-14,1.22464680747167E-16));
#9556=DIRECTION('',(1.5284070305673E-15,-4.57559687306811E-17,1.));
#9557=DIRECTION('center_axis',(-1.,4.70605801741982E-14,1.22464680747167E-16));
#9558=DIRECTION('ref_axis',(-4.70605801741982E-14,-1.,1.42373657971569E-28));
#9559=DIRECTION('',(1.5284070305673E-15,-4.57559687306811E-17,1.));
#9560=DIRECTION('center_axis',(-0.70710678118658,-0.707106781186515,8.65956062122677E-17));
#9561=DIRECTION('ref_axis',(0.707106781186515,-0.70710678118658,-8.65956062120666E-17));
#9562=DIRECTION('',(1.5284070305673E-15,-4.57559687306811E-17,1.));
#9563=DIRECTION('center_axis',(-4.52138326778595E-14,-1.,1.42147496629009E-28));
#9564=DIRECTION('ref_axis',(-1.22464680747167E-16,-1.36610399044759E-28,
-1.));
#9565=DIRECTION('',(1.5284070305673E-15,-4.57559687306811E-17,1.));
#9566=DIRECTION('center_axis',(-0.500000000000039,-0.866025403784416,6.12323403737064E-17));
#9567=DIRECTION('ref_axis',(0.866025403784416,-0.500000000000039,-1.06057524593326E-16));
#9568=DIRECTION('',(1.5284070305673E-15,-4.57559687306811E-17,1.));
#9569=DIRECTION('center_axis',(0.49999999999996,-0.866025403784462,-6.12323403734601E-17));
#9570=DIRECTION('ref_axis',(0.866025403784462,0.49999999999996,-1.06057524593469E-16));
#9571=DIRECTION('',(1.5284070305673E-15,-4.57559687306811E-17,1.));
#9572=DIRECTION('center_axis',(-4.52138326778595E-14,-1.,1.42147496629009E-28));
#9573=DIRECTION('ref_axis',(-1.22464680747167E-16,-1.36610399044759E-28,
-1.));
#9574=DIRECTION('',(1.5284070305673E-15,-4.57559687306811E-17,1.));
#9575=DIRECTION('center_axis',(0.707106781186515,-0.70710678118658,-8.65956062120666E-17));
#9576=DIRECTION('ref_axis',(0.70710678118658,0.707106781186515,-8.65956062122678E-17));
#9577=DIRECTION('',(1.5284070305673E-15,-4.57559687306811E-17,1.));
#9578=DIRECTION('center_axis',(1.,-4.61372064260288E-14,-1.22464680747167E-16));
#9579=DIRECTION('ref_axis',(4.61372064260288E-14,1.,-1.42260577300289E-28));
#9580=DIRECTION('',(1.5284070305673E-15,-4.57559687306811E-17,1.));
#9581=DIRECTION('center_axis',(4.52138326778595E-14,1.,-1.42147496629009E-28));
#9582=DIRECTION('ref_axis',(1.22464680747167E-16,1.36610399044759E-28,1.));
#9583=DIRECTION('',(1.5284070305673E-15,-4.57559687306811E-17,1.));
#9584=DIRECTION('center_axis',(1.,-4.49969922433624E-14,-1.22464680747167E-16));
#9585=DIRECTION('ref_axis',(4.49969922433624E-14,1.,-1.42120941334426E-28));
#9586=DIRECTION('',(1.5284070305673E-15,-4.57559687306811E-17,1.));
#9587=DIRECTION('center_axis',(-4.52138326778595E-14,-1.,1.42147496629009E-28));
#9588=DIRECTION('ref_axis',(-1.22464680747167E-16,-1.36610399044759E-28,
-1.));
#9589=DIRECTION('',(1.5284070305673E-15,-4.57559687306811E-17,1.));
#9590=DIRECTION('center_axis',(-1.22464680747167E-16,-1.3661039904476E-28,
-1.));
#9591=DIRECTION('ref_axis',(-0.707106854389292,-0.707106707983796,8.65956151770147E-17));
#9592=DIRECTION('',(1.5284070305673E-15,-4.57559687306811E-17,1.));
#9593=DIRECTION('center_axis',(-1.,4.52138326778595E-14,1.22464680747167E-16));
#9594=DIRECTION('ref_axis',(1.22464680747167E-16,1.3661039904476E-28,1.));
#9595=DIRECTION('',(1.5284070305673E-15,-4.57559687306811E-17,1.));
#9596=DIRECTION('center_axis',(4.52138326778595E-14,1.,-1.42147496629009E-28));
#9597=DIRECTION('ref_axis',(1.22464680747167E-16,1.36610399044759E-28,1.));
#9598=DIRECTION('',(1.5284070305673E-15,-4.57559687306811E-17,1.));
#9599=DIRECTION('center_axis',(1.,-4.29008680432238E-14,-1.22464680747167E-16));
#9600=DIRECTION('ref_axis',(4.29008680432238E-14,1.,-1.41864240153449E-28));
#9601=DIRECTION('',(1.22464680747167E-16,1.3661039904476E-28,1.));
#9602=DIRECTION('center_axis',(4.61372064260289E-14,1.,-1.42260577300289E-28));
#9603=DIRECTION('ref_axis',(-1.,4.61372064260289E-14,1.22464680747167E-16));
#9604=DIRECTION('axis',(0.,0.,1.));
#9605=DIRECTION('refdir',(1.,0.,0.));
#9606=DIRECTION('center_axis',(1.52971533700414E-15,-4.57559687306811E-17,
1.));
#9607=DIRECTION('ref_axis',(1.,-4.5213832757383E-14,-1.52971526040392E-15));
#9608=DIRECTION('',(-1.,4.52138326778595E-14,1.52971533700414E-15));
#9609=DIRECTION('',(-4.52138326778595E-14,-1.,-4.57559687306119E-17));
#9610=DIRECTION('center_axis',(1.52971533700414E-15,-4.57559687306811E-17,
1.));
#9611=DIRECTION('ref_axis',(1.,-4.52138326778595E-14,-1.22464680747167E-16));
#9612=DIRECTION('',(1.,-4.52138326778595E-14,-1.52971533700414E-15));
#9613=DIRECTION('',(4.49969922433624E-14,1.,4.57559687306122E-17));
#9614=DIRECTION('',(-1.,4.52138326778595E-14,1.52971533700414E-15));
#9615=DIRECTION('',(4.61372064260288E-14,1.,4.57559687306105E-17));
#9616=DIRECTION('',(0.70710678118658,0.707106781186515,-1.04931773231152E-15));
#9617=DIRECTION('',(1.,-4.52138326778595E-14,-1.52971533700414E-15));
#9618=DIRECTION('',(0.866025403784462,0.49999999999996,-1.30189435803895E-15));
#9619=DIRECTION('',(0.866025403784416,-0.500000000000039,-1.34765032676956E-15));
#9620=DIRECTION('',(1.,-4.52138326778595E-14,-1.52971533700414E-15));
#9621=DIRECTION('',(0.707106781186515,-0.70710678118658,-1.11402644384987E-15));
#9622=DIRECTION('',(-4.70605801741982E-14,-1.,-4.57559687306091E-17));
#9623=DIRECTION('',(-1.,4.29008680432238E-14,1.52971533700414E-15));
#9624=DIRECTION('',(-4.52138326778595E-14,-1.,-4.57559687306119E-17));
#9625=DIRECTION('',(1.,-4.52138326778595E-14,-1.52971533700414E-15));
#9626=DIRECTION('center_axis',(1.52971533700414E-15,-4.57559687306811E-17,
1.));
#9627=DIRECTION('ref_axis',(1.,-4.52138326778595E-14,-1.22464680747167E-16));
#9628=DIRECTION('',(4.52138326778595E-14,1.,4.57559687306119E-17));
#9629=DIRECTION('',(-1.,4.52138326778595E-14,1.52971533700414E-15));
#9630=DIRECTION('',(-4.52138326778595E-14,-1.,-4.57559687306119E-17));
#9631=DIRECTION('',(-1.,4.70605801741982E-14,1.52971533700414E-15));
#9632=DIRECTION('',(-0.707106781186516,0.707106781186579,1.11402644384987E-15));
#9633=DIRECTION('',(4.52138326778595E-14,1.,4.57559687306119E-17));
#9634=DIRECTION('',(-0.49999999999996,0.866025403784462,8.04483499797544E-16));
#9635=DIRECTION('',(0.500000000000039,0.866025403784416,-7.25231837206593E-16));
#9636=DIRECTION('',(4.52138326778595E-14,1.,4.57559687306119E-17));
#9637=DIRECTION('',(0.70710678118658,0.707106781186515,-1.04931773231152E-15));
#9638=DIRECTION('',(1.,-4.79839539223676E-14,-1.52971533700414E-15));
#9639=DIRECTION('',(-4.29008680432238E-14,-1.,-4.57559687306154E-17));
#9640=DIRECTION('',(1.,-4.52138326778595E-14,-1.52971533700414E-15));
#9641=DIRECTION('',(4.52138326778595E-14,1.,4.57559687306119E-17));
#9642=DIRECTION('center_axis',(1.52971533700414E-15,-4.57559687306811E-17,
1.));
#9643=DIRECTION('ref_axis',(1.,-4.52138326778595E-14,-1.22464680747167E-16));
#9644=DIRECTION('',(-1.,4.52138326778595E-14,1.52971533700414E-15));
#9645=DIRECTION('',(-4.54306731123566E-14,-1.,-4.57559687306116E-17));
#9646=DIRECTION('',(1.,-4.52138326778595E-14,-1.52971533700414E-15));
#9647=DIRECTION('',(-4.79839539223675E-14,-1.,-4.57559687306077E-17));
#9648=DIRECTION('',(-0.707106781186579,-0.707106781186516,1.04931773231152E-15));
#9649=DIRECTION('',(-1.,4.52138326778595E-14,1.52971533700414E-15));
#9650=DIRECTION('',(-0.866025403784462,-0.49999999999996,1.30189435803895E-15));
#9651=DIRECTION('',(-0.866025403784416,0.500000000000039,1.34765032676956E-15));
#9652=DIRECTION('',(-1.,4.52138326778595E-14,1.52971533700414E-15));
#9653=DIRECTION('',(-0.707106781186515,0.70710678118658,1.11402644384987E-15));
#9654=DIRECTION('',(4.52138326778595E-14,1.,4.57559687306119E-17));
#9655=DIRECTION('',(1.,-4.29008680432238E-14,-1.52971533700414E-15));
#9656=DIRECTION('',(4.52138326778595E-14,1.,4.57559687306119E-17));
#9657=DIRECTION('',(-1.,4.52138326778595E-14,1.52971533700414E-15));
#9658=DIRECTION('center_axis',(1.52971533700414E-15,-4.57559687306811E-17,
1.));
#9659=DIRECTION('ref_axis',(1.,-4.52138326778595E-14,-1.22464680747167E-16));
#9660=DIRECTION('',(-4.52138326778595E-14,-1.,-4.57559687306119E-17));
#9661=DIRECTION('',(1.,-4.52138326778595E-14,-1.52971533700414E-15));
#9662=DIRECTION('',(4.52138326778595E-14,1.,4.57559687306119E-17));
#9663=DIRECTION('',(1.,-4.52138326778595E-14,-1.52971533700414E-15));
#9664=DIRECTION('',(0.707106781186515,-0.70710678118658,-1.11402644384987E-15));
#9665=DIRECTION('',(-4.52138326778595E-14,-1.,-4.57559687306119E-17));
#9666=DIRECTION('',(0.49999999999996,-0.866025403784462,-8.04483499797544E-16));
#9667=DIRECTION('',(-0.500000000000039,-0.866025403784416,7.25231837206593E-16));
#9668=DIRECTION('',(-4.52138326778595E-14,-1.,-4.57559687306119E-17));
#9669=DIRECTION('',(-0.70710678118658,-0.707106781186515,1.04931773231152E-15));
#9670=DIRECTION('',(-1.,4.61372064260289E-14,1.52971533700414E-15));
#9671=DIRECTION('',(4.29008680432238E-14,1.,4.57559687306154E-17));
#9672=DIRECTION('center_axis',(-1.52971533700414E-15,4.57559687306811E-17,
-1.));
#9673=DIRECTION('ref_axis',(-1.,2.49800180540653E-13,0.));
#9674=DIRECTION('center_axis',(-1.86656959508014E-14,-2.30053154639082E-8,
-1.));
#9675=DIRECTION('ref_axis',(-1.,-4.70197740328915E-38,1.86656959508014E-14));
#9676=DIRECTION('',(4.29008680404064E-14,1.,-2.30053154639082E-8));
#9677=DIRECTION('',(-1.,4.61372064260289E-14,1.86656948894004E-14));
#9678=DIRECTION('',(-0.70710678118658,-0.707106781186515,1.62672277665047E-8));
#9679=DIRECTION('',(-4.52138326750421E-14,-1.,2.30053154639082E-8));
#9680=DIRECTION('',(-0.500000000000039,-0.866025403784416,1.99231969466669E-8));
#9681=DIRECTION('',(0.49999999999996,-0.866025403784462,1.9923178280972E-8));
#9682=DIRECTION('',(-4.52138326750421E-14,-1.,2.30053154639082E-8));
#9683=DIRECTION('',(0.707106781186515,-0.70710678118658,1.62672013692258E-8));
#9684=DIRECTION('',(1.,-4.52138326778595E-14,-1.86656949106429E-14));
#9685=DIRECTION('',(4.52138326750421E-14,1.,-2.30053154639082E-8));
#9686=DIRECTION('',(1.,-4.52138326778595E-14,-1.86656949106429E-14));
#9687=DIRECTION('',(-4.52138326750421E-14,-1.,2.30053154639082E-8));
#9688=DIRECTION('center_axis',(1.86656959508014E-14,2.30053154639082E-8,
1.));
#9689=DIRECTION('ref_axis',(-4.52138326750421E-14,-1.,2.30053154639082E-8));
#9690=DIRECTION('',(-1.,4.52138326778595E-14,1.86656949106429E-14));
#9691=DIRECTION('',(4.52138326750421E-14,1.,-2.30053154639082E-8));
#9692=DIRECTION('',(1.,-4.29008680432238E-14,-1.86656949638534E-14));
#9693=DIRECTION('',(4.52138326750421E-14,1.,-2.30053154639082E-8));
#9694=DIRECTION('',(-0.707106781186515,0.70710678118658,-1.62672013692258E-8));
#9695=DIRECTION('',(-1.,4.52138326778595E-14,1.86656949106429E-14));
#9696=DIRECTION('',(-0.866025403784416,0.500000000000039,-1.15026415669881E-8));
#9697=DIRECTION('',(-0.866025403784462,-0.49999999999996,1.15026738969201E-8));
#9698=DIRECTION('',(-1.,4.52138326778595E-14,1.86656949106429E-14));
#9699=DIRECTION('',(-0.707106781186579,-0.707106781186516,1.62672277665047E-8));
#9700=DIRECTION('',(-4.79839539195501E-14,-1.,2.30053154639082E-8));
#9701=DIRECTION('',(1.,-4.52138326778595E-14,-1.86656949106429E-14));
#9702=DIRECTION('',(-4.54306731095392E-14,-1.,2.30053154639082E-8));
#9703=DIRECTION('',(-1.,4.52138326778595E-14,1.86656949106429E-14));
#9704=DIRECTION('center_axis',(1.86656959508014E-14,2.30053154639082E-8,
1.));
#9705=DIRECTION('ref_axis',(-4.52138326750421E-14,-1.,2.30053154639082E-8));
#9706=DIRECTION('',(4.52138326750421E-14,1.,-2.30053154639082E-8));
#9707=DIRECTION('',(1.,-4.52138326778595E-14,-1.86656949106429E-14));
#9708=DIRECTION('',(-4.29008680404064E-14,-1.,2.30053154639082E-8));
#9709=DIRECTION('',(1.,-4.79839539223676E-14,-1.86656948469154E-14));
#9710=DIRECTION('',(0.70710678118658,0.707106781186515,-1.62672277665047E-8));
#9711=DIRECTION('',(4.52138326750421E-14,1.,-2.30053154639082E-8));
#9712=DIRECTION('',(0.500000000000039,0.866025403784416,-1.99231969466669E-8));
#9713=DIRECTION('',(-0.49999999999996,0.866025403784462,-1.9923178280972E-8));
#9714=DIRECTION('',(4.52138326750421E-14,1.,-2.30053154639082E-8));
#9715=DIRECTION('',(-0.707106781186516,0.707106781186579,-1.62672013692258E-8));
#9716=DIRECTION('',(-1.,4.70605801741982E-14,1.86656948681579E-14));
#9717=DIRECTION('',(-4.52138326750421E-14,-1.,2.30053154639082E-8));
#9718=DIRECTION('',(-1.,4.52138326778595E-14,1.86656949106429E-14));
#9719=DIRECTION('',(4.52138326750421E-14,1.,-2.30053154639082E-8));
#9720=DIRECTION('center_axis',(1.86656959508014E-14,2.30053154639082E-8,
1.));
#9721=DIRECTION('ref_axis',(-4.52138326750421E-14,-1.,2.30053154639082E-8));
#9722=DIRECTION('',(1.,-4.52138326778595E-14,-1.86656949106429E-14));
#9723=DIRECTION('',(-4.52138326750421E-14,-1.,2.30053154639082E-8));
#9724=DIRECTION('',(-1.,4.29008680432238E-14,1.86656949638534E-14));
#9725=DIRECTION('',(-4.70605801713808E-14,-1.,2.30053154639082E-8));
#9726=DIRECTION('',(0.707106781186515,-0.70710678118658,1.62672013692258E-8));
#9727=DIRECTION('',(1.,-4.52138326778595E-14,-1.86656949106429E-14));
#9728=DIRECTION('',(0.866025403784416,-0.500000000000039,1.15026415669881E-8));
#9729=DIRECTION('',(0.866025403784462,0.49999999999996,-1.15026738969201E-8));
#9730=DIRECTION('',(1.,-4.52138326778595E-14,-1.86656949106429E-14));
#9731=DIRECTION('',(0.70710678118658,0.707106781186515,-1.62672277665047E-8));
#9732=DIRECTION('',(4.61372064232114E-14,1.,-2.30053154639082E-8));
#9733=DIRECTION('',(-1.,4.52138326778595E-14,1.86656949106429E-14));
#9734=DIRECTION('',(4.4996992240545E-14,1.,-2.30053154639082E-8));
#9735=DIRECTION('',(1.,-4.52138326778595E-14,-1.86656949106429E-14));
#9736=DIRECTION('center_axis',(1.86656959508014E-14,2.30053154639082E-8,
1.));
#9737=DIRECTION('ref_axis',(-4.52138326750421E-14,-1.,2.30053154639082E-8));
#9738=DIRECTION('',(-4.52138326750421E-14,-1.,2.30053154639082E-8));
#9739=DIRECTION('',(-1.,4.52138326778595E-14,1.86656949106429E-14));
#9740=DIRECTION('center_axis',(-1.86656959508014E-14,-2.30053154639082E-8,
-1.));
#9741=DIRECTION('ref_axis',(-2.49800180537836E-13,-1.,2.30053154639082E-8));
#9742=DIRECTION('center_axis',(-4.79839539223676E-14,-1.,1.42486738642849E-28));
#9743=DIRECTION('ref_axis',(1.,-4.79839539223676E-14,-1.22464680747167E-16));
#9744=DIRECTION('',(1.53210777398272E-15,-4.57559687306811E-17,1.));
#9745=DIRECTION('',(1.53210777398272E-15,-4.57559687306811E-17,1.));
#9746=DIRECTION('center_axis',(-1.,4.29008680432238E-14,1.22464680747167E-16));
#9747=DIRECTION('ref_axis',(-4.29008680432238E-14,-1.,1.41864240153449E-28));
#9748=DIRECTION('',(1.24403887421925E-16,-6.02070125553295E-17,1.));
#9749=DIRECTION('center_axis',(-4.52138326778595E-14,-1.,1.42147496629009E-28));
#9750=DIRECTION('ref_axis',(-1.22464680747167E-16,-1.36610399044759E-28,
-1.));
#9751=DIRECTION('',(1.22464680747167E-16,1.3661039904476E-28,1.));
#9752=DIRECTION('center_axis',(1.,-4.52138326778595E-14,-1.22464680747167E-16));
#9753=DIRECTION('ref_axis',(-1.22464680747167E-16,-1.3661039904476E-28,
-1.));
#9754=DIRECTION('',(1.22464680747167E-16,1.3661039904476E-28,1.));
#9755=DIRECTION('center_axis',(-1.22464680747167E-16,-1.3661039904476E-28,
-1.));
#9756=DIRECTION('ref_axis',(1.,-4.52138326778595E-14,-1.22464680747167E-16));
#9757=DIRECTION('',(1.22464680747167E-16,1.3661039904476E-28,1.));
#9758=DIRECTION('center_axis',(4.52138326778595E-14,1.,-1.42147496629009E-28));
#9759=DIRECTION('ref_axis',(1.22464680747167E-16,1.36610399044759E-28,1.));
#9760=DIRECTION('',(1.22464680747167E-16,1.3661039904476E-28,1.));
#9761=DIRECTION('center_axis',(-1.,4.54306731123566E-14,1.22464680747167E-16));
#9762=DIRECTION('ref_axis',(-4.54306731123566E-14,-1.,1.42174051923593E-28));
#9763=DIRECTION('',(1.22464680747167E-16,1.3661039904476E-28,1.));
#9764=DIRECTION('center_axis',(-4.52138326778595E-14,-1.,1.42147496629009E-28));
#9765=DIRECTION('ref_axis',(-1.22464680747167E-16,-1.36610399044759E-28,
-1.));
#9766=DIRECTION('',(1.22464680747167E-16,1.3661039904476E-28,1.));
#9767=DIRECTION('center_axis',(-1.,4.79839539223675E-14,1.22464680747167E-16));
#9768=DIRECTION('ref_axis',(-4.79839539223675E-14,-1.,1.42486738642849E-28));
#9769=DIRECTION('',(1.22464680747167E-16,1.3661039904476E-28,1.));
#9770=DIRECTION('center_axis',(-0.707106781186516,0.707106781186579,8.65956062120667E-17));
#9771=DIRECTION('ref_axis',(-0.707106781186579,-0.707106781186516,8.65956062122676E-17));
#9772=DIRECTION('',(1.22464680747167E-16,1.3661039904476E-28,1.));
#9773=DIRECTION('center_axis',(4.52138326778595E-14,1.,-1.42147496629009E-28));
#9774=DIRECTION('ref_axis',(1.22464680747167E-16,1.36610399044759E-28,1.));
#9775=DIRECTION('',(1.22464680747167E-16,1.3661039904476E-28,1.));
#9776=DIRECTION('center_axis',(-0.49999999999996,0.866025403784462,6.12323403734601E-17));
#9777=DIRECTION('ref_axis',(-0.866025403784462,-0.49999999999996,1.06057524593469E-16));
#9778=DIRECTION('',(1.22464680747167E-16,1.3661039904476E-28,1.));
#9779=DIRECTION('center_axis',(0.500000000000039,0.866025403784416,-6.12323403737064E-17));
#9780=DIRECTION('ref_axis',(-0.866025403784416,0.500000000000039,1.06057524593326E-16));
#9781=DIRECTION('',(1.22464680747167E-16,1.3661039904476E-28,1.));
#9782=DIRECTION('center_axis',(4.52138326778595E-14,1.,-1.42147496629009E-28));
#9783=DIRECTION('ref_axis',(1.22464680747167E-16,1.36610399044759E-28,1.));
#9784=DIRECTION('',(1.22464680747167E-16,1.3661039904476E-28,1.));
#9785=DIRECTION('center_axis',(0.70710678118658,0.707106781186515,-8.65956062122677E-17));
#9786=DIRECTION('ref_axis',(-0.707106781186515,0.70710678118658,8.65956062120666E-17));
#9787=DIRECTION('',(1.22464680747167E-16,1.3661039904476E-28,1.));
#9788=DIRECTION('center_axis',(1.,-4.52138326778595E-14,-1.22464680747167E-16));
#9789=DIRECTION('ref_axis',(-1.22464680747167E-16,-1.3661039904476E-28,
-1.));
#9790=DIRECTION('',(1.22464680747167E-16,1.3661039904476E-28,1.));
#9791=DIRECTION('center_axis',(-4.29008680432238E-14,-1.,1.41864240153449E-28));
#9792=DIRECTION('ref_axis',(1.,-4.29008680432238E-14,-1.22464680747167E-16));
#9793=DIRECTION('',(1.22464680747167E-16,1.3661039904476E-28,1.));
#9794=DIRECTION('center_axis',(1.,-4.52138326778595E-14,-1.22464680747167E-16));
#9795=DIRECTION('ref_axis',(-1.22464680747167E-16,-1.3661039904476E-28,
-1.));
#9796=DIRECTION('',(1.22464680747167E-16,1.3661039904476E-28,1.));
#9797=DIRECTION('center_axis',(4.52138326778595E-14,1.,-1.42147496629009E-28));
#9798=DIRECTION('ref_axis',(1.22464680747167E-16,1.36610399044759E-28,1.));
#9799=DIRECTION('',(1.22464680747167E-16,1.3661039904476E-28,1.));
#9800=DIRECTION('center_axis',(-1.22464680747167E-16,-1.3661039904476E-28,
-1.));
#9801=DIRECTION('ref_axis',(1.,-4.52138326778595E-14,-1.22464680747167E-16));
#9802=DIRECTION('',(1.22464680747167E-16,1.3661039904476E-28,1.));
#9803=DIRECTION('center_axis',(-1.,4.52138326778595E-14,1.22464680747167E-16));
#9804=DIRECTION('ref_axis',(1.22464680747167E-16,1.3661039904476E-28,1.));
#9805=DIRECTION('',(1.22464680747167E-16,1.3661039904476E-28,1.));
#9806=DIRECTION('center_axis',(-4.52138326778595E-14,-1.,1.42147496629009E-28));
#9807=DIRECTION('ref_axis',(-1.22464680747167E-16,-1.36610399044759E-28,
-1.));
#9808=DIRECTION('',(1.22464680747167E-16,1.3661039904476E-28,1.));
#9809=DIRECTION('center_axis',(1.,-4.52138326778595E-14,-1.22464680747167E-16));
#9810=DIRECTION('ref_axis',(-1.22464680747167E-16,-1.3661039904476E-28,
-1.));
#9811=DIRECTION('',(1.22464680747167E-16,1.3661039904476E-28,1.));
#9812=DIRECTION('center_axis',(-4.52138326778595E-14,-1.,1.42147496629009E-28));
#9813=DIRECTION('ref_axis',(-1.22464680747167E-16,-1.36610399044759E-28,
-1.));
#9814=DIRECTION('',(1.22464680747167E-16,1.3661039904476E-28,1.));
#9815=DIRECTION('center_axis',(-0.70710678118658,-0.707106781186515,8.65956062122677E-17));
#9816=DIRECTION('ref_axis',(0.707106781186515,-0.70710678118658,-8.65956062120666E-17));
#9817=DIRECTION('',(1.22464680747167E-16,1.3661039904476E-28,1.));
#9818=DIRECTION('center_axis',(-1.,4.52138326778595E-14,1.22464680747167E-16));
#9819=DIRECTION('ref_axis',(1.22464680747167E-16,1.3661039904476E-28,1.));
#9820=DIRECTION('',(1.22464680747167E-16,1.3661039904476E-28,1.));
#9821=DIRECTION('center_axis',(-0.866025403784462,-0.49999999999996,1.06057524593469E-16));
#9822=DIRECTION('ref_axis',(0.49999999999996,-0.866025403784462,-6.12323403734601E-17));
#9823=DIRECTION('',(1.22464680747167E-16,1.3661039904476E-28,1.));
#9824=DIRECTION('center_axis',(-0.866025403784416,0.500000000000039,1.06057524593326E-16));
#9825=DIRECTION('ref_axis',(-0.500000000000039,-0.866025403784416,6.12323403737064E-17));
#9826=DIRECTION('',(1.22464680747167E-16,1.3661039904476E-28,1.));
#9827=DIRECTION('center_axis',(-1.,4.52138326778595E-14,1.22464680747167E-16));
#9828=DIRECTION('ref_axis',(1.22464680747167E-16,1.3661039904476E-28,1.));
#9829=DIRECTION('',(1.22464680747167E-16,1.3661039904476E-28,1.));
#9830=DIRECTION('center_axis',(-0.707106781186515,0.70710678118658,8.65956062120666E-17));
#9831=DIRECTION('ref_axis',(-0.70710678118658,-0.707106781186515,8.65956062122678E-17));
#9832=DIRECTION('',(1.22464680747167E-16,1.3661039904476E-28,1.));
#9833=DIRECTION('center_axis',(1.22464680747167E-16,1.3661039904476E-28,
1.));
#9834=DIRECTION('ref_axis',(-1.,2.49800180540653E-13,0.));
#9835=DIRECTION('',(8.32431699835346E-25,1.67187100599488E-28,1.));
#9836=DIRECTION('center_axis',(0.707106781186515,-0.70710678118658,-8.65956062120666E-17));
#9837=DIRECTION('ref_axis',(0.70710678118658,0.707106781186515,-8.65956062122678E-17));
#9838=DIRECTION('',(1.53210777398272E-15,-4.57559687306811E-17,1.));
#9839=DIRECTION('center_axis',(1.,-4.52138326778595E-14,-1.22464680747167E-16));
#9840=DIRECTION('ref_axis',(-1.22464680747167E-16,-1.3661039904476E-28,
-1.));
#9841=DIRECTION('',(1.53210777398272E-15,-4.57559687306811E-17,1.));
#9842=DIRECTION('center_axis',(0.866025403784416,-0.500000000000039,-1.06057524593326E-16));
#9843=DIRECTION('ref_axis',(0.500000000000039,0.866025403784416,-6.12323403737064E-17));
#9844=DIRECTION('',(1.53210777398272E-15,-4.57559687306811E-17,1.));
#9845=DIRECTION('center_axis',(0.866025403784462,0.49999999999996,-1.06057524593469E-16));
#9846=DIRECTION('ref_axis',(-0.49999999999996,0.866025403784462,6.12323403734601E-17));
#9847=DIRECTION('',(1.53210777398272E-15,-4.57559687306811E-17,1.));
#9848=DIRECTION('center_axis',(1.,-4.52138326778595E-14,-1.22464680747167E-16));
#9849=DIRECTION('ref_axis',(-1.22464680747167E-16,-1.3661039904476E-28,
-1.));
#9850=DIRECTION('',(1.53210777398272E-15,-4.57559687306811E-17,1.));
#9851=DIRECTION('center_axis',(0.707106781186579,0.707106781186516,-8.65956062122676E-17));
#9852=DIRECTION('ref_axis',(-0.707106781186516,0.707106781186579,8.65956062120667E-17));
#9853=DIRECTION('',(1.53210777398272E-15,-4.57559687306811E-17,1.));
#9854=DIRECTION('center_axis',(4.70605801741982E-14,1.,-1.42373657971569E-28));
#9855=DIRECTION('ref_axis',(-1.,4.70605801741982E-14,1.22464680747167E-16));
#9856=DIRECTION('',(1.53210777398272E-15,-4.57559687306811E-17,1.));
#9857=DIRECTION('center_axis',(-1.,4.52138326778595E-14,1.22464680747167E-16));
#9858=DIRECTION('ref_axis',(1.22464680747167E-16,1.3661039904476E-28,1.));
#9859=DIRECTION('',(1.53210777398272E-15,-4.57559687306811E-17,1.));
#9860=DIRECTION('center_axis',(4.52138326778595E-14,1.,-1.42147496629009E-28));
#9861=DIRECTION('ref_axis',(1.22464680747167E-16,1.36610399044759E-28,1.));
#9862=DIRECTION('',(1.53210777398272E-15,-4.57559687306811E-17,1.));
#9863=DIRECTION('center_axis',(1.,-4.52138326778595E-14,-1.22464680747167E-16));
#9864=DIRECTION('ref_axis',(-1.22464680747167E-16,-1.3661039904476E-28,
-1.));
#9865=DIRECTION('',(1.53210777398272E-15,-4.57559687306811E-17,1.));
#9866=DIRECTION('center_axis',(-1.22464680747167E-16,-1.3661039904476E-28,
-1.));
#9867=DIRECTION('ref_axis',(1.,-4.52138326778595E-14,-1.22464680747167E-16));
#9868=DIRECTION('',(1.53210777398272E-15,-4.57559687306811E-17,1.));
#9869=DIRECTION('center_axis',(-4.52138326778595E-14,-1.,1.42147496629009E-28));
#9870=DIRECTION('ref_axis',(-1.22464680747167E-16,-1.36610399044759E-28,
-1.));
#9871=DIRECTION('',(1.53210777398272E-15,-4.57559687306811E-17,1.));
#9872=DIRECTION('center_axis',(-1.,4.52138326778595E-14,1.22464680747167E-16));
#9873=DIRECTION('ref_axis',(1.22464680747167E-16,1.3661039904476E-28,1.));
#9874=DIRECTION('',(1.53210777398272E-15,-4.57559687306811E-17,1.));
#9875=DIRECTION('center_axis',(4.29008680432238E-14,1.,-1.41864240153449E-28));
#9876=DIRECTION('ref_axis',(-1.,4.29008680432238E-14,1.22464680747167E-16));
#9877=DIRECTION('',(1.53210777398272E-15,-4.57559687306811E-17,1.));
#9878=DIRECTION('center_axis',(-1.,4.70605801741982E-14,1.22464680747167E-16));
#9879=DIRECTION('ref_axis',(-4.70605801741982E-14,-1.,1.42373657971569E-28));
#9880=DIRECTION('',(1.53210777398272E-15,-4.57559687306811E-17,1.));
#9881=DIRECTION('center_axis',(-0.70710678118658,-0.707106781186515,8.65956062122677E-17));
#9882=DIRECTION('ref_axis',(0.707106781186515,-0.70710678118658,-8.65956062120666E-17));
#9883=DIRECTION('',(1.53210777398272E-15,-4.57559687306811E-17,1.));
#9884=DIRECTION('center_axis',(-4.52138326778595E-14,-1.,1.42147496629009E-28));
#9885=DIRECTION('ref_axis',(-1.22464680747167E-16,-1.36610399044759E-28,
-1.));
#9886=DIRECTION('',(1.53210777398272E-15,-4.57559687306811E-17,1.));
#9887=DIRECTION('center_axis',(-0.500000000000039,-0.866025403784416,6.12323403737064E-17));
#9888=DIRECTION('ref_axis',(0.866025403784416,-0.500000000000039,-1.06057524593326E-16));
#9889=DIRECTION('',(1.53210777398272E-15,-4.57559687306811E-17,1.));
#9890=DIRECTION('center_axis',(0.49999999999996,-0.866025403784462,-6.12323403734601E-17));
#9891=DIRECTION('ref_axis',(0.866025403784462,0.49999999999996,-1.06057524593469E-16));
#9892=DIRECTION('',(1.53210777398272E-15,-4.57559687306811E-17,1.));
#9893=DIRECTION('center_axis',(-4.52138326778595E-14,-1.,1.42147496629009E-28));
#9894=DIRECTION('ref_axis',(-1.22464680747167E-16,-1.36610399044759E-28,
-1.));
#9895=DIRECTION('',(1.53210777398272E-15,-4.57559687306811E-17,1.));
#9896=DIRECTION('center_axis',(0.707106781186515,-0.70710678118658,-8.65956062120666E-17));
#9897=DIRECTION('ref_axis',(0.70710678118658,0.707106781186515,-8.65956062122678E-17));
#9898=DIRECTION('',(1.53210777398272E-15,-4.57559687306811E-17,1.));
#9899=DIRECTION('center_axis',(1.,-4.61372064260288E-14,-1.22464680747167E-16));
#9900=DIRECTION('ref_axis',(4.61372064260288E-14,1.,-1.42260577300289E-28));
#9901=DIRECTION('',(1.53210777398272E-15,-4.57559687306811E-17,1.));
#9902=DIRECTION('center_axis',(4.52138326778595E-14,1.,-1.42147496629009E-28));
#9903=DIRECTION('ref_axis',(1.22464680747167E-16,1.36610399044759E-28,1.));
#9904=DIRECTION('',(1.53210777398272E-15,-4.57559687306811E-17,1.));
#9905=DIRECTION('center_axis',(1.,-4.49969922433624E-14,-1.22464680747167E-16));
#9906=DIRECTION('ref_axis',(4.49969922433624E-14,1.,-1.42120941334426E-28));
#9907=DIRECTION('',(1.53210777398272E-15,-4.57559687306811E-17,1.));
#9908=DIRECTION('center_axis',(-4.52138326778595E-14,-1.,1.42147496629009E-28));
#9909=DIRECTION('ref_axis',(-1.22464680747167E-16,-1.36610399044759E-28,
-1.));
#9910=DIRECTION('',(1.53210777398272E-15,-4.57559687306811E-17,1.));
#9911=DIRECTION('center_axis',(-1.22464680747167E-16,-1.3661039904476E-28,
-1.));
#9912=DIRECTION('ref_axis',(-0.707106854389315,-0.707106707983773,8.65956151770175E-17));
#9913=DIRECTION('',(1.53210777398272E-15,-4.57559687306811E-17,1.));
#9914=DIRECTION('center_axis',(-1.,4.52138326778595E-14,1.22464680747167E-16));
#9915=DIRECTION('ref_axis',(1.22464680747167E-16,1.3661039904476E-28,1.));
#9916=DIRECTION('',(1.53210777398272E-15,-4.57559687306811E-17,1.));
#9917=DIRECTION('center_axis',(4.52138326778595E-14,1.,-1.42147496629009E-28));
#9918=DIRECTION('ref_axis',(1.22464680747167E-16,1.36610399044759E-28,1.));
#9919=DIRECTION('',(1.53210777398272E-15,-4.57559687306811E-17,1.));
#9920=DIRECTION('center_axis',(1.,-4.29008680432238E-14,-1.22464680747167E-16));
#9921=DIRECTION('ref_axis',(4.29008680432238E-14,1.,-1.41864240153449E-28));
#9922=DIRECTION('',(1.22464680747167E-16,1.3661039904476E-28,1.));
#9923=DIRECTION('center_axis',(4.61372064260289E-14,1.,-1.42260577300289E-28));
#9924=DIRECTION('ref_axis',(-1.,4.61372064260289E-14,1.22464680747167E-16));
#9925=DIRECTION('',(0.,3.60822483003176E-16,-1.));
#9926=DIRECTION('',(1.,0.,0.));
#9927=DIRECTION('',(1.,0.,-4.74620343027254E-15));
#9928=DIRECTION('',(-4.74620343027254E-15,0.,-1.));
#9929=DIRECTION('axis',(0.,0.,1.));
#9930=DIRECTION('refdir',(1.,0.,0.));
#9931=DIRECTION('center_axis',(2.836370058697E-16,-1.,-9.29811783123569E-16));
#9932=DIRECTION('ref_axis',(-1.45610756105898E-16,9.29811783123569E-16,
-1.));
#9933=DIRECTION('center_axis',(2.836370058697E-16,-1.,-9.29811783123569E-16));
#9934=DIRECTION('ref_axis',(0.707106781186549,7.85046229341885E-16,-0.707106781186546));
#9935=DIRECTION('',(-1.,-2.83637005869701E-16,1.45610756105898E-16));
#9936=DIRECTION('center_axis',(2.836370058697E-16,-1.,-9.29811783123569E-16));
#9937=DIRECTION('ref_axis',(-0.707106781186549,7.85046229341885E-16,-0.707106781186546));
#9938=DIRECTION('',(1.45610756105898E-16,-9.29811783123569E-16,1.));
#9939=DIRECTION('center_axis',(-2.836370058697E-16,1.,9.29811783123569E-16));
#9940=DIRECTION('ref_axis',(0.707106781186549,-7.85046229341885E-16,0.707106781186546));
#9941=DIRECTION('',(1.,2.83637005869701E-16,-1.45610756105898E-16));
#9942=DIRECTION('center_axis',(-2.836370058697E-16,1.,9.29811783123569E-16));
#9943=DIRECTION('ref_axis',(-0.707106781186551,4.56914566827913E-16,-0.707106781186544));
#9944=DIRECTION('',(1.45610756105898E-16,-9.29811783123569E-16,1.));
#9945=DIRECTION('center_axis',(-2.836370058697E-16,1.,9.29811783123569E-16));
#9946=DIRECTION('ref_axis',(-0.707106781186551,-8.58037867319743E-16,0.707106781186545));
#9947=DIRECTION('',(-1.,-2.83637005869701E-16,1.6990063583773E-16));
#9948=DIRECTION('center_axis',(-2.836370058697E-16,1.,9.29811783123569E-16));
#9949=DIRECTION('ref_axis',(0.707106781186555,-4.56914566827908E-16,0.70710678118654));
#9950=DIRECTION('',(-1.45610756105898E-16,9.29811783123569E-16,-1.));
#9951=DIRECTION('center_axis',(-2.836370058697E-16,1.,9.29811783123569E-16));
#9952=DIRECTION('ref_axis',(0.707106781186549,8.58037867319744E-16,-0.707106781186547));
#9953=DIRECTION('',(-1.,-2.83637005869701E-16,1.45610756105898E-16));
#9954=DIRECTION('center_axis',(-2.836370058697E-16,1.,9.29811783123569E-16));
#9955=DIRECTION('ref_axis',(-0.707106781186549,-7.85046229341885E-16,0.707106781186546));
#9956=DIRECTION('',(-1.45610756105898E-16,9.29811783123569E-16,-1.));
#9957=DIRECTION('center_axis',(-2.836370058697E-16,1.,9.29811783123569E-16));
#9958=DIRECTION('ref_axis',(1.45610756105898E-16,-1.11022302462516E-15,
1.));
#9959=DIRECTION('center_axis',(-2.836370058697E-16,1.,9.29811783123569E-16));
#9960=DIRECTION('ref_axis',(1.45610756105898E-16,-1.11022302462516E-15,
1.));
#9961=DIRECTION('',(1.,0.,0.));
#9962=DIRECTION('',(0.,0.,1.));
#9963=DIRECTION('',(-1.,0.,0.));
#9964=DIRECTION('',(0.,0.,-1.));
#9965=DIRECTION('center_axis',(0.,-1.,-1.11022302462516E-15));
#9966=DIRECTION('ref_axis',(-0.707106781186549,-7.85046229341885E-16,0.707106781186546));
#9967=DIRECTION('',(0.,-1.,-1.11022302462516E-15));
#9968=DIRECTION('center_axis',(2.836370058697E-16,-1.,-9.29811783123569E-16));
#9969=DIRECTION('ref_axis',(-0.707106781186549,-7.85046229341885E-16,0.707106781186546));
#9970=DIRECTION('',(0.,1.,1.11022302462516E-15));
#9971=DIRECTION('center_axis',(-1.45610756105898E-16,1.11022302462516E-15,
-1.));
#9972=DIRECTION('ref_axis',(-1.,-2.83637005869701E-16,1.45610756105898E-16));
#9973=DIRECTION('',(0.,1.,1.11022302462516E-15));
#9974=DIRECTION('',(1.,2.83637005869701E-16,-1.45610756105898E-16));
#9975=DIRECTION('center_axis',(0.,1.,1.11022302462516E-15));
#9976=DIRECTION('ref_axis',(0.707106781186549,7.85046229341885E-16,-0.707106781186546));
#9977=DIRECTION('',(0.,-1.,-1.11022302462516E-15));
#9978=DIRECTION('center_axis',(-2.836370058697E-16,1.,9.29811783123569E-16));
#9979=DIRECTION('ref_axis',(0.707106781186549,7.85046229341885E-16,-0.707106781186546));
#9980=DIRECTION('',(0.,1.,1.11022302462516E-15));
#9981=DIRECTION('center_axis',(1.,1.61660414061846E-31,-1.45610756105898E-16));
#9982=DIRECTION('ref_axis',(-1.45610756105898E-16,9.29811783123569E-16,
-1.));
#9983=DIRECTION('',(1.45610756105898E-16,-9.29811783123569E-16,1.));
#9984=DIRECTION('center_axis',(0.,1.,1.11022302462516E-15));
#9985=DIRECTION('ref_axis',(-0.707106781186549,7.85046229341885E-16,-0.707106781186546));
#9986=DIRECTION('',(0.,-1.,-1.11022302462516E-15));
#9987=DIRECTION('center_axis',(-2.836370058697E-16,1.,9.29811783123569E-16));
#9988=DIRECTION('ref_axis',(-0.707106781186549,7.85046229341885E-16,-0.707106781186546));
#9989=DIRECTION('',(0.,1.,1.11022302462516E-15));
#9990=DIRECTION('center_axis',(-1.,-1.61660414061846E-31,1.45610756105898E-16));
#9991=DIRECTION('ref_axis',(1.45610756105898E-16,-9.29811783123569E-16,
1.));
#9992=DIRECTION('',(1.45610756105898E-16,-9.29811783123569E-16,1.));
#9993=DIRECTION('',(0.,-1.,-1.11022302462516E-15));
#9994=DIRECTION('center_axis',(0.,1.,1.11022302462516E-15));
#9995=DIRECTION('ref_axis',(0.707106781186549,-7.85046229341885E-16,0.707106781186546));
#9996=DIRECTION('center_axis',(2.836370058697E-16,-1.,-9.29811783123569E-16));
#9997=DIRECTION('ref_axis',(0.707106781186549,-7.85046229341885E-16,0.707106781186546));
#9998=DIRECTION('',(0.,1.,1.11022302462516E-15));
#9999=DIRECTION('center_axis',(-1.45610756105898E-16,1.11022302462516E-15,
-1.));
#10000=DIRECTION('ref_axis',(-1.,-2.83637005869701E-16,1.45610756105898E-16));
#10001=DIRECTION('',(1.,2.83637005869701E-16,-1.45610756105898E-16));
#10002=DIRECTION('',(0.,1.,1.11022302462516E-15));
#10003=DIRECTION('center_axis',(1.45610756105898E-16,-1.11022302462516E-15,
1.));
#10004=DIRECTION('ref_axis',(1.,2.83637005869701E-16,-1.45610756105898E-16));
#10005=DIRECTION('',(0.,1.,1.11022302462516E-15));
#10006=DIRECTION('',(-1.,-2.836370058697E-16,-3.14900334552282E-31));
#10007=DIRECTION('',(0.,1.,1.11022302462516E-15));
#10008=DIRECTION('center_axis',(0.,1.,1.11022302462516E-15));
#10009=DIRECTION('ref_axis',(1.45610756105898E-16,-1.11022302462516E-15,
1.));
#10010=DIRECTION('',(0.,-1.,-1.11022302462516E-15));
#10011=DIRECTION('center_axis',(-2.836370058697E-16,1.,9.29811783123569E-16));
#10012=DIRECTION('ref_axis',(1.45610756105898E-16,-1.11022302462516E-15,
1.));
#10013=DIRECTION('center_axis',(0.,1.,1.11022302462516E-15));
#10014=DIRECTION('ref_axis',(1.45610756105898E-16,-1.11022302462516E-15,
1.));
#10015=DIRECTION('',(0.,-1.,-1.11022302462516E-15));
#10016=DIRECTION('center_axis',(-2.836370058697E-16,1.,9.29811783123569E-16));
#10017=DIRECTION('ref_axis',(1.45610756105898E-16,-1.11022302462516E-15,
1.));
#10018=DIRECTION('center_axis',(-1.45610756105898E-16,1.11022302462516E-15,
-1.));
#10019=DIRECTION('ref_axis',(-1.,-2.83637005869701E-16,1.45610756105898E-16));
#10020=DIRECTION('',(1.,2.83637005869701E-16,-1.45610756105898E-16));
#10021=DIRECTION('center_axis',(0.,1.,1.11022302462516E-15));
#10022=DIRECTION('ref_axis',(0.707106781186549,7.85046229341887E-16,-0.707106781186547));
#10023=DIRECTION('center_axis',(2.836370058697E-16,-1.,-9.29811783123569E-16));
#10024=DIRECTION('ref_axis',(0.707106781186549,8.58037867319744E-16,-0.707106781186547));
#10025=DIRECTION('',(0.,1.,1.11022302462516E-15));
#10026=DIRECTION('center_axis',(1.,1.61660414061846E-31,-1.45610756105898E-16));
#10027=DIRECTION('ref_axis',(-1.45610756105898E-16,9.29811783123569E-16,
-1.));
#10028=DIRECTION('',(1.45610756105898E-16,-9.29811783123569E-16,1.));
#10029=DIRECTION('',(0.,1.,1.11022302462516E-15));
#10030=DIRECTION('center_axis',(0.,1.,1.11022302462516E-15));
#10031=DIRECTION('ref_axis',(0.707106781186555,-7.85046229341879E-16,0.70710678118654));
#10032=DIRECTION('center_axis',(2.836370058697E-16,-1.,-9.29811783123569E-16));
#10033=DIRECTION('ref_axis',(0.707106781186555,-4.56914566827908E-16,0.70710678118654));
#10034=DIRECTION('center_axis',(0.,1.,1.11022302462516E-15));
#10035=DIRECTION('ref_axis',(-0.707106781186551,-7.85046229341884E-16,0.707106781186545));
#10036=DIRECTION('center_axis',(2.836370058697E-16,-1.,-9.29811783123569E-16));
#10037=DIRECTION('ref_axis',(-0.707106781186551,-8.58037867319743E-16,0.707106781186545));
#10038=DIRECTION('',(0.,1.,1.11022302462516E-15));
#10039=DIRECTION('center_axis',(-1.,-1.61660414061846E-31,1.45610756105898E-16));
#10040=DIRECTION('ref_axis',(1.45610756105898E-16,-9.29811783123569E-16,
1.));
#10041=DIRECTION('',(-1.45610756105898E-16,9.29811783123569E-16,-1.));
#10042=DIRECTION('',(0.,1.,1.11022302462516E-15));
#10043=DIRECTION('center_axis',(0.,1.,1.11022302462516E-15));
#10044=DIRECTION('ref_axis',(-0.707106781186551,7.85046229341884E-16,-0.707106781186544));
#10045=DIRECTION('center_axis',(2.836370058697E-16,-1.,-9.29811783123569E-16));
#10046=DIRECTION('ref_axis',(-0.707106781186551,4.56914566827913E-16,-0.707106781186544));
#10047=DIRECTION('center_axis',(2.836370058697E-16,-1.,-9.29811783123569E-16));
#10048=DIRECTION('ref_axis',(-1.45610756105898E-16,9.29811783123569E-16,
-1.));
#10049=DIRECTION('center_axis',(0.,0.707106781186548,-0.707106781186547));
#10050=DIRECTION('ref_axis',(-1.,0.,0.));
#10051=DIRECTION('',(1.,0.,0.));
#10052=DIRECTION('',(0.577350269189626,-0.577350269189626,-0.577350269189626));
#10053=DIRECTION('',(0.577350269189626,0.577350269189626,0.577350269189626));
#10054=DIRECTION('center_axis',(0.707106781186547,0.707106781186548,0.));
#10055=DIRECTION('ref_axis',(0.,0.,-1.));
#10056=DIRECTION('',(0.,0.,1.));
#10057=DIRECTION('',(-0.577350269189626,0.577350269189626,-0.577350269189626));
#10058=DIRECTION('center_axis',(-0.707106781186547,0.707106781186548,0.));
#10059=DIRECTION('ref_axis',(0.,0.,1.));
#10060=DIRECTION('',(0.,0.,-1.));
#10061=DIRECTION('',(0.577350269189626,0.577350269189626,-0.577350269189626));
#10062=DIRECTION('center_axis',(0.,0.707106781186548,0.707106781186547));
#10063=DIRECTION('ref_axis',(1.,0.,0.));
#10064=DIRECTION('',(-1.,0.,0.));
#10065=DIRECTION('center_axis',(0.,1.,0.));
#10066=DIRECTION('ref_axis',(0.,0.,-1.));
#10067=DIRECTION('',(2.22044604925032E-16,-1.,-8.88178419700125E-16));
#10068=DIRECTION('',(0.999999999999999,1.66533453693773E-16,-2.7755575615629E-17));
#10069=DIRECTION('',(0.,0.,1.));
#10070=DIRECTION('',(1.,0.,0.));
#10071=DIRECTION('',(0.,0.,1.));
#10072=DIRECTION('',(1.,0.,0.));
#10073=DIRECTION('',(0.,0.,1.));
#10074=DIRECTION('',(1.,0.,0.));
#10075=DIRECTION('center_axis',(0.,0.,1.));
#10076=DIRECTION('ref_axis',(1.,0.,0.));
#10077=CARTESIAN_POINT('',(0.,0.,0.));
#10078=CARTESIAN_POINT('',(0.,0.,0.));
#10079=CARTESIAN_POINT('',(0.,0.,0.));
#10080=CARTESIAN_POINT('Origin',(25.,16.,-4.23805328941535));
#10081=CARTESIAN_POINT('',(22.,16.,-11.));
#10082=CARTESIAN_POINT('',(20.,16.,-9.));
#10083=CARTESIAN_POINT('Origin',(22.,16.,-9.));
#10084=CARTESIAN_POINT('',(28.,16.,-11.));
#10085=CARTESIAN_POINT('',(30.,16.,-11.));
#10086=CARTESIAN_POINT('',(30.,16.,-9.));
#10087=CARTESIAN_POINT('Origin',(28.,16.,-9.));
#10088=CARTESIAN_POINT('',(30.,16.,-2.));
#10089=CARTESIAN_POINT('',(30.,16.,-2.));
#10090=CARTESIAN_POINT('',(20.,16.,-2.));
#10091=CARTESIAN_POINT('',(25.,16.,-2.));
#10092=CARTESIAN_POINT('',(20.,16.,7.04778684233861));
#10093=CARTESIAN_POINT('',(25.,16.,-4.4));
#10094=CARTESIAN_POINT('Origin',(25.,16.,-6.));
#10095=CARTESIAN_POINT('Origin',(25.,20.,-2.));
#10096=CARTESIAN_POINT('',(20.,18.,-2.));
#10097=CARTESIAN_POINT('',(30.,18.,-2.));
#10098=CARTESIAN_POINT('',(25.,18.,-2.));
#10099=CARTESIAN_POINT('',(20.,20.,-2.00863205831764E-29));
#10100=CARTESIAN_POINT('Origin',(20.,20.,-2.));
#10101=CARTESIAN_POINT('',(30.,20.,-8.82780890547868E-30));
#10102=CARTESIAN_POINT('',(-101.25,20.,-1.50726089284545E-29));
#10103=CARTESIAN_POINT('Origin',(30.,20.,-2.));
#10104=CARTESIAN_POINT('Origin',(20.,16.,-2.));
#10105=CARTESIAN_POINT('',(20.,17.56,-2.));
#10106=CARTESIAN_POINT('',(20.,20.,2.));
#10107=CARTESIAN_POINT('Origin',(20.,20.,-2.));
#10108=CARTESIAN_POINT('',(20.,20.,-1.));
#10109=CARTESIAN_POINT('Origin',(30.,18.,-2.));
#10110=CARTESIAN_POINT('',(30.,17.56,-2.));
#10111=CARTESIAN_POINT('',(30.,20.,2.));
#10112=CARTESIAN_POINT('',(30.,20.,-8.82780890547868E-30));
#10113=CARTESIAN_POINT('Origin',(30.,20.,-2.));
#10114=CARTESIAN_POINT('Origin',(20.,18.,2.5238934211693));
#10115=CARTESIAN_POINT('',(20.,18.,-9.));
#10116=CARTESIAN_POINT('',(20.,18.,-9.));
#10117=CARTESIAN_POINT('',(20.,18.,7.04778684233861));
#10118=CARTESIAN_POINT('Origin',(25.,20.,-2.));
#10119=CARTESIAN_POINT('',(-101.25,20.,2.));
#10120=CARTESIAN_POINT('Origin',(30.,18.,-11.));
#10121=CARTESIAN_POINT('',(30.,18.,-9.));
#10122=CARTESIAN_POINT('',(30.,18.,-9.));
#10123=CARTESIAN_POINT('',(30.,18.,7.04778684233861));
#10124=CARTESIAN_POINT('Origin',(28.,18.,-9.));
#10125=CARTESIAN_POINT('',(28.,18.,-11.));
#10126=CARTESIAN_POINT('',(28.,18.,-11.));
#10127=CARTESIAN_POINT('Origin',(28.,18.,-9.));
#10128=CARTESIAN_POINT('Origin',(25.,18.,-4.23805328941535));
#10129=CARTESIAN_POINT('',(22.,18.,-11.));
#10130=CARTESIAN_POINT('Origin',(22.,18.,-9.));
#10131=CARTESIAN_POINT('',(30.,18.,-11.));
#10132=CARTESIAN_POINT('',(25.,18.,-4.4));
#10133=CARTESIAN_POINT('Origin',(25.,18.,-6.));
#10134=CARTESIAN_POINT('Origin',(20.,18.,-11.));
#10135=CARTESIAN_POINT('',(22.,18.,-11.));
#10136=CARTESIAN_POINT('Origin',(22.,18.,-9.));
#10137=CARTESIAN_POINT('Origin',(25.,18.,-6.));
#10138=CARTESIAN_POINT('',(25.,18.,-4.4));
#10139=CARTESIAN_POINT('Origin',(20.2,25.,-2.5));
#10140=CARTESIAN_POINT('',(18.3,25.,2.));
#10141=CARTESIAN_POINT('Origin',(20.2,25.,2.));
#10142=CARTESIAN_POINT('',(18.3,25.,-1.13566404848651E-29));
#10143=CARTESIAN_POINT('',(18.3,25.,-2.5));
#10144=CARTESIAN_POINT('Origin',(20.2,25.,-1.12662395702467E-29));
#10145=CARTESIAN_POINT('Origin',(-144.302775637732,21.,1.));
#10146=CARTESIAN_POINT('',(-143.748075441507,20.1679497056622,2.));
#10147=CARTESIAN_POINT('',(-144.302775637732,20.,2.));
#10148=CARTESIAN_POINT('Origin',(-144.302775637732,21.,2.));
#10149=CARTESIAN_POINT('',(-144.302775637732,20.,-1.71210353992482E-29));
#10150=CARTESIAN_POINT('',(-144.302775637732,20.,1.));
#10151=CARTESIAN_POINT('',(-143.748075441507,20.1679497056622,-1.38777878078162E-16));
#10152=CARTESIAN_POINT('Origin',(-144.302775637732,21.,-1.75154658518588E-29));
#10153=CARTESIAN_POINT('',(-143.748075441507,20.1679497056622,1.));
#10154=CARTESIAN_POINT('Origin',(-57.5,25.,2.));
#10155=CARTESIAN_POINT('',(30.,30.,2.));
#10156=CARTESIAN_POINT('',(30.,34.,2.));
#10157=CARTESIAN_POINT('',(20.,30.,2.));
#10158=CARTESIAN_POINT('',(-145.,30.,2.));
#10159=CARTESIAN_POINT('',(8.30277563773198,30.,2.));
#10160=CARTESIAN_POINT('',(-145.,30.,2.));
#10161=CARTESIAN_POINT('',(7.74807544150676,29.8320502943379,2.));
#10162=CARTESIAN_POINT('Origin',(8.30277563773197,29.,2.));
#10163=CARTESIAN_POINT('',(6.7519245584932,29.1679497056622,2.));
#10164=CARTESIAN_POINT('',(-15.8269230769236,14.1153846153849,2.));
#10165=CARTESIAN_POINT('',(6.197224362268,29.,2.));
#10166=CARTESIAN_POINT('Origin',(6.19722436226799,30.,2.));
#10167=CARTESIAN_POINT('',(-2.197224362268,29.,2.));
#10168=CARTESIAN_POINT('',(-25.5,28.9999999999999,2.));
#10169=CARTESIAN_POINT('',(-2.75192455849324,29.1679497056622,2.));
#10170=CARTESIAN_POINT('Origin',(-2.197224362268,30.,2.));
#10171=CARTESIAN_POINT('',(-3.74807544150676,29.8320502943378,2.));
#10172=CARTESIAN_POINT('',(-20.6153846153846,41.0769230769231,2.));
#10173=CARTESIAN_POINT('',(-4.30277563773199,30.,2.));
#10174=CARTESIAN_POINT('Origin',(-4.30277563773199,29.,2.));
#10175=CARTESIAN_POINT('',(-61.697224362268,30.,2.));
#10176=CARTESIAN_POINT('',(-145.,30.,2.));
#10177=CARTESIAN_POINT('',(-62.2519245584933,29.8320502943378,2.));
#10178=CARTESIAN_POINT('Origin',(-61.697224362268,29.,2.));
#10179=CARTESIAN_POINT('',(-63.2480754415068,29.1679497056622,2.));
#10180=CARTESIAN_POINT('',(-61.5961538461538,30.2692307692308,2.));
#10181=CARTESIAN_POINT('',(-63.802775637732,29.,2.));
#10182=CARTESIAN_POINT('Origin',(-63.802775637732,30.,2.));
#10183=CARTESIAN_POINT('',(-72.197224362268,29.,2.));
#10184=CARTESIAN_POINT('',(-60.5,29.0000000000001,2.));
#10185=CARTESIAN_POINT('',(-72.7519245584932,29.1679497056622,2.));
#10186=CARTESIAN_POINT('Origin',(-72.197224362268,30.,2.));
#10187=CARTESIAN_POINT('',(-73.7480754415068,29.8320502943378,2.));
#10188=CARTESIAN_POINT('',(-66.3846153846154,24.9230769230769,2.));
#10189=CARTESIAN_POINT('',(-74.302775637732,30.,2.));
#10190=CARTESIAN_POINT('Origin',(-74.302775637732,29.,2.));
#10191=CARTESIAN_POINT('',(-131.697224362268,30.,2.));
#10192=CARTESIAN_POINT('',(-145.,30.,2.));
#10193=CARTESIAN_POINT('',(-132.251924558493,29.8320502943379,2.));
#10194=CARTESIAN_POINT('Origin',(-131.697224362268,29.,2.));
#10195=CARTESIAN_POINT('',(-133.248075441507,29.1679497056622,2.));
#10196=CARTESIAN_POINT('',(-107.365384615384,46.4230769230767,2.));
#10197=CARTESIAN_POINT('',(-133.802775637732,29.,2.));
#10198=CARTESIAN_POINT('Origin',(-133.802775637732,30.,2.));
#10199=CARTESIAN_POINT('',(-142.197224362268,29.,2.));
#10200=CARTESIAN_POINT('',(-95.5,29.0000000000002,2.));
#10201=CARTESIAN_POINT('',(-142.751924558493,29.1679497056621,2.));
#10202=CARTESIAN_POINT('Origin',(-142.197224362268,30.,2.));
#10203=CARTESIAN_POINT('',(-143.748075441507,29.8320502943379,2.));
#10204=CARTESIAN_POINT('',(-112.153846153846,8.7692307692307,2.));
#10205=CARTESIAN_POINT('',(-144.302775637732,30.,2.));
#10206=CARTESIAN_POINT('Origin',(-144.302775637732,29.,2.));
#10207=CARTESIAN_POINT('',(-145.,30.,2.));
#10208=CARTESIAN_POINT('',(-145.,30.,2.));
#10209=CARTESIAN_POINT('',(-146.,29.,2.));
#10210=CARTESIAN_POINT('Origin',(-145.,29.,2.));
#10211=CARTESIAN_POINT('',(-146.,21.,2.));
#10212=CARTESIAN_POINT('',(-146.,30.,2.));
#10213=CARTESIAN_POINT('',(-145.,20.,2.));
#10214=CARTESIAN_POINT('Origin',(-145.,21.,2.));
#10215=CARTESIAN_POINT('',(-146.,20.,2.));
#10216=CARTESIAN_POINT('',(-142.751924558493,20.8320502943378,2.));
#10217=CARTESIAN_POINT('',(-112.903846153846,40.7307692307692,2.));
#10218=CARTESIAN_POINT('',(-142.197224362268,21.,2.));
#10219=CARTESIAN_POINT('Origin',(-142.197224362268,20.,2.));
#10220=CARTESIAN_POINT('',(-133.802775637732,21.,2.));
#10221=CARTESIAN_POINT('',(-100.,21.0000000000001,2.));
#10222=CARTESIAN_POINT('',(-133.248075441507,20.8320502943379,2.));
#10223=CARTESIAN_POINT('Origin',(-133.802775637732,20.,2.));
#10224=CARTESIAN_POINT('',(-132.251924558493,20.1679497056622,2.));
#10225=CARTESIAN_POINT('',(-108.115384615385,4.076923076923,2.));
#10226=CARTESIAN_POINT('',(-131.697224362268,20.,2.));
#10227=CARTESIAN_POINT('Origin',(-131.697224362268,21.,2.));
#10228=CARTESIAN_POINT('',(-74.302775637732,20.,2.));
#10229=CARTESIAN_POINT('',(30.,20.,2.));
#10230=CARTESIAN_POINT('',(-73.7480754415068,20.1679497056622,2.));
#10231=CARTESIAN_POINT('Origin',(-74.302775637732,21.,2.));
#10232=CARTESIAN_POINT('',(-72.7519245584932,20.8320502943378,2.));
#10233=CARTESIAN_POINT('',(-67.1346153846154,24.5769230769231,2.));
#10234=CARTESIAN_POINT('',(-72.197224362268,21.,2.));
#10235=CARTESIAN_POINT('Origin',(-72.197224362268,20.,2.));
#10236=CARTESIAN_POINT('',(-63.802775637732,21.,2.));
#10237=CARTESIAN_POINT('',(-65.,21.,2.));
#10238=CARTESIAN_POINT('',(-63.2480754415068,20.8320502943379,2.));
#10239=CARTESIAN_POINT('Origin',(-63.802775637732,20.,2.));
#10240=CARTESIAN_POINT('',(-62.2519245584932,20.1679497056622,2.));
#10241=CARTESIAN_POINT('',(-62.3461538461539,20.2307692307693,2.));
#10242=CARTESIAN_POINT('',(-61.697224362268,20.,2.));
#10243=CARTESIAN_POINT('Origin',(-61.697224362268,21.,2.));
#10244=CARTESIAN_POINT('',(-4.302775637732,20.,2.));
#10245=CARTESIAN_POINT('',(30.,20.,2.));
#10246=CARTESIAN_POINT('',(-3.74807544150677,20.1679497056622,2.));
#10247=CARTESIAN_POINT('Origin',(-4.302775637732,21.,2.));
#10248=CARTESIAN_POINT('',(-2.75192455849323,20.8320502943378,2.));
#10249=CARTESIAN_POINT('',(-21.3653846153846,8.4230769230769,2.));
#10250=CARTESIAN_POINT('',(-2.19722436226801,21.,2.));
#10251=CARTESIAN_POINT('Origin',(-2.19722436226801,20.,2.));
#10252=CARTESIAN_POINT('',(6.19722436226799,21.,2.));
#10253=CARTESIAN_POINT('',(-30.,21.,2.));
#10254=CARTESIAN_POINT('',(6.75192455849324,20.8320502943379,2.));
#10255=CARTESIAN_POINT('Origin',(6.19722436226799,20.,2.));
#10256=CARTESIAN_POINT('',(7.74807544150677,20.1679497056622,2.));
#10257=CARTESIAN_POINT('',(-16.5769230769229,36.3846153846155,2.));
#10258=CARTESIAN_POINT('',(8.302775637732,20.,2.));
#10259=CARTESIAN_POINT('Origin',(8.302775637732,21.,2.));
#10260=CARTESIAN_POINT('',(-101.25,20.,2.));
#10261=CARTESIAN_POINT('Origin',(-144.,20.,2.));
#10262=CARTESIAN_POINT('',(-142.751924558493,20.8320502943378,-1.38777878078162E-16));
#10263=CARTESIAN_POINT('',(-112.903846153846,40.7307692307692,-1.38777878078169E-16));
#10264=CARTESIAN_POINT('',(-142.751924558493,20.8320502943379,2.));
#10265=CARTESIAN_POINT('Origin',(-142.197224362268,20.,2.));
#10266=CARTESIAN_POINT('',(-142.197224362268,21.,-1.74152849249757E-29));
#10267=CARTESIAN_POINT('Origin',(-142.197224362268,20.,-1.70208544723652E-29));
#10268=CARTESIAN_POINT('',(-142.197224362268,21.,2.));
#10269=CARTESIAN_POINT('Origin',(-133.802775637732,20.,2.));
#10270=CARTESIAN_POINT('',(-133.802775637732,21.,-1.70158818500207E-29));
#10271=CARTESIAN_POINT('',(-133.802775637732,21.,2.));
#10272=CARTESIAN_POINT('',(-133.248075441507,20.8320502943379,-1.38777878078162E-16));
#10273=CARTESIAN_POINT('Origin',(-133.802775637732,20.,-1.66214513974102E-29));
#10274=CARTESIAN_POINT('',(-133.248075441507,20.8320502943379,2.));
#10275=CARTESIAN_POINT('Origin',(-142.5,21.,2.));
#10276=CARTESIAN_POINT('',(-100.,21.0000000000001,-1.54075650951319E-29));
#10277=CARTESIAN_POINT('Origin',(-131.697224362268,21.,1.));
#10278=CARTESIAN_POINT('',(-132.251924558493,20.1679497056622,-1.38777878078162E-16));
#10279=CARTESIAN_POINT('',(-131.697224362268,20.,-1.65212704705272E-29));
#10280=CARTESIAN_POINT('Origin',(-131.697224362268,21.,-1.69157009231377E-29));
#10281=CARTESIAN_POINT('',(-131.697224362268,20.,1.));
#10282=CARTESIAN_POINT('',(-132.251924558493,20.1679497056622,1.));
#10283=CARTESIAN_POINT('Origin',(-133.5,21.,2.));
#10284=CARTESIAN_POINT('',(-108.115384615385,4.076923076923,-1.38777878078154E-16));
#10285=CARTESIAN_POINT('Origin',(-61.697224362268,21.,1.));
#10286=CARTESIAN_POINT('',(-62.2519245584932,20.1679497056622,-1.38777878078158E-16));
#10287=CARTESIAN_POINT('',(-61.697224362268,20.,-1.31907104582734E-29));
#10288=CARTESIAN_POINT('Origin',(-61.697224362268,21.,-1.35851409108839E-29));
#10289=CARTESIAN_POINT('',(-61.697224362268,20.,1.));
#10290=CARTESIAN_POINT('',(-62.2519245584932,20.1679497056622,1.));
#10291=CARTESIAN_POINT('Origin',(-145.,20.,-1.71542089361131E-29));
#10292=CARTESIAN_POINT('',(-4.302775637732,20.,-1.04599153747407E-29));
#10293=CARTESIAN_POINT('',(30.,20.,-8.82780890547868E-30));
#10294=CARTESIAN_POINT('',(-4.302775637732,20.,1.));
#10295=CARTESIAN_POINT('Origin',(-63.802775637732,20.,2.));
#10296=CARTESIAN_POINT('',(-63.802775637732,21.,-1.36853218377669E-29));
#10297=CARTESIAN_POINT('',(-63.802775637732,21.,2.));
#10298=CARTESIAN_POINT('',(-63.2480754415068,20.8320502943379,-1.38777878078159E-16));
#10299=CARTESIAN_POINT('Origin',(-63.802775637732,20.,-1.32908913851564E-29));
#10300=CARTESIAN_POINT('',(-63.2480754415068,20.8320502943379,2.));
#10301=CARTESIAN_POINT('Origin',(-72.5,21.,2.));
#10302=CARTESIAN_POINT('',(-72.197224362268,21.,-1.4084724912722E-29));
#10303=CARTESIAN_POINT('',(-72.197224362268,21.,2.));
#10304=CARTESIAN_POINT('',(-65.,21.,-1.3742285089005E-29));
#10305=CARTESIAN_POINT('Origin',(-74.302775637732,21.,1.));
#10306=CARTESIAN_POINT('',(-74.302775637732,20.,-1.37904753869945E-29));
#10307=CARTESIAN_POINT('',(-74.302775637732,20.,1.));
#10308=CARTESIAN_POINT('',(-73.7480754415068,20.1679497056622,-1.38777878078159E-16));
#10309=CARTESIAN_POINT('Origin',(-74.302775637732,21.,-1.4184905839605E-29));
#10310=CARTESIAN_POINT('',(-73.7480754415068,20.1679497056622,1.));
#10311=CARTESIAN_POINT('Origin',(-74.,20.,2.));
#10312=CARTESIAN_POINT('',(-72.7519245584932,20.8320502943378,-1.38777878078159E-16));
#10313=CARTESIAN_POINT('',(-67.1346153846154,24.5769230769231,-1.3877787807816E-16));
#10314=CARTESIAN_POINT('',(-72.7519245584932,20.8320502943378,2.));
#10315=CARTESIAN_POINT('Origin',(-72.197224362268,20.,2.));
#10316=CARTESIAN_POINT('Origin',(-72.197224362268,20.,-1.36902944601115E-29));
#10317=CARTESIAN_POINT('Origin',(-4.302775637732,21.,1.));
#10318=CARTESIAN_POINT('',(-3.74807544150677,20.1679497056622,-1.38777878078156E-16));
#10319=CARTESIAN_POINT('Origin',(-4.302775637732,21.,-1.08543458273512E-29));
#10320=CARTESIAN_POINT('',(-3.74807544150677,20.1679497056622,1.));
#10321=CARTESIAN_POINT('Origin',(-4.,20.,2.));
#10322=CARTESIAN_POINT('',(-2.75192455849323,20.8320502943378,-1.38777878078156E-16));
#10323=CARTESIAN_POINT('',(-21.3653846153846,8.4230769230769,-1.38777878078152E-16));
#10324=CARTESIAN_POINT('',(-2.75192455849324,20.8320502943378,2.));
#10325=CARTESIAN_POINT('Origin',(-2.19722436226801,20.,2.));
#10326=CARTESIAN_POINT('',(-2.19722436226801,21.,-1.07541649004682E-29));
#10327=CARTESIAN_POINT('Origin',(-2.19722436226801,20.,-1.03597344478577E-29));
#10328=CARTESIAN_POINT('',(-2.19722436226801,21.,2.));
#10329=CARTESIAN_POINT('Origin',(6.19722436226799,20.,2.));
#10330=CARTESIAN_POINT('',(6.19722436226799,21.,-1.03547618255132E-29));
#10331=CARTESIAN_POINT('',(6.19722436226799,21.,2.));
#10332=CARTESIAN_POINT('',(6.75192455849324,20.8320502943379,-1.38777878078155E-16));
#10333=CARTESIAN_POINT('Origin',(6.19722436226799,20.,-9.96033137290266E-30));
#10334=CARTESIAN_POINT('',(6.75192455849323,20.8320502943379,2.));
#10335=CARTESIAN_POINT('Origin',(-2.5,21.,2.));
#10336=CARTESIAN_POINT('',(-30.,21.,-1.20770050828781E-29));
#10337=CARTESIAN_POINT('Origin',(8.302775637732,21.,1.));
#10338=CARTESIAN_POINT('',(7.74807544150677,20.1679497056622,-1.38777878078155E-16));
#10339=CARTESIAN_POINT('',(8.302775637732,20.,-9.86015044601965E-30));
#10340=CARTESIAN_POINT('Origin',(8.302775637732,21.,-1.02545808986302E-29));
#10341=CARTESIAN_POINT('',(8.302775637732,20.,1.));
#10342=CARTESIAN_POINT('',(7.74807544150676,20.1679497056622,1.));
#10343=CARTESIAN_POINT('Origin',(-145.,20.,-1.71542089361131E-29));
#10344=CARTESIAN_POINT('',(-101.25,20.,-1.50726089284545E-29));
#10345=CARTESIAN_POINT('Origin',(8.30277563773197,29.,1.));
#10346=CARTESIAN_POINT('',(8.30277563773197,30.,-1.38044549721247E-29));
#10347=CARTESIAN_POINT('',(8.30277563773197,30.,1.));
#10348=CARTESIAN_POINT('',(7.74807544150676,29.8320502943379,-1.37646028121666E-29));
#10349=CARTESIAN_POINT('Origin',(8.30277563773197,29.,-1.34100245195142E-29));
#10350=CARTESIAN_POINT('',(7.74807544150676,29.8320502943379,1.));
#10351=CARTESIAN_POINT('Origin',(7.99999999999999,30.,2.));
#10352=CARTESIAN_POINT('',(6.7519245584932,29.1679497056622,-1.35500576063554E-29));
#10353=CARTESIAN_POINT('',(-15.8269230769236,14.1153846153849,-8.68715621709522E-30));
#10354=CARTESIAN_POINT('',(6.75192455849321,29.1679497056622,2.));
#10355=CARTESIAN_POINT('Origin',(6.19722436226799,30.,2.));
#10356=CARTESIAN_POINT('',(6.197224362268,29.,-1.35102054463972E-29));
#10357=CARTESIAN_POINT('Origin',(6.19722436226799,30.,-1.39046358990077E-29));
#10358=CARTESIAN_POINT('',(6.197224362268,29.,2.));
#10359=CARTESIAN_POINT('Origin',(-2.197224362268,30.,2.));
#10360=CARTESIAN_POINT('',(-2.197224362268,29.,-1.39096085213523E-29));
#10361=CARTESIAN_POINT('',(-2.197224362268,29.,2.));
#10362=CARTESIAN_POINT('',(-2.75192455849324,29.1679497056622,1.38777878078131E-16));
#10363=CARTESIAN_POINT('Origin',(-2.197224362268,30.,-1.43040389739628E-29));
#10364=CARTESIAN_POINT('',(-2.75192455849324,29.1679497056622,2.));
#10365=CARTESIAN_POINT('Origin',(6.49999999999999,29.,2.));
#10366=CARTESIAN_POINT('',(-25.5,28.9999999999999,-1.5018341274403E-29));
#10367=CARTESIAN_POINT('Origin',(-4.30277563773199,29.,1.));
#10368=CARTESIAN_POINT('',(-3.74807544150676,29.8320502943378,1.38777878078131E-16));
#10369=CARTESIAN_POINT('',(-4.30277563773199,30.,-1.44042199008458E-29));
#10370=CARTESIAN_POINT('Origin',(-4.30277563773199,29.,-1.40097894482353E-29));
#10371=CARTESIAN_POINT('',(-4.30277563773199,30.,1.));
#10372=CARTESIAN_POINT('',(-3.74807544150677,29.8320502943378,1.));
#10373=CARTESIAN_POINT('Origin',(30.,30.,-1.27721134315837E-29));
#10374=CARTESIAN_POINT('',(-61.697224362268,30.,-1.71350149843785E-29));
#10375=CARTESIAN_POINT('',(-18.75,30.,-1.50916105829748E-29));
#10376=CARTESIAN_POINT('',(-61.697224362268,30.,1.));
#10377=CARTESIAN_POINT('Origin',(-61.697224362268,29.,1.));
#10378=CARTESIAN_POINT('',(-62.2519245584933,29.8320502943378,-1.70951628244203E-29));
#10379=CARTESIAN_POINT('Origin',(-61.697224362268,29.,-1.6740584531768E-29));
#10380=CARTESIAN_POINT('',(-62.2519245584933,29.8320502943378,1.));
#10381=CARTESIAN_POINT('Origin',(-62.,30.,2.));
#10382=CARTESIAN_POINT('',(-63.2480754415068,29.1679497056622,-1.68806176186092E-29));
#10383=CARTESIAN_POINT('',(-61.5961538461538,30.2692307692308,-1.7236398921123E-29));
#10384=CARTESIAN_POINT('',(-63.2480754415068,29.1679497056622,2.));
#10385=CARTESIAN_POINT('Origin',(-63.802775637732,30.,2.));
#10386=CARTESIAN_POINT('',(-63.802775637732,29.,-1.6840765458651E-29));
#10387=CARTESIAN_POINT('Origin',(-63.802775637732,30.,-1.72351959112615E-29));
#10388=CARTESIAN_POINT('',(-63.802775637732,29.,2.));
#10389=CARTESIAN_POINT('Origin',(-72.197224362268,30.,2.));
#10390=CARTESIAN_POINT('',(-72.197224362268,29.,-1.7240168533606E-29));
#10391=CARTESIAN_POINT('',(-72.197224362268,29.,2.));
#10392=CARTESIAN_POINT('',(-72.7519245584932,29.1679497056622,1.38777878078128E-16));
#10393=CARTESIAN_POINT('Origin',(-72.197224362268,30.,-1.76345989862165E-29));
#10394=CARTESIAN_POINT('',(-72.7519245584932,29.1679497056622,2.));
#10395=CARTESIAN_POINT('Origin',(-63.5,29.,2.));
#10396=CARTESIAN_POINT('',(-60.5,29.0000000000001,-1.66836212805299E-29));
#10397=CARTESIAN_POINT('Origin',(-74.302775637732,29.,1.));
#10398=CARTESIAN_POINT('',(-73.7480754415068,29.8320502943378,1.38777878078127E-16));
#10399=CARTESIAN_POINT('',(-74.302775637732,30.,-1.77347799130995E-29));
#10400=CARTESIAN_POINT('Origin',(-74.302775637732,29.,-1.7340349460489E-29));
#10401=CARTESIAN_POINT('',(-74.302775637732,30.,1.));
#10402=CARTESIAN_POINT('',(-73.7480754415068,29.8320502943378,1.));
#10403=CARTESIAN_POINT('Origin',(30.,30.,-1.27721134315837E-29));
#10404=CARTESIAN_POINT('',(-131.697224362268,30.,-2.04655749966322E-29));
#10405=CARTESIAN_POINT('',(-18.75,30.,-1.50916105829748E-29));
#10406=CARTESIAN_POINT('',(-131.697224362268,30.,1.));
#10407=CARTESIAN_POINT('Origin',(-131.697224362268,29.,1.));
#10408=CARTESIAN_POINT('',(-132.251924558493,29.8320502943379,-2.04257228366741E-29));
#10409=CARTESIAN_POINT('Origin',(-131.697224362268,29.,-2.00711445440217E-29));
#10410=CARTESIAN_POINT('',(-132.251924558493,29.8320502943379,1.));
#10411=CARTESIAN_POINT('Origin',(-132.,30.,2.));
#10412=CARTESIAN_POINT('',(-133.248075441507,29.1679497056622,-2.02111776308629E-29));
#10413=CARTESIAN_POINT('',(-107.365384615384,46.4230769230767,-2.57856416251508E-29));
#10414=CARTESIAN_POINT('',(-133.248075441507,29.1679497056622,2.));
#10415=CARTESIAN_POINT('Origin',(-133.802775637732,30.,2.));
#10416=CARTESIAN_POINT('',(-133.802775637732,29.,-2.01713254709047E-29));
#10417=CARTESIAN_POINT('Origin',(-133.802775637732,30.,-2.05657559235152E-29));
#10418=CARTESIAN_POINT('',(-133.802775637732,29.,2.));
#10419=CARTESIAN_POINT('Origin',(-142.197224362268,30.,2.));
#10420=CARTESIAN_POINT('',(-142.197224362268,29.,-2.05707285458598E-29));
#10421=CARTESIAN_POINT('',(-142.197224362268,29.,2.));
#10422=CARTESIAN_POINT('',(-142.751924558493,29.1679497056621,1.38777878078124E-16));
#10423=CARTESIAN_POINT('Origin',(-142.197224362268,30.,-2.09651589984703E-29));
#10424=CARTESIAN_POINT('',(-142.751924558493,29.1679497056622,2.));
#10425=CARTESIAN_POINT('Origin',(-133.5,29.,2.));
#10426=CARTESIAN_POINT('',(-95.5,29.0000000000002,-1.83489012866568E-29));
#10427=CARTESIAN_POINT('Origin',(-144.302775637732,29.,1.));
#10428=CARTESIAN_POINT('',(-143.748075441507,29.8320502943379,1.38777878078124E-16));
#10429=CARTESIAN_POINT('',(-144.302775637732,30.,-2.10653399253533E-29));
#10430=CARTESIAN_POINT('Origin',(-144.302775637732,29.,-2.06709094727428E-29));
#10431=CARTESIAN_POINT('',(-144.302775637732,30.,1.));
#10432=CARTESIAN_POINT('',(-143.748075441507,29.8320502943379,1.));
#10433=CARTESIAN_POINT('Origin',(30.,30.,-1.27721134315837E-29));
#10434=CARTESIAN_POINT('',(-145.,30.,-2.10985134622181E-29));
#10435=CARTESIAN_POINT('',(-18.75,30.,-1.50916105829748E-29));
#10436=CARTESIAN_POINT('',(-145.,30.,1.));
#10437=CARTESIAN_POINT('Origin',(-145.,21.,1.));
#10438=CARTESIAN_POINT('',(-146.,21.,-1.75962188174701E-29));
#10439=CARTESIAN_POINT('',(-145.,20.,-1.71542089361131E-29));
#10440=CARTESIAN_POINT('Origin',(-145.,21.,-1.75486393887236E-29));
#10441=CARTESIAN_POINT('',(-145.,20.,1.));
#10442=CARTESIAN_POINT('',(-146.,21.,1.));
#10443=CARTESIAN_POINT('Origin',(-145.,20.,-1.71542089361131E-29));
#10444=CARTESIAN_POINT('',(30.,20.,-8.82780890547868E-30));
#10445=CARTESIAN_POINT('Origin',(-145.,29.,1.));
#10446=CARTESIAN_POINT('',(-146.,29.,-2.07516624383541E-29));
#10447=CARTESIAN_POINT('Origin',(-145.,29.,-2.07040830096076E-29));
#10448=CARTESIAN_POINT('',(-146.,29.,1.));
#10449=CARTESIAN_POINT('Origin',(-146.,20.,2.));
#10450=CARTESIAN_POINT('',(-146.,30.,-2.11460928909646E-29));
#10451=CARTESIAN_POINT('Origin',(-63.5,21.,2.));
#10452=CARTESIAN_POINT('',(-62.3461538461539,20.2307692307693,-1.38777878078158E-16));
#10453=CARTESIAN_POINT('Origin',(-142.5,29.,2.));
#10454=CARTESIAN_POINT('',(-112.153846153846,8.7692307692307,1.38777878078134E-16));
#10455=CARTESIAN_POINT('Origin',(-2.5,29.,2.));
#10456=CARTESIAN_POINT('',(-20.6153846153846,41.0769230769231,1.38777878078125E-16));
#10457=CARTESIAN_POINT('Origin',(-72.5,29.,2.));
#10458=CARTESIAN_POINT('',(-66.3846153846154,24.9230769230769,1.3877787807813E-16));
#10459=CARTESIAN_POINT('Origin',(6.49999999999999,21.,2.));
#10460=CARTESIAN_POINT('',(-16.5769230769229,36.3846153846155,-1.38777878078163E-16));
#10461=CARTESIAN_POINT('Origin',(30.,30.,-1.27721134315837E-29));
#10462=CARTESIAN_POINT('',(20.,30.,1.94289029309401E-15));
#10463=CARTESIAN_POINT('',(20.,30.,-1.));
#10464=CARTESIAN_POINT('',(-18.75,30.,-1.50916105829748E-29));
#10465=CARTESIAN_POINT('Origin',(-145.,20.,-1.71542089361131E-29));
#10466=CARTESIAN_POINT('',(30.,20.,-8.82780890547868E-30));
#10467=CARTESIAN_POINT('Origin',(-57.5,25.,-1.49631611838484E-29));
#10468=CARTESIAN_POINT('',(30.,30.,-1.27721134315837E-29));
#10469=CARTESIAN_POINT('',(-18.75,30.,-1.50916105829748E-29));
#10470=CARTESIAN_POINT('',(30.,34.,-1.43498352420258E-29));
#10471=CARTESIAN_POINT('Origin',(30.,20.,-8.82780890547868E-30));
#10472=CARTESIAN_POINT('',(30.,30.,-1.27721134315837E-29));
#10473=CARTESIAN_POINT('Origin',(25.000000372529,34.,-6.00000008940697));
#10474=CARTESIAN_POINT('',(26.600000372529,34.,-6.00000008940697));
#10475=CARTESIAN_POINT('Origin',(25.000000372529,34.,-6.00000008940697));
#10476=CARTESIAN_POINT('',(26.600000372529,32.,-6.00000008940697));
#10477=CARTESIAN_POINT('',(26.600000372529,34.,-6.00000008940697));
#10478=CARTESIAN_POINT('Origin',(25.000000372529,32.,-6.00000008940697));
#10479=CARTESIAN_POINT('Origin',(22.,32.,-9.00000000000001));
#10480=CARTESIAN_POINT('',(20.,34.,-9.00000000000001));
#10481=CARTESIAN_POINT('',(22.,34.,-11.));
#10482=CARTESIAN_POINT('Origin',(22.,34.,-9.00000000000001));
#10483=CARTESIAN_POINT('',(22.,32.,-11.));
#10484=CARTESIAN_POINT('',(22.,32.,-11.));
#10485=CARTESIAN_POINT('',(20.,32.,-9.));
#10486=CARTESIAN_POINT('Origin',(22.,32.,-9.00000000000001));
#10487=CARTESIAN_POINT('',(20.,32.,-9.00000000000001));
#10488=CARTESIAN_POINT('Origin',(20.,32.,-11.));
#10489=CARTESIAN_POINT('',(20.,32.,-2.));
#10490=CARTESIAN_POINT('',(20.,32.,7.04778684233861));
#10491=CARTESIAN_POINT('',(20.,34.,-2.));
#10492=CARTESIAN_POINT('',(20.,32.44,-2.));
#10493=CARTESIAN_POINT('',(20.,34.,-2.));
#10494=CARTESIAN_POINT('Origin',(25.,32.,-4.23805328941535));
#10495=CARTESIAN_POINT('',(28.,32.,-11.));
#10496=CARTESIAN_POINT('',(20.,32.,-11.));
#10497=CARTESIAN_POINT('',(30.,32.,-9.00000000000001));
#10498=CARTESIAN_POINT('Origin',(28.,32.,-9.00000000000001));
#10499=CARTESIAN_POINT('',(30.,32.,-2.));
#10500=CARTESIAN_POINT('',(30.,32.,7.04778684233861));
#10501=CARTESIAN_POINT('',(25.,32.,-2.));
#10502=CARTESIAN_POINT('Origin',(28.,32.,-9.00000000000001));
#10503=CARTESIAN_POINT('',(28.,34.,-11.));
#10504=CARTESIAN_POINT('',(30.,34.,-9.00000000000001));
#10505=CARTESIAN_POINT('Origin',(28.,34.,-9.00000000000001));
#10506=CARTESIAN_POINT('',(30.,32.,-9.00000000000001));
#10507=CARTESIAN_POINT('',(28.,32.,-11.));
#10508=CARTESIAN_POINT('Origin',(30.,32.,2.5238934211693));
#10509=CARTESIAN_POINT('',(30.,34.,-2.));
#10510=CARTESIAN_POINT('',(30.,34.,7.04778684233861));
#10511=CARTESIAN_POINT('',(30.,32.44,-2.));
#10512=CARTESIAN_POINT('Origin',(25.,30.,-2.));
#10513=CARTESIAN_POINT('',(25.,34.,-2.));
#10514=CARTESIAN_POINT('Origin',(20.,30.,-2.));
#10515=CARTESIAN_POINT('Origin',(30.,30.,-2.));
#10516=CARTESIAN_POINT('Origin',(20.,32.,-2.));
#10517=CARTESIAN_POINT('Origin',(20.,30.,-2.));
#10518=CARTESIAN_POINT('Origin',(30.,34.,-2.));
#10519=CARTESIAN_POINT('Origin',(30.,30.,-2.));
#10520=CARTESIAN_POINT('Origin',(30.,32.,-11.));
#10521=CARTESIAN_POINT('',(20.,34.,-11.));
#10522=CARTESIAN_POINT('Origin',(25.,30.,-2.));
#10523=CARTESIAN_POINT('Origin',(25.,34.,-4.23805328941535));
#10524=CARTESIAN_POINT('',(0.,0.,0.));
#10525=CARTESIAN_POINT('Origin',(26.2999999999999,67.9999999999991,9.99501047116883));
#10526=CARTESIAN_POINT('',(26.2999999999999,67.9999999999991,10.0000104711688));
#10527=CARTESIAN_POINT('',(26.2999999999999,69.9999999999991,10.0000104711688));
#10528=CARTESIAN_POINT('',(26.2999999999999,63.9999999999995,10.0000104711688));
#10529=CARTESIAN_POINT('',(26.2999999999999,69.9999999999991,9.99501047116883));
#10530=CARTESIAN_POINT('',(26.2999999999999,69.9999999999999,19.9975052355844));
#10531=CARTESIAN_POINT('',(26.2999999999999,67.9999999999991,9.99501047116883));
#10532=CARTESIAN_POINT('',(26.2999999999999,69.9999999999991,9.99501047116883));
#10533=CARTESIAN_POINT('',(26.2999999999999,67.9999999999999,19.9975052355844));
#10534=CARTESIAN_POINT('Origin',(26.2999999999999,67.9999999999991,18.9950104711688));
#10535=CARTESIAN_POINT('',(26.2999999999999,67.9999999999991,19.9950104711688));
#10536=CARTESIAN_POINT('',(26.2999999999999,69.9999999999991,19.9950104711688));
#10537=CARTESIAN_POINT('',(26.2999999999999,64.9499999999991,19.9950104711688));
#10538=CARTESIAN_POINT('',(26.2999999999999,69.9999999999991,20.0000104711688));
#10539=CARTESIAN_POINT('',(26.2999999999999,69.9999999999991,18.9950104711688));
#10540=CARTESIAN_POINT('',(26.2999999999999,67.9999999999991,20.0000104711688));
#10541=CARTESIAN_POINT('',(26.2999999999999,64.9499999999991,20.0000104711688));
#10542=CARTESIAN_POINT('',(26.2999999999999,67.9999999999991,18.9950104711688));
#10543=CARTESIAN_POINT('Origin',(26.2999999999999,69.9999999999991,12.9950104711688));
#10544=CARTESIAN_POINT('',(29.2999999999999,67.9999999999991,12.9950104711688));
#10545=CARTESIAN_POINT('Origin',(26.2999999999999,67.9999999999991,12.9950104711688));
#10546=CARTESIAN_POINT('',(29.2999999999999,69.9999999999991,12.9950104711688));
#10547=CARTESIAN_POINT('Origin',(26.2999999999999,69.9999999999991,12.9950104711688));
#10548=CARTESIAN_POINT('',(29.2999999999999,69.9999999999991,12.9950104711688));
#10549=CARTESIAN_POINT('Origin',(29.2999999999999,69.9999999999991,14.9950104711688));
#10550=CARTESIAN_POINT('',(29.2999999999999,69.9999999999991,16.9950104711688));
#10551=CARTESIAN_POINT('',(29.2999999999999,69.9999999999991,9.99501047116883));
#10552=CARTESIAN_POINT('',(29.2999999999999,67.9999999999991,16.9950104711688));
#10553=CARTESIAN_POINT('',(29.2999999999999,64.9499999999991,16.9950104711688));
#10554=CARTESIAN_POINT('',(29.2999999999999,67.9999999999991,9.99501047116883));
#10555=CARTESIAN_POINT('Origin',(26.2999999999999,64.9499999999991,16.9950104711688));
#10556=CARTESIAN_POINT('Origin',(26.2999999999999,69.9999999999991,16.9950104711688));
#10557=CARTESIAN_POINT('Origin',(26.2999999999999,67.9999999999991,16.9950104711688));
#10558=CARTESIAN_POINT('Origin',(25.3,57.8999999999991,14.9950104711688));
#10559=CARTESIAN_POINT('',(23.7,67.9999999999991,14.9950104711688));
#10560=CARTESIAN_POINT('Origin',(25.3,67.9999999999991,14.9950104711688));
#10561=CARTESIAN_POINT('',(23.7,69.9999999999991,14.9950104711688));
#10562=CARTESIAN_POINT('',(23.7,57.8999999999991,14.9950104711688));
#10563=CARTESIAN_POINT('Origin',(25.3,69.9999999999991,14.9950104711688));
#10564=CARTESIAN_POINT('Origin',(26.2999999999999,46.9999999999996,17.));
#10565=CARTESIAN_POINT('',(29.2999999999999,47.9999999999992,17.));
#10566=CARTESIAN_POINT('',(26.2999999999999,47.9999999999999,20.0000104711688));
#10567=CARTESIAN_POINT('Origin',(26.2999999999999,47.9999999999999,17.));
#10568=CARTESIAN_POINT('',(26.3,45.9999999999999,20.0000104711688));
#10569=CARTESIAN_POINT('',(26.2999999999999,46.9999999999996,20.));
#10570=CARTESIAN_POINT('',(29.2999999999999,45.9999999999999,17.));
#10571=CARTESIAN_POINT('Origin',(26.3,45.9999999999999,17.));
#10572=CARTESIAN_POINT('',(29.2999999999999,46.9999999999996,17.));
#10573=CARTESIAN_POINT('Origin',(3.99999999999994,45.9999999999999,20.));
#10574=CARTESIAN_POINT('',(23.2999998406592,48.0000000000002,20.));
#10575=CARTESIAN_POINT('',(3.25707993412293,47.9999999999999,20.0000104711688));
#10576=CARTESIAN_POINT('',(2.99999999999993,47.9999999999999,20.));
#10577=CARTESIAN_POINT('',(11.8690266447076,47.9999999999999,20.));
#10578=CARTESIAN_POINT('',(1.99999999999993,48.9999999999999,20.));
#10579=CARTESIAN_POINT('Origin',(2.99999999999993,48.9999999999999,20.));
#10580=CARTESIAN_POINT('',(1.99999999999993,54.4999999999999,20.));
#10581=CARTESIAN_POINT('',(1.99999999999993,49.9999999999999,20.));
#10582=CARTESIAN_POINT('',(-7.105427357601E-14,54.4999999999999,20.));
#10583=CARTESIAN_POINT('',(2.99999999999993,54.4999999999999,20.));
#10584=CARTESIAN_POINT('',(-7.105427357601E-14,48.9999999999999,20.));
#10585=CARTESIAN_POINT('',(-7.105427357601E-14,49.9999999999999,20.));
#10586=CARTESIAN_POINT('',(2.99999999999993,45.9999999999999,20.));
#10587=CARTESIAN_POINT('Origin',(2.99999999999993,48.9999999999999,20.));
#10588=CARTESIAN_POINT('',(23.2999998406593,46.0000000000002,20.));
#10589=CARTESIAN_POINT('',(11.8690266447076,45.9999999999999,20.));
#10590=CARTESIAN_POINT('',(3.25707993412294,45.9999999999999,20.0000104711688));
#10591=CARTESIAN_POINT('Origin',(19.7380532894152,47.9999999999999,15.));
#10592=CARTESIAN_POINT('',(29.2999999999999,47.9999999999992,12.9950104711688));
#10593=CARTESIAN_POINT('',(29.2999999999999,47.9999999999992,18.2450104711688));
#10594=CARTESIAN_POINT('',(26.2999999999999,47.9999999999992,9.99501047116883));
#10595=CARTESIAN_POINT('Origin',(26.2999999999999,47.9999999999992,12.9950104711688));
#10596=CARTESIAN_POINT('',(23.2999998406592,47.9999999999999,9.99501047116883));
#10597=CARTESIAN_POINT('',(17.1690266447076,47.9999999999991,9.99501047116883));
#10598=CARTESIAN_POINT('',(23.2999998406592,48.0000000000002,10.));
#10599=CARTESIAN_POINT('',(23.2999999999999,47.9999999999999,15.0000025598856));
#10600=CARTESIAN_POINT('',(3.99999999999993,47.9999999999999,10.));
#10601=CARTESIAN_POINT('',(29.8690266447076,47.9999999999999,10.));
#10602=CARTESIAN_POINT('',(2.99999999999993,47.9999999999999,10.));
#10603=CARTESIAN_POINT('',(11.8690266447076,47.9999999999999,10.));
#10604=CARTESIAN_POINT('',(2.99999999999993,47.9999999999999,22.4999948802289));
#10605=CARTESIAN_POINT('',(25.2999999999999,47.9999999999992,13.3950104711688));
#10606=CARTESIAN_POINT('Origin',(25.2999999999999,47.9999999999992,14.9950104711688));
#10607=CARTESIAN_POINT('Origin',(29.2999999999999,47.9999999999992,21.4950104711688));
#10608=CARTESIAN_POINT('',(29.2999999999999,45.9999999999992,12.9950104711688));
#10609=CARTESIAN_POINT('',(29.2999999999999,45.9999999999999,18.9950104711688));
#10610=CARTESIAN_POINT('',(29.2999999999999,47.9999999999992,12.9950104711688));
#10611=CARTESIAN_POINT('Origin',(-7.105427357601E-14,69.9999999999999,29.9999897604577));
#10612=CARTESIAN_POINT('',(-7.105427357601E-14,55.4999999999999,21.));
#10613=CARTESIAN_POINT('Origin',(-7.105427357601E-14,54.4999999999999,21.));
#10614=CARTESIAN_POINT('',(-7.105427357601E-14,55.4999999999999,21.9950102395423));
#10615=CARTESIAN_POINT('',(-7.105427357601E-14,55.4999999999999,13.7450102594992));
#10616=CARTESIAN_POINT('',(-7.105427357601E-14,53.9999999999999,21.9950102395423));
#10617=CARTESIAN_POINT('',(-7.105427357601E-14,64.9499999999999,21.9950102395423));
#10618=CARTESIAN_POINT('',(-7.105427357601E-14,52.9999999999999,22.9950102395423));
#10619=CARTESIAN_POINT('Origin',(-7.105427357601E-14,53.9999999999999,22.9950102395423));
#10620=CARTESIAN_POINT('',(-7.105427357601E-14,52.9999999999999,31.0000102395423));
#10621=CARTESIAN_POINT('',(-7.105427357601E-14,52.9999999999999,10.4950102395423));
#10622=CARTESIAN_POINT('',(-7.105427357601E-14,53.9999999999999,32.0000102395423));
#10623=CARTESIAN_POINT('Origin',(-7.105427357601E-14,53.9999999999999,31.0000102395423));
#10624=CARTESIAN_POINT('',(-7.105427357601E-14,65.4999999001042,32.0000102395423));
#10625=CARTESIAN_POINT('',(-7.105427357601E-14,63.9999999999997,32.0000102395423));
#10626=CARTESIAN_POINT('',(-7.105427357601E-14,66.4999999001042,31.0000102395423));
#10627=CARTESIAN_POINT('Origin',(-7.105427357601E-14,65.4999999001042,31.0000102395423));
#10628=CARTESIAN_POINT('',(-7.105427357601E-14,66.4999999001042,22.9999999173851));
#10629=CARTESIAN_POINT('',(-7.105427357601E-14,66.4999999001042,31.9950102395423));
#10630=CARTESIAN_POINT('',(-7.105427357601E-14,65.4999999001042,21.9999999173851));
#10631=CARTESIAN_POINT('Origin',(-6.9111383282916E-14,65.4999999001042,
22.9999999173851));
#10632=CARTESIAN_POINT('',(-1.03288386177347E-8,63.9999999001042,21.9999999173851));
#10633=CARTESIAN_POINT('',(-7.105427357601E-14,67.9999999500521,21.9999999173851));
#10634=CARTESIAN_POINT('',(-7.105427357601E-14,63.9999999001042,20.9999999173851));
#10635=CARTESIAN_POINT('',(-7.105427357601E-14,63.9999999001042,25.4999948389214));
#10636=CARTESIAN_POINT('',(-7.105427357601E-14,64.9999999001042,19.9999999173851));
#10637=CARTESIAN_POINT('Origin',(-7.18869408444789E-14,64.9999999001042,
20.9999999173851));
#10638=CARTESIAN_POINT('',(-7.105427357601E-14,66.9999999999999,19.9999999173851));
#10639=CARTESIAN_POINT('',(-7.105427357601E-14,67.9999999500521,19.9999999173851));
#10640=CARTESIAN_POINT('',(-7.105427357601E-14,66.9999999999999,9.99999976837347));
#10641=CARTESIAN_POINT('',(-7.105427357601E-14,66.9999999999999,29.9999948802289));
#10642=CARTESIAN_POINT('',(-7.105427357601E-14,64.9999999001042,9.99999976837347));
#10643=CARTESIAN_POINT('',(-7.105427357601E-14,69.4999999500521,9.99999976837347));
#10644=CARTESIAN_POINT('',(-7.105427357601E-14,63.9999999001042,8.99999976837348));
#10645=CARTESIAN_POINT('Origin',(-7.24420523567915E-14,64.9999999001042,
8.99999976837348));
#10646=CARTESIAN_POINT('',(-1.0328831401285E-8,63.9999999001042,7.99999976837348));
#10647=CARTESIAN_POINT('',(-7.105427357601E-14,63.9999999001042,19.4999947644156));
#10648=CARTESIAN_POINT('',(-7.105427357601E-14,65.4999999001042,7.99999976837348));
#10649=CARTESIAN_POINT('',(-7.105427357601E-14,67.9999999500521,7.99999976837348));
#10650=CARTESIAN_POINT('',(-7.105427357601E-14,66.4999999001042,6.99999976837348));
#10651=CARTESIAN_POINT('Origin',(-6.45317133063372E-14,65.4999999001042,
6.99999976837348));
#10652=CARTESIAN_POINT('',(-7.105427357601E-14,66.4999999001042,-0.999999999999994));
#10653=CARTESIAN_POINT('',(-7.105427357601E-14,66.4999999001042,16.9999947644156));
#10654=CARTESIAN_POINT('',(-7.105427357601E-14,65.4999999001042,-1.99999999999999));
#10655=CARTESIAN_POINT('Origin',(-7.105427357601E-14,65.4999999001042,-0.999999999999994));
#10656=CARTESIAN_POINT('',(-7.105427357601E-14,53.9999999999999,-1.99999999999999));
#10657=CARTESIAN_POINT('',(-7.105427357601E-14,63.9999999999997,-1.99999999999999));
#10658=CARTESIAN_POINT('',(-7.105427357601E-14,52.9999999999999,-0.999999999999994));
#10659=CARTESIAN_POINT('Origin',(-7.105427357601E-14,53.9999999999999,-0.999999999999994));
#10660=CARTESIAN_POINT('',(-7.105427357601E-14,52.9999999999999,7.00000000000001));
#10661=CARTESIAN_POINT('',(-7.105427357601E-14,52.9999999999999,-2.00001023954229));
#10662=CARTESIAN_POINT('',(-7.105427357601E-14,53.9999999999999,8.00000000000001));
#10663=CARTESIAN_POINT('Origin',(-7.105427357601E-14,53.9999999999999,7.00000000000001));
#10664=CARTESIAN_POINT('',(-7.105427357601E-14,55.4999999999999,8.00000000000001));
#10665=CARTESIAN_POINT('',(-7.105427357601E-14,54.9999999999999,8.00000000000001));
#10666=CARTESIAN_POINT('',(-7.105427357601E-14,55.4999999999999,9.00000000000001));
#10667=CARTESIAN_POINT('',(-7.105427357601E-14,55.4999999999999,18.2499948802289));
#10668=CARTESIAN_POINT('',(-7.105427357601E-14,54.4999999999999,10.));
#10669=CARTESIAN_POINT('Origin',(-7.105427357601E-14,54.4999999999999,9.00000000000001));
#10670=CARTESIAN_POINT('',(-7.105427357601E-14,48.9999999999999,10.));
#10671=CARTESIAN_POINT('',(-7.105427357601E-14,49.9999999999999,10.));
#10672=CARTESIAN_POINT('',(-7.105427357601E-14,48.9999999999999,22.4999948802289));
#10673=CARTESIAN_POINT('',(-7.105427357601E-14,60.3999999999999,26.9950102395423));
#10674=CARTESIAN_POINT('Origin',(-7.105427357601E-14,61.9999999999999,26.9950102395423));
#10675=CARTESIAN_POINT('',(-7.105427357601E-14,60.3999999999999,3.00000000000001));
#10676=CARTESIAN_POINT('Origin',(-7.105427357601E-14,61.9999999999999,3.00000000000001));
#10677=CARTESIAN_POINT('Origin',(23.2999999999999,58.0000103513972,15.0000051197712));
#10678=CARTESIAN_POINT('',(23.2999998406593,46.0000000000002,10.));
#10679=CARTESIAN_POINT('',(23.2999999999999,52.0000051756987,10.));
#10680=CARTESIAN_POINT('',(23.2999998406593,45.9999999999999,9.99501047116883));
#10681=CARTESIAN_POINT('',(23.2999998406595,40.5499999999994,9.99501047116883));
#10682=CARTESIAN_POINT('',(23.2999999999999,45.9999999999999,15.0000025598856));
#10683=CARTESIAN_POINT('Origin',(27.2999999999999,47.9999999999992,9.99501047116883));
#10684=CARTESIAN_POINT('',(26.2999999999999,45.9999999999992,9.99501047116883));
#10685=CARTESIAN_POINT('',(26.2999999999999,47.9999999999992,9.99501047116883));
#10686=CARTESIAN_POINT('',(17.1690266447076,45.9999999999991,9.99501047116883));
#10687=CARTESIAN_POINT('Origin',(25.2999999999999,50.4999999999992,14.9950104711688));
#10688=CARTESIAN_POINT('',(25.2999999999999,45.9999999999992,13.3950104711688));
#10689=CARTESIAN_POINT('Origin',(25.2999999999999,45.9999999999992,14.9950104711688));
#10690=CARTESIAN_POINT('',(25.2999999999999,50.4999999999992,13.3950104711688));
#10691=CARTESIAN_POINT('Origin',(26.2999999999999,47.9999999999992,12.9950104711688));
#10692=CARTESIAN_POINT('Origin',(26.2999999999999,45.9999999999992,12.9950104711688));
#10693=CARTESIAN_POINT('Origin',(19.7380532894152,45.9999999999999,15.));
#10694=CARTESIAN_POINT('',(2.99999999999993,45.9999999999999,10.));
#10695=CARTESIAN_POINT('',(2.99999999999993,45.9999999999999,22.4999948802289));
#10696=CARTESIAN_POINT('',(3.99999999999993,45.9999999999999,10.));
#10697=CARTESIAN_POINT('',(11.8690266447076,45.9999999999999,10.));
#10698=CARTESIAN_POINT('',(17.9999998406593,45.9999999999999,10.));
#10699=CARTESIAN_POINT('Origin',(3.99999999999993,47.9999999999999,10.));
#10700=CARTESIAN_POINT('',(3.99999999999993,47.5599999999999,10.));
#10701=CARTESIAN_POINT('Origin',(2.99999999999993,48.9999999999999,22.4999948802289));
#10702=CARTESIAN_POINT('Origin',(2.99999999999993,48.9999999999999,10.));
#10703=CARTESIAN_POINT('Origin',(2.99999999999993,48.9999999999999,22.4999948802289));
#10704=CARTESIAN_POINT('',(1.99999999999993,48.9999999999999,10.));
#10705=CARTESIAN_POINT('Origin',(2.99999999999993,48.9999999999999,10.));
#10706=CARTESIAN_POINT('',(1.99999999999993,48.9999999999999,22.4999948802289));
#10707=CARTESIAN_POINT('Origin',(6.99999999999993,53.9999999999999,22.9950102395423));
#10708=CARTESIAN_POINT('',(1.99999999999993,53.9999999999999,21.9950102395423));
#10709=CARTESIAN_POINT('',(1.99999999999993,52.9999999999999,22.9950102395423));
#10710=CARTESIAN_POINT('Origin',(1.99999999999993,53.9999999999999,22.9950102395423));
#10711=CARTESIAN_POINT('',(6.99999999999993,52.9999999999999,22.9950102395423));
#10712=CARTESIAN_POINT('',(6.99999999999993,53.9999999999999,21.9950102395423));
#10713=CARTESIAN_POINT('Origin',(6.99999999999993,53.9999999999999,7.00000000000001));
#10714=CARTESIAN_POINT('',(1.99999999999993,52.9999999999999,7.00000000000001));
#10715=CARTESIAN_POINT('',(6.99999999999993,52.9999999999999,7.00000000000001));
#10716=CARTESIAN_POINT('',(1.99999999999993,53.9999999999999,8.00000000000001));
#10717=CARTESIAN_POINT('Origin',(1.99999999999993,53.9999999999999,7.00000000000001));
#10718=CARTESIAN_POINT('',(6.99999999999993,53.9999999999999,8.00000000000001));
#10719=CARTESIAN_POINT('Origin',(0.999999999999929,61.9999999999999,26.9950102395423));
#10720=CARTESIAN_POINT('',(1.99999999999993,60.3999999999999,26.9950102395423));
#10721=CARTESIAN_POINT('Origin',(1.99999999999993,61.9999999999999,26.9950102395423));
#10722=CARTESIAN_POINT('',(0.999999999999929,60.3999999999999,26.9950102395423));
#10723=CARTESIAN_POINT('Origin',(0.999999999999929,61.9999999999999,3.00000000000001));
#10724=CARTESIAN_POINT('',(1.99999999999993,60.3999999999999,3.00000000000001));
#10725=CARTESIAN_POINT('Origin',(1.99999999999993,61.9999999999999,3.00000000000001));
#10726=CARTESIAN_POINT('',(0.999999999999929,60.3999999999999,3.00000000000001));
#10727=CARTESIAN_POINT('Origin',(11.9999999999999,52.9999999999999,8.9999897604577));
#10728=CARTESIAN_POINT('',(1.99999999999993,52.9999999999999,-0.999999999999992));
#10729=CARTESIAN_POINT('',(11.9999999999999,52.9999999999999,-0.999999999999994));
#10730=CARTESIAN_POINT('',(1.99999999999993,52.9999999999999,19.4999897604577));
#10731=CARTESIAN_POINT('Origin',(11.9999999999999,53.9999999999999,-0.999999999999994));
#10732=CARTESIAN_POINT('',(1.99999999999993,53.9999999999999,-1.99999999999999));
#10733=CARTESIAN_POINT('',(11.9999999999999,53.9999999999999,-1.99999999999999));
#10734=CARTESIAN_POINT('Origin',(1.99999999999993,53.9999999999999,-0.999999999999994));
#10735=CARTESIAN_POINT('Origin',(11.9999999999999,41.9999999999999,-1.99999999999999));
#10736=CARTESIAN_POINT('',(1.99999999999993,65.4999999001042,-1.99999999999999));
#10737=CARTESIAN_POINT('',(6.49999999999993,65.4999999001042,-1.99999999999999));
#10738=CARTESIAN_POINT('',(1.99999999999993,63.9999999999997,-1.99999999999999));
#10739=CARTESIAN_POINT('Origin',(1.99999999999993,17.8999999999999,21.9950102395423));
#10740=CARTESIAN_POINT('',(1.99999999999993,55.4999999999999,21.9950102395423));
#10741=CARTESIAN_POINT('',(1.99999999999993,55.4999999999999,21.9950102395423));
#10742=CARTESIAN_POINT('',(1.99999999999993,54.9999999999999,21.9950102395423));
#10743=CARTESIAN_POINT('Origin',(1.99999999999993,17.8999999999999,8.00000000000001));
#10744=CARTESIAN_POINT('',(1.99999999999993,55.4999999999999,8.00000000000001));
#10745=CARTESIAN_POINT('',(1.99999999999993,55.4999999999999,8.00000000000001));
#10746=CARTESIAN_POINT('',(1.99999999999993,64.9499999999999,8.00000000000001));
#10747=CARTESIAN_POINT('Origin',(0.999999989671169,65.9999999001042,7.99999976837348));
#10748=CARTESIAN_POINT('',(1.99999999999993,65.4999999001042,7.99999976837348));
#10749=CARTESIAN_POINT('',(0.999999994835547,65.4999999001042,7.99999976837348));
#10750=CARTESIAN_POINT('',(1.99999998967117,63.9999999001042,7.99999976837348));
#10751=CARTESIAN_POINT('',(0.999999989671169,63.9999999001042,7.99999976837348));
#10752=CARTESIAN_POINT('',(1.99999999999993,67.9999999500521,7.99999976837348));
#10753=CARTESIAN_POINT('Origin',(0.999999994835547,65.4999999001042,6.99999976837348));
#10754=CARTESIAN_POINT('',(1.99999999999993,66.4999999001042,6.99999976837348));
#10755=CARTESIAN_POINT('Origin',(1.99999999999994,65.4999999001042,6.99999976837348));
#10756=CARTESIAN_POINT('',(0.999999994835547,66.4999999001042,6.99999976837348));
#10757=CARTESIAN_POINT('Origin',(0.999999999999926,66.4999999001042,3.99999976837347));
#10758=CARTESIAN_POINT('',(1.99999999999993,66.4999999001042,-0.999999999999994));
#10759=CARTESIAN_POINT('',(6.49999999999993,66.4999999001042,-0.999999999999994));
#10760=CARTESIAN_POINT('',(1.99999999999993,66.4999999001042,16.9999947644156));
#10761=CARTESIAN_POINT('Origin',(6.49999999999993,65.4999999001042,-0.999999999999994));
#10762=CARTESIAN_POINT('Origin',(1.99999999999993,65.4999999001042,-0.999999999999994));
#10763=CARTESIAN_POINT('Origin',(0.999999989671162,65.9999999001042,21.9999999173851));
#10764=CARTESIAN_POINT('',(1.99999998967116,65.4999999001042,21.9999999173851));
#10765=CARTESIAN_POINT('',(0.999999994835546,65.4999999001042,21.9999999173851));
#10766=CARTESIAN_POINT('',(1.99999998967116,63.9999999001042,21.9999999173851));
#10767=CARTESIAN_POINT('',(1.99999998967116,65.9999999001042,21.9999999173851));
#10768=CARTESIAN_POINT('',(0.999999989671161,63.9999999001042,21.9999999173851));
#10769=CARTESIAN_POINT('Origin',(0.999999994835546,65.4999999001042,22.9999999173851));
#10770=CARTESIAN_POINT('',(1.99999999999993,66.4999999001042,22.9999999173851));
#10771=CARTESIAN_POINT('',(0.999999994835546,66.4999999001042,22.9999999173851));
#10772=CARTESIAN_POINT('Origin',(1.99999999999993,65.4999999001042,22.9999999173851));
#10773=CARTESIAN_POINT('Origin',(0.999999989671162,63.9999999001042,20.9999999173851));
#10774=CARTESIAN_POINT('',(1.99999999999993,63.9999999001042,20.9999999173851));
#10775=CARTESIAN_POINT('',(0.999999994835545,63.9999999001042,20.9999999173851));
#10776=CARTESIAN_POINT('',(1.99999999999993,63.9999999001042,25.4999948389214));
#10777=CARTESIAN_POINT('Origin',(0.999999994835545,64.9999999001042,20.9999999173851));
#10778=CARTESIAN_POINT('',(1.99999999999993,64.9999999001042,19.9999999173851));
#10779=CARTESIAN_POINT('Origin',(1.99999999999993,64.9999999001042,20.9999999173851));
#10780=CARTESIAN_POINT('',(0.999999994835545,64.9999999001042,19.9999999173851));
#10781=CARTESIAN_POINT('Origin',(0.999999989671168,63.9999999001042,8.99999976837348));
#10782=CARTESIAN_POINT('',(1.99999999999993,63.9999999001042,8.99999976837348));
#10783=CARTESIAN_POINT('',(0.999999994835547,63.9999999001042,8.99999976837348));
#10784=CARTESIAN_POINT('',(1.99999999999993,63.9999999001042,19.4999947644156));
#10785=CARTESIAN_POINT('Origin',(0.999999994835547,64.9999999001042,8.99999976837348));
#10786=CARTESIAN_POINT('',(1.99999999999993,64.9999999001042,9.99999976837348));
#10787=CARTESIAN_POINT('Origin',(1.99999999999993,64.9999999001042,8.99999976837348));
#10788=CARTESIAN_POINT('',(0.999999994835547,64.9999999001042,9.99999976837348));
#10789=CARTESIAN_POINT('Origin',(1.99999999999993,69.9999999999999,29.9999897604577));
#10790=CARTESIAN_POINT('',(1.99999999999993,54.4999999999999,10.));
#10791=CARTESIAN_POINT('',(1.99999999999993,63.4499999999999,10.));
#10792=CARTESIAN_POINT('',(1.99999999999993,55.4999999999999,9.00000000000001));
#10793=CARTESIAN_POINT('Origin',(1.99999999999993,54.4999999999999,9.00000000000001));
#10794=CARTESIAN_POINT('',(1.99999999999993,55.4999999999999,18.2499948802289));
#10795=CARTESIAN_POINT('',(1.99999999999993,66.9999999999999,9.99999976837347));
#10796=CARTESIAN_POINT('',(1.99999999999993,69.4999999500521,9.99999976837347));
#10797=CARTESIAN_POINT('',(1.99999999999993,66.9999999999999,19.9999999173851));
#10798=CARTESIAN_POINT('',(1.99999999999993,66.9999999999999,29.9999948802289));
#10799=CARTESIAN_POINT('',(1.99999999999993,68.9999999001042,19.9999999173851));
#10800=CARTESIAN_POINT('',(1.99999999999993,66.4999999001042,31.0000102395423));
#10801=CARTESIAN_POINT('',(1.99999999999993,66.4999999001042,27.9999948389214));
#10802=CARTESIAN_POINT('',(1.99999999999993,65.4999999001042,32.0000102395423));
#10803=CARTESIAN_POINT('Origin',(1.99999999999993,65.4999999001042,31.0000102395423));
#10804=CARTESIAN_POINT('',(1.99999999999993,53.9999999999999,32.0000102395423));
#10805=CARTESIAN_POINT('',(1.99999999999993,63.9999999999997,32.0000102395423));
#10806=CARTESIAN_POINT('',(1.99999999999993,52.9999999999999,31.0000102395423));
#10807=CARTESIAN_POINT('Origin',(1.99999999999993,53.9999999999999,31.0000102395423));
#10808=CARTESIAN_POINT('',(1.99999999999993,52.9999999999999,10.4950102395423));
#10809=CARTESIAN_POINT('',(1.99999999999993,55.4999999999999,21.));
#10810=CARTESIAN_POINT('',(1.99999999999993,55.4999999999999,10.7450102395423));
#10811=CARTESIAN_POINT('Origin',(1.99999999999993,54.4999999999999,21.));
#10812=CARTESIAN_POINT('Origin',(2.99999999999993,66.9999999999999,29.9999948802289));
#10813=CARTESIAN_POINT('',(2.99999999999993,67.9999999999999,10.0000104711688));
#10814=CARTESIAN_POINT('Origin',(2.99999999999993,66.9999999999999,9.99999976837348));
#10815=CARTESIAN_POINT('',(2.99999999999993,67.9999999999999,20.0000104711688));
#10816=CARTESIAN_POINT('',(2.99999999999993,67.9999999999999,29.9999948802289));
#10817=CARTESIAN_POINT('Origin',(2.99999999999993,66.9999999999999,19.9999999173851));
#10818=CARTESIAN_POINT('Origin',(42.9999999999999,69.9999999999999,30.));
#10819=CARTESIAN_POINT('',(2.99999999999993,69.9999999999999,10.0000104711688));
#10820=CARTESIAN_POINT('',(17.9999999999999,69.9999999999999,10.0000104711688));
#10821=CARTESIAN_POINT('',(27.4999999999999,69.9999999999999,10.0000104711688));
#10822=CARTESIAN_POINT('',(2.99999999999993,69.9999999999999,20.0000104711688));
#10823=CARTESIAN_POINT('',(2.99999999999993,69.9999999999999,29.9999948802289));
#10824=CARTESIAN_POINT('',(17.9999999999999,69.9999999999999,20.0000104711688));
#10825=CARTESIAN_POINT('',(13.4999999999999,69.9999999999999,20.0000104711688));
#10826=CARTESIAN_POINT('',(22.9999999999999,69.9999999999999,20.0000104711688));
#10827=CARTESIAN_POINT('',(17.9999999999999,69.9999999999999,20.0000104711688));
#10828=CARTESIAN_POINT('',(23.2999999999999,69.9999999999999,20.0000104711688));
#10829=CARTESIAN_POINT('',(22.9999999999999,69.9999999999999,20.0000104711688));
#10830=CARTESIAN_POINT('',(18.7999999999999,69.9999999999999,20.0000104711688));
#10831=CARTESIAN_POINT('',(23.2999999999999,69.9999999999999,10.0000104711688));
#10832=CARTESIAN_POINT('',(32.7999999999999,69.9999999999999,10.0000104711688));
#10833=CARTESIAN_POINT('',(22.9999999999999,69.9999999999999,10.0000104711688));
#10834=CARTESIAN_POINT('',(22.9999999999999,69.9999999999999,10.0000104711688));
#10835=CARTESIAN_POINT('',(17.9999999999999,69.9999999999999,10.0000104711688));
#10836=CARTESIAN_POINT('Origin',(0.999999999999926,68.9999999001042,9.99999976837348));
#10837=CARTESIAN_POINT('',(17.9999999999999,67.9999999999999,10.0000104711688));
#10838=CARTESIAN_POINT('',(27.4999999999999,67.9999999999999,10.0000104711688));
#10839=CARTESIAN_POINT('Origin',(2.99999999999993,66.9999999999999,9.99999976837348));
#10840=CARTESIAN_POINT('',(23.2999999999999,67.9999999999999,10.0000104711688));
#10841=CARTESIAN_POINT('',(32.7999999999999,67.9999999999999,10.0000104711688));
#10842=CARTESIAN_POINT('',(22.9999999999999,67.9999999999999,10.0000104711688));
#10843=CARTESIAN_POINT('',(22.9999999999999,67.9999999999999,10.0000104711688));
#10844=CARTESIAN_POINT('',(17.9999999999999,67.9999999999999,10.0000104711688));
#10845=CARTESIAN_POINT('Origin',(2.99999999999993,66.9999999999999,29.9999948802289));
#10846=CARTESIAN_POINT('Origin',(2.99999999999993,66.9999999999999,19.9999999173851));
#10847=CARTESIAN_POINT('Origin',(3.99999999999993,47.9999999999999,10.));
#10848=CARTESIAN_POINT('',(2.99999999999993,54.4999999999999,10.));
#10849=CARTESIAN_POINT('Origin',(1.99999999999993,55.4999999999999,6.50000000000001));
#10850=CARTESIAN_POINT('',(2.99999999999993,55.4999999999999,9.00000000000001));
#10851=CARTESIAN_POINT('Origin',(2.99999999999993,54.4999999999999,9.00000000000001));
#10852=CARTESIAN_POINT('Origin',(1.99999999999993,55.4999999999999,23.4950102395423));
#10853=CARTESIAN_POINT('',(2.99999999999993,55.4999999999999,21.));
#10854=CARTESIAN_POINT('Origin',(2.99999999999993,54.4999999999999,21.));
#10855=CARTESIAN_POINT('Origin',(11.9999999999999,41.9999999999999,32.0000102395423));
#10856=CARTESIAN_POINT('',(11.9999999999999,53.9999999999999,32.0000102395423));
#10857=CARTESIAN_POINT('',(6.49999999999993,65.4999999001042,32.0000102395423));
#10858=CARTESIAN_POINT('Origin',(0.99999999999993,66.4999999001042,25.9999999173851));
#10859=CARTESIAN_POINT('',(6.49999999999993,66.4999999001042,31.0000102395423));
#10860=CARTESIAN_POINT('Origin',(6.49999999999993,65.4999999001042,31.0000102395423));
#10861=CARTESIAN_POINT('Origin',(11.9999999999999,52.9999999999999,20.9950102395423));
#10862=CARTESIAN_POINT('',(11.9999999999999,52.9999999999999,31.0000102395423));
#10863=CARTESIAN_POINT('Origin',(11.9999999999999,53.9999999999999,31.0000102395423));
#10864=CARTESIAN_POINT('Origin',(0.999999999999929,68.9999999001042,19.9999999173851));
#10865=CARTESIAN_POINT('',(17.9999999999999,67.9999999999999,20.0000104711688));
#10866=CARTESIAN_POINT('',(13.4999999999999,67.9999999999999,20.0000104711688));
#10867=CARTESIAN_POINT('',(22.9999999999999,67.9999999999999,20.0000104711688));
#10868=CARTESIAN_POINT('',(17.9999999999999,67.9999999999999,20.0000104711688));
#10869=CARTESIAN_POINT('',(23.2999999999999,67.9999999999999,20.0000104711688));
#10870=CARTESIAN_POINT('',(22.9999999999999,67.9999999999999,20.0000104711688));
#10871=CARTESIAN_POINT('',(18.7999999999999,67.9999999999999,20.0000104711688));
#10872=CARTESIAN_POINT('Origin',(42.9999999999999,67.9999999999999,30.));
#10873=CARTESIAN_POINT('',(6.35435452883312,-8.4821039081362E-13,-6.30384740300721));
#10874=CARTESIAN_POINT('',(40.000000372529,-32.9999999999999,-49.300000089407));
#10875=CARTESIAN_POINT('',(0.,0.,0.));
#10876=CARTESIAN_POINT('',(0.,0.,0.));
#10877=CARTESIAN_POINT('Origin',(0.,0.,-0.25));
#10878=CARTESIAN_POINT('',(-1.6,-1.95943487863577E-16,-0.25));
#10879=CARTESIAN_POINT('Origin',(0.,0.,-0.25));
#10880=CARTESIAN_POINT('',(-1.6,-1.95943487863577E-16,0.25));
#10881=CARTESIAN_POINT('',(-1.6,-1.95943487863577E-16,-0.25));
#10882=CARTESIAN_POINT('Origin',(0.,0.,0.25));
#10883=CARTESIAN_POINT('Origin',(0.,0.,-0.25));
#10884=CARTESIAN_POINT('',(-3.5,-4.28626379701574E-16,0.25));
#10885=CARTESIAN_POINT('Origin',(0.,0.,0.25));
#10886=CARTESIAN_POINT('',(-3.5,-4.28626379701574E-16,-0.25));
#10887=CARTESIAN_POINT('',(-3.5,-4.28626379701574E-16,-0.25));
#10888=CARTESIAN_POINT('Origin',(0.,0.,-0.25));
#10889=CARTESIAN_POINT('Origin',(0.,0.,-0.25));
#10890=CARTESIAN_POINT('Origin',(0.,0.,0.25));
#10891=CARTESIAN_POINT('',(0.,0.,0.));
#10892=CARTESIAN_POINT('Origin',(0.240556101909037,1.63237028943629,0.375));
#10893=CARTESIAN_POINT('',(0.490556101909037,1.6323702894363,0.0448716786215086));
#10894=CARTESIAN_POINT('',(0.204108207680395,1.38504145770352,0.125));
#10895=CARTESIAN_POINT('Ctrl Pts',(0.204108207680395,1.38504145770352,0.125));
#10896=CARTESIAN_POINT('Ctrl Pts',(0.231967493309159,1.38093594243153,0.125));
#10897=CARTESIAN_POINT('Ctrl Pts',(0.262525695638002,1.38155226243077,0.123417244649073));
#10898=CARTESIAN_POINT('Ctrl Pts',(0.321055371795625,1.39380080656228,0.117097241338818));
#10899=CARTESIAN_POINT('Ctrl Pts',(0.349027059289506,1.40543612774464,0.112367977307096));
#10900=CARTESIAN_POINT('Ctrl Pts',(0.396968893291539,1.43523149838418,0.101582396193644));
#10901=CARTESIAN_POINT('Ctrl Pts',(0.420227161654288,1.45589333211461,0.0946597016314279));
#10902=CARTESIAN_POINT('Ctrl Pts',(0.457330913725387,1.50416598403935,0.0797079499004347));
#10903=CARTESIAN_POINT('Ctrl Pts',(0.471174310696874,1.53177937836765,0.0716820319132296));
#10904=CARTESIAN_POINT('Ctrl Pts',(0.479507098028592,1.55886912309539,0.0642235149921027));
#10905=CARTESIAN_POINT('Ctrl Pts',(0.486582615228292,1.5818715047867,0.0578903562711527));
#10906=CARTESIAN_POINT('Ctrl Pts',(0.490556101909037,1.60696649989835,0.051274033447444));
#10907=CARTESIAN_POINT('Ctrl Pts',(0.490556101909037,1.63237028943629,0.0448716786215076));
#10908=CARTESIAN_POINT('',(0.490556101909037,1.6323702894363,0.294871678621505));
#10909=CARTESIAN_POINT('',(0.490556101909037,1.6323702894363,-0.375));
#10910=CARTESIAN_POINT('',(0.204108207680395,1.38504145770352,0.375));
#10911=CARTESIAN_POINT('Ctrl Pts',(0.490556101909037,1.63237028943629,0.294871678621508));
#10912=CARTESIAN_POINT('Ctrl Pts',(0.490556101909037,1.60696649989835,0.301274033447444));
#10913=CARTESIAN_POINT('Ctrl Pts',(0.486582615228292,1.5818715047867,0.307890356271153));
#10914=CARTESIAN_POINT('Ctrl Pts',(0.479507098028592,1.55886912309539,0.314223514992103));
#10915=CARTESIAN_POINT('Ctrl Pts',(0.471174310696874,1.53177937836765,0.32168203191323));
#10916=CARTESIAN_POINT('Ctrl Pts',(0.457330913725387,1.50416598403935,0.329707949900435));
#10917=CARTESIAN_POINT('Ctrl Pts',(0.420227161654289,1.45589333211461,0.344659701631428));
#10918=CARTESIAN_POINT('Ctrl Pts',(0.396968893291539,1.43523149838418,0.351582396193644));
#10919=CARTESIAN_POINT('Ctrl Pts',(0.349027059289506,1.40543612774464,0.362367977307096));
#10920=CARTESIAN_POINT('Ctrl Pts',(0.321055371795624,1.39380080656228,0.367097241338819));
#10921=CARTESIAN_POINT('Ctrl Pts',(0.262525695638001,1.38155226243077,0.373417244649073));
#10922=CARTESIAN_POINT('Ctrl Pts',(0.231967493309159,1.38093594243153,0.375));
#10923=CARTESIAN_POINT('Ctrl Pts',(0.204108207680395,1.38504145770352,0.375));
#10924=CARTESIAN_POINT('',(0.204108207680395,1.38504145770352,0.375));
#10925=CARTESIAN_POINT('Origin',(1.63237028943629,-0.240556101909054,0.375));
#10926=CARTESIAN_POINT('',(1.63237028943629,-0.490556101909054,0.0448716786215086));
#10927=CARTESIAN_POINT('',(1.38504145770352,-0.20410820768041,0.125));
#10928=CARTESIAN_POINT('Ctrl Pts',(1.38504145770352,-0.20410820768041,0.125));
#10929=CARTESIAN_POINT('Ctrl Pts',(1.38093594243153,-0.231967493309173,
0.125));
#10930=CARTESIAN_POINT('Ctrl Pts',(1.38155226243077,-0.262525695638016,
0.123417244649073));
#10931=CARTESIAN_POINT('Ctrl Pts',(1.39380080656228,-0.321055371795639,
0.117097241338818));
#10932=CARTESIAN_POINT('Ctrl Pts',(1.40543612774464,-0.349027059289521,
0.112367977307096));
#10933=CARTESIAN_POINT('Ctrl Pts',(1.43523149838418,-0.396968893291554,
0.101582396193644));
#10934=CARTESIAN_POINT('Ctrl Pts',(1.45589333211461,-0.420227161654304,
0.0946597016314279));
#10935=CARTESIAN_POINT('Ctrl Pts',(1.50416598403935,-0.457330913725403,
0.0797079499004347));
#10936=CARTESIAN_POINT('Ctrl Pts',(1.53177937836765,-0.47117431069689,0.0716820319132295));
#10937=CARTESIAN_POINT('Ctrl Pts',(1.55886912309539,-0.479507098028608,
0.0642235149921026));
#10938=CARTESIAN_POINT('Ctrl Pts',(1.58187150478669,-0.486582615228308,
0.0578903562711526));
#10939=CARTESIAN_POINT('Ctrl Pts',(1.60696649989835,-0.490556101909053,
0.0512740334474441));
#10940=CARTESIAN_POINT('Ctrl Pts',(1.63237028943628,-0.490556101909054,
0.0448716786215077));
#10941=CARTESIAN_POINT('',(1.63237028943629,-0.490556101909054,0.294871678621505));
#10942=CARTESIAN_POINT('',(1.63237028943629,-0.490556101909054,-0.375));
#10943=CARTESIAN_POINT('',(1.38504145770352,-0.20410820768041,0.375));
#10944=CARTESIAN_POINT('Ctrl Pts',(1.63237028943628,-0.490556101909054,
0.294871678621508));
#10945=CARTESIAN_POINT('Ctrl Pts',(1.60696649989835,-0.490556101909054,
0.301274033447444));
#10946=CARTESIAN_POINT('Ctrl Pts',(1.58187150478669,-0.486582615228309,
0.307890356271153));
#10947=CARTESIAN_POINT('Ctrl Pts',(1.55886912309539,-0.479507098028608,
0.314223514992103));
#10948=CARTESIAN_POINT('Ctrl Pts',(1.53177937836765,-0.47117431069689,0.32168203191323));
#10949=CARTESIAN_POINT('Ctrl Pts',(1.50416598403935,-0.457330913725403,
0.329707949900435));
#10950=CARTESIAN_POINT('Ctrl Pts',(1.45589333211461,-0.420227161654304,
0.344659701631428));
#10951=CARTESIAN_POINT('Ctrl Pts',(1.43523149838418,-0.396968893291554,
0.351582396193644));
#10952=CARTESIAN_POINT('Ctrl Pts',(1.40543612774464,-0.349027059289521,
0.362367977307096));
#10953=CARTESIAN_POINT('Ctrl Pts',(1.39380080656228,-0.321055371795639,
0.367097241338819));
#10954=CARTESIAN_POINT('Ctrl Pts',(1.38155226243077,-0.262525695638016,
0.373417244649073));
#10955=CARTESIAN_POINT('Ctrl Pts',(1.38093594243153,-0.231967493309173,
0.375));
#10956=CARTESIAN_POINT('Ctrl Pts',(1.38504145770352,-0.20410820768041,0.375));
#10957=CARTESIAN_POINT('',(1.38504145770352,-0.20410820768041,0.375));
#10958=CARTESIAN_POINT('Origin',(-0.240556101909049,-1.63237028943629,0.375));
#10959=CARTESIAN_POINT('',(-0.490556101909049,-1.63237028943629,0.0448716786215086));
#10960=CARTESIAN_POINT('',(-0.204108207680405,-1.38504145770352,0.125));
#10961=CARTESIAN_POINT('Ctrl Pts',(-0.204108207680405,-1.38504145770352,
0.125));
#10962=CARTESIAN_POINT('Ctrl Pts',(-0.231967493309169,-1.38093594243153,
0.125));
#10963=CARTESIAN_POINT('Ctrl Pts',(-0.262525695638011,-1.38155226243077,
0.123417244649073));
#10964=CARTESIAN_POINT('Ctrl Pts',(-0.321055371795634,-1.39380080656228,
0.117097241338818));
#10965=CARTESIAN_POINT('Ctrl Pts',(-0.349027059289516,-1.40543612774464,
0.112367977307096));
#10966=CARTESIAN_POINT('Ctrl Pts',(-0.396968893291549,-1.43523149838418,
0.101582396193644));
#10967=CARTESIAN_POINT('Ctrl Pts',(-0.420227161654299,-1.45589333211461,
0.094659701631428));
#10968=CARTESIAN_POINT('Ctrl Pts',(-0.457330913725398,-1.50416598403935,
0.0797079499004347));
#10969=CARTESIAN_POINT('Ctrl Pts',(-0.471174310696885,-1.53177937836765,
0.0716820319132295));
#10970=CARTESIAN_POINT('Ctrl Pts',(-0.479507098028602,-1.55886912309539,
0.0642235149921026));
#10971=CARTESIAN_POINT('Ctrl Pts',(-0.486582615228303,-1.58187150478669,
0.0578903562711526));
#10972=CARTESIAN_POINT('Ctrl Pts',(-0.490556101909048,-1.60696649989835,
0.0512740334474441));
#10973=CARTESIAN_POINT('Ctrl Pts',(-0.490556101909049,-1.63237028943628,
0.0448716786215076));
#10974=CARTESIAN_POINT('',(-0.490556101909049,-1.63237028943629,0.294871678621505));
#10975=CARTESIAN_POINT('',(-0.490556101909049,-1.63237028943629,-0.375));
#10976=CARTESIAN_POINT('',(-0.204108207680405,-1.38504145770352,0.375));
#10977=CARTESIAN_POINT('Ctrl Pts',(-0.490556101909049,-1.63237028943629,
0.294871678621508));
#10978=CARTESIAN_POINT('Ctrl Pts',(-0.490556101909048,-1.60696649989835,
0.301274033447444));
#10979=CARTESIAN_POINT('Ctrl Pts',(-0.486582615228303,-1.58187150478669,
0.307890356271153));
#10980=CARTESIAN_POINT('Ctrl Pts',(-0.479507098028602,-1.55886912309539,
0.314223514992103));
#10981=CARTESIAN_POINT('Ctrl Pts',(-0.471174310696885,-1.53177937836765,
0.32168203191323));
#10982=CARTESIAN_POINT('Ctrl Pts',(-0.457330913725398,-1.50416598403935,
0.329707949900435));
#10983=CARTESIAN_POINT('Ctrl Pts',(-0.420227161654299,-1.45589333211461,
0.344659701631428));
#10984=CARTESIAN_POINT('Ctrl Pts',(-0.396968893291549,-1.43523149838418,
0.351582396193644));
#10985=CARTESIAN_POINT('Ctrl Pts',(-0.349027059289516,-1.40543612774464,
0.362367977307096));
#10986=CARTESIAN_POINT('Ctrl Pts',(-0.321055371795634,-1.39380080656228,
0.367097241338819));
#10987=CARTESIAN_POINT('Ctrl Pts',(-0.262525695638011,-1.38155226243077,
0.373417244649073));
#10988=CARTESIAN_POINT('Ctrl Pts',(-0.231967493309169,-1.38093594243153,
0.375));
#10989=CARTESIAN_POINT('Ctrl Pts',(-0.204108207680405,-1.38504145770352,
0.375));
#10990=CARTESIAN_POINT('',(-0.204108207680405,-1.38504145770352,0.375));
#10991=CARTESIAN_POINT('Origin',(-1.63237028943629,0.240556101909054,0.375));
#10992=CARTESIAN_POINT('',(-1.63237028943629,0.490556101909054,0.0448716786215086));
#10993=CARTESIAN_POINT('',(-1.38504145770352,0.20410820768041,0.125));
#10994=CARTESIAN_POINT('Ctrl Pts',(-1.38504145770352,0.20410820768041,0.125));
#10995=CARTESIAN_POINT('Ctrl Pts',(-1.38093594243153,0.231967493309173,
0.125));
#10996=CARTESIAN_POINT('Ctrl Pts',(-1.38155226243077,0.262525695638016,
0.123417244649073));
#10997=CARTESIAN_POINT('Ctrl Pts',(-1.39380080656228,0.321055371795639,
0.117097241338818));
#10998=CARTESIAN_POINT('Ctrl Pts',(-1.40543612774464,0.349027059289521,
0.112367977307096));
#10999=CARTESIAN_POINT('Ctrl Pts',(-1.43523149838418,0.396968893291554,
0.101582396193644));
#11000=CARTESIAN_POINT('Ctrl Pts',(-1.45589333211461,0.420227161654304,
0.0946597016314279));
#11001=CARTESIAN_POINT('Ctrl Pts',(-1.50416598403935,0.457330913725403,
0.0797079499004347));
#11002=CARTESIAN_POINT('Ctrl Pts',(-1.53177937836765,0.47117431069689,0.0716820319132295));
#11003=CARTESIAN_POINT('Ctrl Pts',(-1.55886912309539,0.479507098028608,
0.0642235149921026));
#11004=CARTESIAN_POINT('Ctrl Pts',(-1.58187150478669,0.486582615228308,
0.0578903562711526));
#11005=CARTESIAN_POINT('Ctrl Pts',(-1.60696649989835,0.490556101909053,
0.0512740334474441));
#11006=CARTESIAN_POINT('Ctrl Pts',(-1.63237028943628,0.490556101909054,
0.0448716786215077));
#11007=CARTESIAN_POINT('',(-1.63237028943629,0.490556101909054,0.294871678621505));
#11008=CARTESIAN_POINT('',(-1.63237028943629,0.490556101909054,-0.375));
#11009=CARTESIAN_POINT('',(-1.38504145770352,0.20410820768041,0.375));
#11010=CARTESIAN_POINT('Ctrl Pts',(-1.63237028943628,0.490556101909054,
0.294871678621508));
#11011=CARTESIAN_POINT('Ctrl Pts',(-1.60696649989835,0.490556101909054,
0.301274033447444));
#11012=CARTESIAN_POINT('Ctrl Pts',(-1.58187150478669,0.486582615228309,
0.307890356271153));
#11013=CARTESIAN_POINT('Ctrl Pts',(-1.55886912309539,0.479507098028608,
0.314223514992103));
#11014=CARTESIAN_POINT('Ctrl Pts',(-1.53177937836765,0.47117431069689,0.32168203191323));
#11015=CARTESIAN_POINT('Ctrl Pts',(-1.50416598403935,0.457330913725403,
0.329707949900435));
#11016=CARTESIAN_POINT('Ctrl Pts',(-1.45589333211461,0.420227161654304,
0.344659701631428));
#11017=CARTESIAN_POINT('Ctrl Pts',(-1.43523149838418,0.396968893291554,
0.351582396193644));
#11018=CARTESIAN_POINT('Ctrl Pts',(-1.40543612774464,0.349027059289521,
0.362367977307096));
#11019=CARTESIAN_POINT('Ctrl Pts',(-1.39380080656228,0.321055371795639,
0.367097241338819));
#11020=CARTESIAN_POINT('Ctrl Pts',(-1.38155226243077,0.262525695638016,
0.373417244649073));
#11021=CARTESIAN_POINT('Ctrl Pts',(-1.38093594243153,0.231967493309173,
0.375));
#11022=CARTESIAN_POINT('Ctrl Pts',(-1.38504145770352,0.20410820768041,0.375));
#11023=CARTESIAN_POINT('',(-1.38504145770352,0.20410820768041,0.375));
#11024=CARTESIAN_POINT('Origin',(0.,0.,0.375));
#11025=CARTESIAN_POINT('',(3.3,4.04133443718627E-16,-0.125));
#11026=CARTESIAN_POINT('',(-3.3,-4.04133443718627E-16,-0.125));
#11027=CARTESIAN_POINT('Origin',(0.,0.,-0.125));
#11028=CARTESIAN_POINT('Origin',(0.,0.,-0.125));
#11029=CARTESIAN_POINT('',(-4.,-4.89858719658941E-16,0.375));
#11030=CARTESIAN_POINT('',(-4.,-4.89858719658941E-16,0.375));
#11031=CARTESIAN_POINT('Origin',(0.,0.,0.375));
#11032=CARTESIAN_POINT('Origin',(0.,0.,-0.375));
#11033=CARTESIAN_POINT('',(-4.,-4.89858719658941E-16,0.125000000000002));
#11034=CARTESIAN_POINT('Origin',(0.,0.,0.125000000000002));
#11035=CARTESIAN_POINT('',(-3.3,-4.04133443718627E-16,-0.375));
#11036=CARTESIAN_POINT('',(-3.3,-4.04133443718627E-16,-0.375));
#11037=CARTESIAN_POINT('',(3.3,4.04133443718627E-16,-0.375));
#11038=CARTESIAN_POINT('Origin',(0.,0.,-0.375));
#11039=CARTESIAN_POINT('Origin',(0.,0.,-0.375));
#11040=CARTESIAN_POINT('Origin',(0.,0.,0.375));
#11041=CARTESIAN_POINT('',(-4.,-4.89858719658941E-16,0.375));
#11042=CARTESIAN_POINT('Origin',(0.,0.,0.375));
#11043=CARTESIAN_POINT('',(1.4,-1.71450551880629E-16,0.125));
#11044=CARTESIAN_POINT('Origin',(0.,0.,0.125));
#11045=CARTESIAN_POINT('',(1.4,-1.71450551880629E-16,0.375));
#11046=CARTESIAN_POINT('Origin',(0.,0.,0.375));
#11047=CARTESIAN_POINT('',(1.38504145770352,0.204108207680429,0.375));
#11048=CARTESIAN_POINT('Origin',(0.,0.,0.375));
#11049=CARTESIAN_POINT('',(1.38504145770352,0.204108207680429,0.125));
#11050=CARTESIAN_POINT('',(1.38504145770352,0.204108207680429,0.375));
#11051=CARTESIAN_POINT('Origin',(0.,0.,0.125));
#11052=CARTESIAN_POINT('Origin',(0.,0.,-0.125));
#11053=CARTESIAN_POINT('',(3.3,-4.04133443718627E-16,-0.125));
#11054=CARTESIAN_POINT('',(2.46621200628114,-0.490556101909052,0.0817033731563979));
#11055=CARTESIAN_POINT('Ctrl Pts',(1.63237028943612,-0.490556101909054,
0.294871678621549));
#11056=CARTESIAN_POINT('Ctrl Pts',(1.85039099015314,-0.490556101909054,
0.23992531389493));
#11057=CARTESIAN_POINT('Ctrl Pts',(2.28632872827108,-0.490556101909053,
0.128131511461588));
#11058=CARTESIAN_POINT('Ctrl Pts',(2.46621200628114,-0.490556101909052,
0.0817033731563975));
#11059=CARTESIAN_POINT('',(2.70565006514339,-0.812454752579834,1.35525271560688E-16));
#11060=CARTESIAN_POINT('Ctrl Pts',(2.46621200628115,-0.490556101909052,
0.0817033731563976));
#11061=CARTESIAN_POINT('Ctrl Pts',(2.48279816890658,-0.490556101909052,
0.0774224602174928));
#11062=CARTESIAN_POINT('Ctrl Pts',(2.49911199645792,-0.49223301788622,0.0731245687031256));
#11063=CARTESIAN_POINT('Ctrl Pts',(2.54708891906194,-0.501682704589233,
0.0602564929319068));
#11064=CARTESIAN_POINT('Ctrl Pts',(2.58042850892874,-0.51538399895007,0.0509588623886075));
#11065=CARTESIAN_POINT('Ctrl Pts',(2.63834557276366,-0.555845736458874,
0.0338878291831663));
#11066=CARTESIAN_POINT('Ctrl Pts',(2.6629175127654,-0.58261048507225,0.0261058579812022));
#11067=CARTESIAN_POINT('Ctrl Pts',(2.69743335526482,-0.639891925250997,
0.0138972686540708));
#11068=CARTESIAN_POINT('Ctrl Pts',(2.7097261209833,-0.673836040766748,0.00866865418642828));
#11069=CARTESIAN_POINT('Ctrl Pts',(2.71867754270206,-0.743997527858805,
0.00172354713390313));
#11070=CARTESIAN_POINT('Ctrl Pts',(2.71533108784676,-0.780214852911769,
1.10363184574112E-16));
#11071=CARTESIAN_POINT('Ctrl Pts',(2.70565006514339,-0.812454752579833,
1.04083408558608E-16));
#11072=CARTESIAN_POINT('',(0.812454752579842,-2.70565006514339,1.35525271560688E-16));
#11073=CARTESIAN_POINT('Origin',(0.,0.,1.35525271560688E-16));
#11074=CARTESIAN_POINT('',(0.49055610190906,-2.46621200628114,0.0817033731563978));
#11075=CARTESIAN_POINT('Ctrl Pts',(0.812454752579842,-2.70565006514339,
1.04083408558608E-16));
#11076=CARTESIAN_POINT('Ctrl Pts',(0.780214852911779,-2.71533108784676,
9.80111577855254E-17));
#11077=CARTESIAN_POINT('Ctrl Pts',(0.743997527858814,-2.71867754270206,
0.00172354713390318));
#11078=CARTESIAN_POINT('Ctrl Pts',(0.673836040766757,-2.7097261209833,0.00866865418642834));
#11079=CARTESIAN_POINT('Ctrl Pts',(0.639891925251006,-2.69743335526482,
0.0138972686540708));
#11080=CARTESIAN_POINT('Ctrl Pts',(0.582610485072258,-2.6629175127654,0.0261058579812021));
#11081=CARTESIAN_POINT('Ctrl Pts',(0.555845736458882,-2.63834557276366,
0.0338878291831662));
#11082=CARTESIAN_POINT('Ctrl Pts',(0.515383998950079,-2.58042850892874,
0.0509588623886073));
#11083=CARTESIAN_POINT('Ctrl Pts',(0.501682704589242,-2.54708891906194,
0.0602564929319066));
#11084=CARTESIAN_POINT('Ctrl Pts',(0.495268730026601,-2.51452458430174,
0.0689906989707594));
#11085=CARTESIAN_POINT('Ctrl Pts',(0.492233017886228,-2.49911199645792,
0.0731245687031254));
#11086=CARTESIAN_POINT('Ctrl Pts',(0.49055610190906,-2.48279816890657,0.0774224602174929));
#11087=CARTESIAN_POINT('Ctrl Pts',(0.49055610190906,-2.46621200628114,0.0817033731563977));
#11088=CARTESIAN_POINT('',(0.49055610190906,-1.63237028943629,0.294871678621509));
#11089=CARTESIAN_POINT('Ctrl Pts',(0.490556101909093,-2.46621200628111,
0.0817033731564061));
#11090=CARTESIAN_POINT('Ctrl Pts',(0.490556101909093,-2.43334773992145,
0.0901856885818541));
#11091=CARTESIAN_POINT('Ctrl Pts',(0.490556101909086,-1.94778094933578,
0.215380744501511));
#11092=CARTESIAN_POINT('Ctrl Pts',(0.490556101909082,-1.63237028942601,
0.294871678624096));
#11093=CARTESIAN_POINT('',(0.204108207680414,-1.38504145770352,0.375));
#11094=CARTESIAN_POINT('Ctrl Pts',(0.49055610190906,-1.63237028943628,0.294871678621508));
#11095=CARTESIAN_POINT('Ctrl Pts',(0.490556101909059,-1.60696649989835,
0.301274033447444));
#11096=CARTESIAN_POINT('Ctrl Pts',(0.486582615228314,-1.58187150478669,
0.307890356271153));
#11097=CARTESIAN_POINT('Ctrl Pts',(0.471174310696895,-1.53177937836764,
0.32168203191323));
#11098=CARTESIAN_POINT('Ctrl Pts',(0.457330913725407,-1.50416598403934,
0.329707949900435));
#11099=CARTESIAN_POINT('Ctrl Pts',(0.420227161654308,-1.4558933321146,0.344659701631428));
#11100=CARTESIAN_POINT('Ctrl Pts',(0.396968893291558,-1.43523149838417,
0.351582396193644));
#11101=CARTESIAN_POINT('Ctrl Pts',(0.349027059289525,-1.40543612774463,
0.362367977307097));
#11102=CARTESIAN_POINT('Ctrl Pts',(0.321055371795643,-1.39380080656228,
0.367097241338819));
#11103=CARTESIAN_POINT('Ctrl Pts',(0.26252569563802,-1.38155226243076,0.373417244649073));
#11104=CARTESIAN_POINT('Ctrl Pts',(0.231967493309178,-1.38093594243153,
0.375));
#11105=CARTESIAN_POINT('Ctrl Pts',(0.204108207680414,-1.38504145770352,
0.375));
#11106=CARTESIAN_POINT('Origin',(0.,0.,0.375));
#11107=CARTESIAN_POINT('',(-0.490556101909043,-2.46621200628115,0.0817033731563979));
#11108=CARTESIAN_POINT('Ctrl Pts',(-0.490556101909049,-1.63237028943612,
0.294871678621549));
#11109=CARTESIAN_POINT('Ctrl Pts',(-0.490556101909047,-1.85039099015314,
0.23992531389493));
#11110=CARTESIAN_POINT('Ctrl Pts',(-0.490556101909044,-2.28632872827109,
0.128131511461588));
#11111=CARTESIAN_POINT('Ctrl Pts',(-0.490556101909043,-2.46621200628115,
0.081703373156398));
#11112=CARTESIAN_POINT('',(-0.812454752579824,-2.7056500651434,1.35525271560688E-16));
#11113=CARTESIAN_POINT('Ctrl Pts',(-0.490556101909043,-2.46621200628115,
0.0817033731563978));
#11114=CARTESIAN_POINT('Ctrl Pts',(-0.490556101909043,-2.48279816890658,
0.077422460217493));
#11115=CARTESIAN_POINT('Ctrl Pts',(-0.492233017886211,-2.49911199645792,
0.0731245687031255));
#11116=CARTESIAN_POINT('Ctrl Pts',(-0.501682704589225,-2.54708891906195,
0.0602564929319067));
#11117=CARTESIAN_POINT('Ctrl Pts',(-0.515383998950062,-2.58042850892874,
0.0509588623886074));
#11118=CARTESIAN_POINT('Ctrl Pts',(-0.555845736458864,-2.63834557276366,
0.0338878291831664));
#11119=CARTESIAN_POINT('Ctrl Pts',(-0.582610485072241,-2.6629175127654,
0.0261058579812024));
#11120=CARTESIAN_POINT('Ctrl Pts',(-0.639891925250988,-2.69743335526482,
0.013897268654071));
#11121=CARTESIAN_POINT('Ctrl Pts',(-0.673836040766738,-2.7097261209833,
0.0086686541864285));
#11122=CARTESIAN_POINT('Ctrl Pts',(-0.743997527858795,-2.71867754270207,
0.00172354713390334));
#11123=CARTESIAN_POINT('Ctrl Pts',(-0.78021485291176,-2.71533108784676,
2.7900493523679E-16));
#11124=CARTESIAN_POINT('Ctrl Pts',(-0.812454752579824,-2.70565006514339,
2.77555756156289E-16));
#11125=CARTESIAN_POINT('',(-2.70565006514339,-0.812454752579852,1.35525271560688E-16));
#11126=CARTESIAN_POINT('Origin',(0.,0.,1.35525271560688E-16));
#11127=CARTESIAN_POINT('',(-2.46621200628114,-0.490556101909068,0.0817033731563978));
#11128=CARTESIAN_POINT('Ctrl Pts',(-2.70565006514339,-0.812454752579852,
1.73472347597681E-16));
#11129=CARTESIAN_POINT('Ctrl Pts',(-2.71533108784675,-0.780214852911788,
1.69424180415625E-16));
#11130=CARTESIAN_POINT('Ctrl Pts',(-2.71867754270206,-0.743997527858823,
0.00172354713390318));
#11131=CARTESIAN_POINT('Ctrl Pts',(-2.7097261209833,-0.673836040766766,
0.00866865418642832));
#11132=CARTESIAN_POINT('Ctrl Pts',(-2.69743335526481,-0.639891925251015,
0.0138972686540707));
#11133=CARTESIAN_POINT('Ctrl Pts',(-2.66291751276539,-0.582610485072268,
0.0261058579812021));
#11134=CARTESIAN_POINT('Ctrl Pts',(-2.63834557276365,-0.555845736458891,
0.0338878291831663));
#11135=CARTESIAN_POINT('Ctrl Pts',(-2.58042850892873,-0.515383998950088,
0.0509588623886074));
#11136=CARTESIAN_POINT('Ctrl Pts',(-2.54708891906194,-0.50168270458925,
0.0602564929319067));
#11137=CARTESIAN_POINT('Ctrl Pts',(-2.51452458430174,-0.49526873002661,
0.0689906989707596));
#11138=CARTESIAN_POINT('Ctrl Pts',(-2.49911199645792,-0.492233017886236,
0.0731245687031255));
#11139=CARTESIAN_POINT('Ctrl Pts',(-2.48279816890657,-0.490556101909068,
0.077422460217493));
#11140=CARTESIAN_POINT('Ctrl Pts',(-2.46621200628114,-0.490556101909068,
0.0817033731563979));
#11141=CARTESIAN_POINT('',(-1.63237028943629,-0.490556101909065,0.294871678621509));
#11142=CARTESIAN_POINT('Ctrl Pts',(-2.46621200628112,-0.490556101909068,
0.0817033731564042));
#11143=CARTESIAN_POINT('Ctrl Pts',(-2.43334773992146,-0.490556101909067,
0.0901856885818527));
#11144=CARTESIAN_POINT('Ctrl Pts',(-1.94778094933578,-0.490556101909066,
0.21538074450151));
#11145=CARTESIAN_POINT('Ctrl Pts',(-1.63237028942601,-0.490556101909065,
0.294871678624096));
#11146=CARTESIAN_POINT('',(-1.38504145770352,-0.204108207680419,0.375));
#11147=CARTESIAN_POINT('Ctrl Pts',(-1.63237028943628,-0.490556101909065,
0.294871678621508));
#11148=CARTESIAN_POINT('Ctrl Pts',(-1.60696649989834,-0.490556101909064,
0.301274033447444));
#11149=CARTESIAN_POINT('Ctrl Pts',(-1.58187150478669,-0.486582615228319,
0.307890356271153));
#11150=CARTESIAN_POINT('Ctrl Pts',(-1.53177937836764,-0.4711743106969,0.32168203191323));
#11151=CARTESIAN_POINT('Ctrl Pts',(-1.50416598403934,-0.457330913725413,
0.329707949900435));
#11152=CARTESIAN_POINT('Ctrl Pts',(-1.4558933321146,-0.420227161654313,
0.344659701631429));
#11153=CARTESIAN_POINT('Ctrl Pts',(-1.43523149838417,-0.396968893291564,
0.351582396193644));
#11154=CARTESIAN_POINT('Ctrl Pts',(-1.40543612774463,-0.34902705928953,
0.362367977307097));
#11155=CARTESIAN_POINT('Ctrl Pts',(-1.39380080656228,-0.321055371795648,
0.367097241338819));
#11156=CARTESIAN_POINT('Ctrl Pts',(-1.38155226243076,-0.262525695638025,
0.373417244649073));
#11157=CARTESIAN_POINT('Ctrl Pts',(-1.38093594243153,-0.231967493309183,
0.375));
#11158=CARTESIAN_POINT('Ctrl Pts',(-1.38504145770352,-0.204108207680419,
0.375));
#11159=CARTESIAN_POINT('Origin',(0.,0.,0.375));
#11160=CARTESIAN_POINT('',(-2.46621200628114,0.490556101909052,0.0817033731563979));
#11161=CARTESIAN_POINT('Ctrl Pts',(-1.63237028943612,0.490556101909054,
0.294871678621549));
#11162=CARTESIAN_POINT('Ctrl Pts',(-1.85039099015314,0.490556101909054,
0.23992531389493));
#11163=CARTESIAN_POINT('Ctrl Pts',(-2.28632872827108,0.490556101909053,
0.128131511461588));
#11164=CARTESIAN_POINT('Ctrl Pts',(-2.46621200628114,0.490556101909052,
0.0817033731563975));
#11165=CARTESIAN_POINT('',(-2.70565006514339,0.812454752579834,1.35525271560688E-16));
#11166=CARTESIAN_POINT('Ctrl Pts',(-2.46621200628114,0.490556101909052,
0.0817033731563978));
#11167=CARTESIAN_POINT('Ctrl Pts',(-2.48279816890658,0.490556101909052,
0.077422460217493));
#11168=CARTESIAN_POINT('Ctrl Pts',(-2.49911199645792,0.49223301788622,0.0731245687031256));
#11169=CARTESIAN_POINT('Ctrl Pts',(-2.54708891906194,0.501682704589233,
0.0602564929319068));
#11170=CARTESIAN_POINT('Ctrl Pts',(-2.58042850892874,0.51538399895007,0.0509588623886075));
#11171=CARTESIAN_POINT('Ctrl Pts',(-2.63834557276366,0.555845736458874,
0.0338878291831663));
#11172=CARTESIAN_POINT('Ctrl Pts',(-2.6629175127654,0.58261048507225,0.0261058579812022));
#11173=CARTESIAN_POINT('Ctrl Pts',(-2.69743335526482,0.639891925250997,
0.0138972686540708));
#11174=CARTESIAN_POINT('Ctrl Pts',(-2.7097261209833,0.673836040766747,0.00866865418642829));
#11175=CARTESIAN_POINT('Ctrl Pts',(-2.71867754270206,0.743997527858805,
0.00172354713390312));
#11176=CARTESIAN_POINT('Ctrl Pts',(-2.71533108784676,0.780214852911769,
1.10363184574112E-16));
#11177=CARTESIAN_POINT('Ctrl Pts',(-2.70565006514339,0.812454752579833,
1.04083408558608E-16));
#11178=CARTESIAN_POINT('',(-0.812454752579842,2.70565006514339,1.35525271560688E-16));
#11179=CARTESIAN_POINT('Origin',(0.,0.,1.35525271560688E-16));
#11180=CARTESIAN_POINT('',(-0.49055610190906,2.46621200628114,0.0817033731563978));
#11181=CARTESIAN_POINT('Ctrl Pts',(-0.812454752579842,2.70565006514339,
1.04083408558608E-16));
#11182=CARTESIAN_POINT('Ctrl Pts',(-0.780214852911779,2.71533108784676,
9.96304246583475E-17));
#11183=CARTESIAN_POINT('Ctrl Pts',(-0.743997527858814,2.71867754270206,
0.00172354713390316));
#11184=CARTESIAN_POINT('Ctrl Pts',(-0.673836040766756,2.7097261209833,0.00866865418642833));
#11185=CARTESIAN_POINT('Ctrl Pts',(-0.639891925251006,2.69743335526482,
0.0138972686540708));
#11186=CARTESIAN_POINT('Ctrl Pts',(-0.582610485072258,2.6629175127654,0.0261058579812021));
#11187=CARTESIAN_POINT('Ctrl Pts',(-0.555845736458882,2.63834557276366,
0.0338878291831662));
#11188=CARTESIAN_POINT('Ctrl Pts',(-0.515383998950079,2.58042850892874,
0.0509588623886073));
#11189=CARTESIAN_POINT('Ctrl Pts',(-0.501682704589242,2.54708891906194,
0.0602564929319066));
#11190=CARTESIAN_POINT('Ctrl Pts',(-0.495268730026601,2.51452458430174,
0.0689906989707594));
#11191=CARTESIAN_POINT('Ctrl Pts',(-0.492233017886228,2.49911199645792,
0.0731245687031254));
#11192=CARTESIAN_POINT('Ctrl Pts',(-0.49055610190906,2.48279816890657,0.0774224602174929));
#11193=CARTESIAN_POINT('Ctrl Pts',(-0.49055610190906,2.46621200628114,0.0817033731563977));
#11194=CARTESIAN_POINT('',(-0.49055610190906,1.63237028943629,0.294871678621509));
#11195=CARTESIAN_POINT('Ctrl Pts',(-0.490556101909076,2.46621200628112,
0.0817033731564042));
#11196=CARTESIAN_POINT('Ctrl Pts',(-0.490556101909076,2.43334773992145,
0.0901856885818527));
#11197=CARTESIAN_POINT('Ctrl Pts',(-0.490556101909073,1.94778094933578,
0.21538074450151));
#11198=CARTESIAN_POINT('Ctrl Pts',(-0.490556101909071,1.63237028942601,
0.294871678624095));
#11199=CARTESIAN_POINT('',(-0.204108207680414,1.38504145770352,0.375));
#11200=CARTESIAN_POINT('Ctrl Pts',(-0.49055610190906,1.63237028943628,0.294871678621508));
#11201=CARTESIAN_POINT('Ctrl Pts',(-0.490556101909059,1.60696649989835,
0.301274033447444));
#11202=CARTESIAN_POINT('Ctrl Pts',(-0.486582615228314,1.58187150478669,
0.307890356271153));
#11203=CARTESIAN_POINT('Ctrl Pts',(-0.471174310696895,1.53177937836764,
0.32168203191323));
#11204=CARTESIAN_POINT('Ctrl Pts',(-0.457330913725407,1.50416598403934,
0.329707949900435));
#11205=CARTESIAN_POINT('Ctrl Pts',(-0.420227161654308,1.4558933321146,0.344659701631428));
#11206=CARTESIAN_POINT('Ctrl Pts',(-0.396968893291558,1.43523149838417,
0.351582396193644));
#11207=CARTESIAN_POINT('Ctrl Pts',(-0.349027059289525,1.40543612774463,
0.362367977307097));
#11208=CARTESIAN_POINT('Ctrl Pts',(-0.321055371795643,1.39380080656228,
0.367097241338819));
#11209=CARTESIAN_POINT('Ctrl Pts',(-0.26252569563802,1.38155226243076,0.373417244649073));
#11210=CARTESIAN_POINT('Ctrl Pts',(-0.231967493309178,1.38093594243153,
0.375));
#11211=CARTESIAN_POINT('Ctrl Pts',(-0.204108207680414,1.38504145770352,
0.375));
#11212=CARTESIAN_POINT('Origin',(0.,0.,0.375));
#11213=CARTESIAN_POINT('',(0.490556101909026,2.46621200628115,0.0817033731563979));
#11214=CARTESIAN_POINT('Ctrl Pts',(0.490556101909037,1.63237028943612,0.29487167862155));
#11215=CARTESIAN_POINT('Ctrl Pts',(0.490556101909034,1.85039099015315,0.23992531389493));
#11216=CARTESIAN_POINT('Ctrl Pts',(0.490556101909028,2.2863287282711,0.128131511461587));
#11217=CARTESIAN_POINT('Ctrl Pts',(0.490556101909026,2.46621200628115,0.0817033731563979));
#11218=CARTESIAN_POINT('',(0.812454752579805,2.7056500651434,1.35525271560688E-16));
#11219=CARTESIAN_POINT('Ctrl Pts',(0.490556101909026,2.46621200628115,0.0817033731563977));
#11220=CARTESIAN_POINT('Ctrl Pts',(0.490556101909026,2.48279816890658,0.0774224602174929));
#11221=CARTESIAN_POINT('Ctrl Pts',(0.492233017886194,2.49911199645793,0.0731245687031254));
#11222=CARTESIAN_POINT('Ctrl Pts',(0.501682704589207,2.54708891906195,0.0602564929319066));
#11223=CARTESIAN_POINT('Ctrl Pts',(0.515383998950044,2.58042850892874,0.0509588623886072));
#11224=CARTESIAN_POINT('Ctrl Pts',(0.555845736458846,2.63834557276366,0.0338878291831662));
#11225=CARTESIAN_POINT('Ctrl Pts',(0.582610485072222,2.6629175127654,0.0261058579812022));
#11226=CARTESIAN_POINT('Ctrl Pts',(0.639891925250969,2.69743335526482,0.0138972686540708));
#11227=CARTESIAN_POINT('Ctrl Pts',(0.673836040766719,2.70972612098331,0.00866865418642822));
#11228=CARTESIAN_POINT('Ctrl Pts',(0.743997527858776,2.71867754270207,0.00172354713390303));
#11229=CARTESIAN_POINT('Ctrl Pts',(0.780214852911741,2.71533108784677,1.58057351611914E-16));
#11230=CARTESIAN_POINT('Ctrl Pts',(0.812454752579805,2.7056500651434,1.56125112837913E-16));
#11231=CARTESIAN_POINT('',(2.70565006514338,0.812454752579871,1.35525271560688E-16));
#11232=CARTESIAN_POINT('Origin',(0.,0.,1.35525271560688E-16));
#11233=CARTESIAN_POINT('',(2.46621200628114,0.490556101909085,0.0817033731563978));
#11234=CARTESIAN_POINT('Ctrl Pts',(2.70565006514338,0.812454752579871,3.46944695195361E-17));
#11235=CARTESIAN_POINT('Ctrl Pts',(2.71533108784675,0.780214852911807,2.74077685918364E-17));
#11236=CARTESIAN_POINT('Ctrl Pts',(2.71867754270205,0.743997527858842,0.00172354713390296));
#11237=CARTESIAN_POINT('Ctrl Pts',(2.70972612098329,0.673836040766785,0.00866865418642809));
#11238=CARTESIAN_POINT('Ctrl Pts',(2.69743335526481,0.639891925251034,0.0138972686540706));
#11239=CARTESIAN_POINT('Ctrl Pts',(2.66291751276539,0.582610485072286,0.026105857981202));
#11240=CARTESIAN_POINT('Ctrl Pts',(2.63834557276365,0.55584573645891,0.0338878291831662));
#11241=CARTESIAN_POINT('Ctrl Pts',(2.58042850892873,0.515383998950106,0.0509588623886073));
#11242=CARTESIAN_POINT('Ctrl Pts',(2.54708891906194,0.501682704589268,0.0602564929319065));
#11243=CARTESIAN_POINT('Ctrl Pts',(2.51452458430174,0.495268730026627,0.0689906989707593));
#11244=CARTESIAN_POINT('Ctrl Pts',(2.49911199645792,0.492233017886254,0.0731245687031254));
#11245=CARTESIAN_POINT('Ctrl Pts',(2.48279816890657,0.490556101909086,0.0774224602174928));
#11246=CARTESIAN_POINT('Ctrl Pts',(2.46621200628114,0.490556101909085,0.0817033731563977));
#11247=CARTESIAN_POINT('',(1.63237028943629,0.490556101909077,0.294871678621509));
#11248=CARTESIAN_POINT('Ctrl Pts',(2.46621200628112,0.490556101909068,0.0817033731564042));
#11249=CARTESIAN_POINT('Ctrl Pts',(2.43334773992146,0.490556101909067,0.0901856885818527));
#11250=CARTESIAN_POINT('Ctrl Pts',(1.94778094933579,0.490556101909066,0.21538074450151));
#11251=CARTESIAN_POINT('Ctrl Pts',(1.63237028942601,0.490556101909065,0.294871678624095));
#11252=CARTESIAN_POINT('Ctrl Pts',(1.63237028943629,0.490556101909077,0.294871678621505));
#11253=CARTESIAN_POINT('Ctrl Pts',(1.60696649989835,0.490556101909076,0.301274033447443));
#11254=CARTESIAN_POINT('Ctrl Pts',(1.58187150478669,0.486582615228331,0.307890356271152));
#11255=CARTESIAN_POINT('Ctrl Pts',(1.53177937836764,0.471174310696911,0.32168203191323));
#11256=CARTESIAN_POINT('Ctrl Pts',(1.50416598403934,0.457330913725423,0.329707949900435));
#11257=CARTESIAN_POINT('Ctrl Pts',(1.4558933321146,0.420227161654324,0.344659701631428));
#11258=CARTESIAN_POINT('Ctrl Pts',(1.43523149838417,0.396968893291574,0.351582396193644));
#11259=CARTESIAN_POINT('Ctrl Pts',(1.40543612774463,0.34902705928954,0.362367977307096));
#11260=CARTESIAN_POINT('Ctrl Pts',(1.39380080656227,0.321055371795658,0.367097241338819));
#11261=CARTESIAN_POINT('Ctrl Pts',(1.38155226243076,0.262525695638035,0.373417244649073));
#11262=CARTESIAN_POINT('Ctrl Pts',(1.38093594243153,0.231967493309192,0.375));
#11263=CARTESIAN_POINT('Ctrl Pts',(1.38504145770352,0.204108207680429,0.375));
#11264=CARTESIAN_POINT('Origin',(0.,0.,0.125));
#11265=CARTESIAN_POINT('',(-1.38504145770352,-0.204108207680419,0.125));
#11266=CARTESIAN_POINT('Origin',(0.,0.,0.125));
#11267=CARTESIAN_POINT('',(-1.63237028943629,-0.490556101909065,0.0448716786215054));
#11268=CARTESIAN_POINT('Ctrl Pts',(-1.38504145770352,-0.204108207680419,
0.125));
#11269=CARTESIAN_POINT('Ctrl Pts',(-1.38093594243153,-0.231967493309183,
0.125));
#11270=CARTESIAN_POINT('Ctrl Pts',(-1.38155226243076,-0.262525695638025,
0.123417244649073));
#11271=CARTESIAN_POINT('Ctrl Pts',(-1.39380080656228,-0.321055371795648,
0.117097241338818));
#11272=CARTESIAN_POINT('Ctrl Pts',(-1.40543612774463,-0.34902705928953,
0.112367977307096));
#11273=CARTESIAN_POINT('Ctrl Pts',(-1.43523149838417,-0.396968893291564,
0.101582396193644));
#11274=CARTESIAN_POINT('Ctrl Pts',(-1.4558933321146,-0.420227161654313,
0.094659701631428));
#11275=CARTESIAN_POINT('Ctrl Pts',(-1.50416598403934,-0.457330913725413,
0.0797079499004347));
#11276=CARTESIAN_POINT('Ctrl Pts',(-1.53177937836764,-0.4711743106969,0.0716820319132296));
#11277=CARTESIAN_POINT('Ctrl Pts',(-1.58187150478669,-0.486582615228319,
0.0578903562711527));
#11278=CARTESIAN_POINT('Ctrl Pts',(-1.60696649989834,-0.490556101909064,
0.051274033447444));
#11279=CARTESIAN_POINT('Ctrl Pts',(-1.63237028943628,-0.490556101909065,
0.0448716786215076));
#11280=CARTESIAN_POINT('',(-2.46621200628114,-0.490556101909068,-0.168296626843602));
#11281=CARTESIAN_POINT('Ctrl Pts',(-1.63237028942865,-0.490556101909064,
0.0448716786234317));
#11282=CARTESIAN_POINT('Ctrl Pts',(-1.92896025023932,-0.490556101909065,
-0.02987599491103));
#11283=CARTESIAN_POINT('Ctrl Pts',(-2.40466812528651,-0.490556101909067,
-0.152412060750155));
#11284=CARTESIAN_POINT('Ctrl Pts',(-2.46621200628061,-0.490556101909067,
-0.168296626843465));
#11285=CARTESIAN_POINT('',(-2.70565006514339,-0.812454752579852,-0.25));
#11286=CARTESIAN_POINT('Ctrl Pts',(-2.46621200628114,-0.490556101909068,
-0.168296626843602));
#11287=CARTESIAN_POINT('Ctrl Pts',(-2.48279816890657,-0.490556101909068,
-0.172577539782507));
#11288=CARTESIAN_POINT('Ctrl Pts',(-2.49911199645792,-0.492233017886236,
-0.176875431296874));
#11289=CARTESIAN_POINT('Ctrl Pts',(-2.51452458430174,-0.49526873002661,
-0.18100930102924));
#11290=CARTESIAN_POINT('Ctrl Pts',(-2.54708891906194,-0.50168270458925,
-0.189743507068093));
#11291=CARTESIAN_POINT('Ctrl Pts',(-2.58042850892873,-0.515383998950087,
-0.199041137611393));
#11292=CARTESIAN_POINT('Ctrl Pts',(-2.63834557276365,-0.555845736458891,
-0.216112170816834));
#11293=CARTESIAN_POINT('Ctrl Pts',(-2.66291751276539,-0.582610485072268,
-0.223894142018798));
#11294=CARTESIAN_POINT('Ctrl Pts',(-2.69743335526481,-0.639891925251015,
-0.236102731345929));
#11295=CARTESIAN_POINT('Ctrl Pts',(-2.7097261209833,-0.673836040766766,
-0.241331345813572));
#11296=CARTESIAN_POINT('Ctrl Pts',(-2.71867754270206,-0.743997527858824,
-0.248276452866097));
#11297=CARTESIAN_POINT('Ctrl Pts',(-2.71533108784675,-0.780214852911788,
-0.25));
#11298=CARTESIAN_POINT('Ctrl Pts',(-2.70565006514339,-0.812454752579852,
-0.25));
#11299=CARTESIAN_POINT('',(-0.812454752579824,-2.7056500651434,-0.25));
#11300=CARTESIAN_POINT('Origin',(0.,0.,-0.25));
#11301=CARTESIAN_POINT('',(-0.490556101909043,-2.46621200628115,-0.168296626843602));
#11302=CARTESIAN_POINT('Ctrl Pts',(-0.812454752579824,-2.70565006514339,
-0.25));
#11303=CARTESIAN_POINT('Ctrl Pts',(-0.78021485291176,-2.71533108784676,
-0.25));
#11304=CARTESIAN_POINT('Ctrl Pts',(-0.743997527858795,-2.71867754270207,
-0.248276452866097));
#11305=CARTESIAN_POINT('Ctrl Pts',(-0.673836040766738,-2.7097261209833,
-0.241331345813572));
#11306=CARTESIAN_POINT('Ctrl Pts',(-0.639891925250988,-2.69743335526482,
-0.236102731345929));
#11307=CARTESIAN_POINT('Ctrl Pts',(-0.58261048507224,-2.6629175127654,-0.223894142018798));
#11308=CARTESIAN_POINT('Ctrl Pts',(-0.555845736458864,-2.63834557276366,
-0.216112170816834));
#11309=CARTESIAN_POINT('Ctrl Pts',(-0.515383998950062,-2.58042850892874,
-0.199041137611393));
#11310=CARTESIAN_POINT('Ctrl Pts',(-0.501682704589225,-2.54708891906195,
-0.189743507068093));
#11311=CARTESIAN_POINT('Ctrl Pts',(-0.492233017886211,-2.49911199645792,
-0.176875431296875));
#11312=CARTESIAN_POINT('Ctrl Pts',(-0.490556101909043,-2.48279816890658,
-0.172577539782507));
#11313=CARTESIAN_POINT('Ctrl Pts',(-0.490556101909043,-2.46621200628115,
-0.168296626843602));
#11314=CARTESIAN_POINT('Ctrl Pts',(-0.490556101909043,-2.46621200628115,
-0.168296626843602));
#11315=CARTESIAN_POINT('Ctrl Pts',(-0.490556101909044,-2.29343562352403,
-0.123702788643314));
#11316=CARTESIAN_POINT('Ctrl Pts',(-0.490556101909047,-1.85515130269087,
-0.0112743972703404));
#11317=CARTESIAN_POINT('Ctrl Pts',(-0.490556101909048,-1.63237028943612,
0.0448716786215499));
#11318=CARTESIAN_POINT('',(0.204108207680414,-1.38504145770352,0.125));
#11319=CARTESIAN_POINT('Origin',(0.,0.,0.125));
#11320=CARTESIAN_POINT('',(0.49055610190906,-1.63237028943629,0.0448716786215054));
#11321=CARTESIAN_POINT('Ctrl Pts',(0.204108207680414,-1.38504145770352,
0.125));
#11322=CARTESIAN_POINT('Ctrl Pts',(0.231967493309178,-1.38093594243153,
0.125));
#11323=CARTESIAN_POINT('Ctrl Pts',(0.262525695638021,-1.38155226243076,
0.123417244649073));
#11324=CARTESIAN_POINT('Ctrl Pts',(0.321055371795644,-1.39380080656228,
0.117097241338818));
#11325=CARTESIAN_POINT('Ctrl Pts',(0.349027059289525,-1.40543612774463,
0.112367977307096));
#11326=CARTESIAN_POINT('Ctrl Pts',(0.396968893291559,-1.43523149838417,
0.101582396193644));
#11327=CARTESIAN_POINT('Ctrl Pts',(0.420227161654309,-1.4558933321146,0.094659701631428));
#11328=CARTESIAN_POINT('Ctrl Pts',(0.457330913725408,-1.50416598403935,
0.0797079499004347));
#11329=CARTESIAN_POINT('Ctrl Pts',(0.471174310696895,-1.53177937836764,
0.0716820319132296));
#11330=CARTESIAN_POINT('Ctrl Pts',(0.486582615228314,-1.58187150478669,
0.0578903562711526));
#11331=CARTESIAN_POINT('Ctrl Pts',(0.490556101909059,-1.60696649989835,
0.0512740334474441));
#11332=CARTESIAN_POINT('Ctrl Pts',(0.49055610190906,-1.63237028943628,0.0448716786215077));
#11333=CARTESIAN_POINT('',(0.49055610190906,-2.46621200628114,-0.168296626843602));
#11334=CARTESIAN_POINT('Ctrl Pts',(0.490556101909082,-1.63237028942865,
0.0448716786234295));
#11335=CARTESIAN_POINT('Ctrl Pts',(0.490556101909086,-1.92896025023932,
-0.0298759949110314));
#11336=CARTESIAN_POINT('Ctrl Pts',(0.490556101909092,-2.40466812528652,
-0.152412060750157));
#11337=CARTESIAN_POINT('Ctrl Pts',(0.490556101909093,-2.46621200628062,
-0.168296626843469));
#11338=CARTESIAN_POINT('',(0.812454752579842,-2.70565006514339,-0.25));
#11339=CARTESIAN_POINT('Ctrl Pts',(0.49055610190906,-2.46621200628114,-0.168296626843602));
#11340=CARTESIAN_POINT('Ctrl Pts',(0.49055610190906,-2.48279816890657,-0.172577539782507));
#11341=CARTESIAN_POINT('Ctrl Pts',(0.492233017886228,-2.49911199645792,
-0.176875431296875));
#11342=CARTESIAN_POINT('Ctrl Pts',(0.495268730026601,-2.51452458430174,
-0.181009301029241));
#11343=CARTESIAN_POINT('Ctrl Pts',(0.501682704589242,-2.54708891906194,
-0.189743507068093));
#11344=CARTESIAN_POINT('Ctrl Pts',(0.515383998950079,-2.58042850892874,
-0.199041137611393));
#11345=CARTESIAN_POINT('Ctrl Pts',(0.555845736458882,-2.63834557276366,
-0.216112170816834));
#11346=CARTESIAN_POINT('Ctrl Pts',(0.582610485072258,-2.6629175127654,-0.223894142018798));
#11347=CARTESIAN_POINT('Ctrl Pts',(0.639891925251006,-2.69743335526482,
-0.236102731345929));
#11348=CARTESIAN_POINT('Ctrl Pts',(0.673836040766756,-2.7097261209833,-0.241331345813572));
#11349=CARTESIAN_POINT('Ctrl Pts',(0.743997527858814,-2.71867754270206,
-0.248276452866097));
#11350=CARTESIAN_POINT('Ctrl Pts',(0.780214852911779,-2.71533108784675,
-0.25));
#11351=CARTESIAN_POINT('Ctrl Pts',(0.812454752579842,-2.70565006514339,
-0.25));
#11352=CARTESIAN_POINT('',(2.70565006514339,-0.812454752579834,-0.25));
#11353=CARTESIAN_POINT('Origin',(0.,0.,-0.25));
#11354=CARTESIAN_POINT('',(2.46621200628114,-0.490556101909052,-0.168296626843602));
#11355=CARTESIAN_POINT('Ctrl Pts',(2.70565006514339,-0.812454752579833,
-0.25));
#11356=CARTESIAN_POINT('Ctrl Pts',(2.71533108784676,-0.78021485291177,-0.25));
#11357=CARTESIAN_POINT('Ctrl Pts',(2.71867754270206,-0.743997527858805,
-0.248276452866097));
#11358=CARTESIAN_POINT('Ctrl Pts',(2.7097261209833,-0.673836040766747,-0.241331345813572));
#11359=CARTESIAN_POINT('Ctrl Pts',(2.69743335526482,-0.639891925250997,
-0.236102731345929));
#11360=CARTESIAN_POINT('Ctrl Pts',(2.6629175127654,-0.58261048507225,-0.223894142018798));
#11361=CARTESIAN_POINT('Ctrl Pts',(2.63834557276366,-0.555845736458873,
-0.216112170816834));
#11362=CARTESIAN_POINT('Ctrl Pts',(2.58042850892874,-0.51538399895007,-0.199041137611393));
#11363=CARTESIAN_POINT('Ctrl Pts',(2.54708891906194,-0.501682704589233,
-0.189743507068093));
#11364=CARTESIAN_POINT('Ctrl Pts',(2.49911199645792,-0.49223301788622,-0.176875431296875));
#11365=CARTESIAN_POINT('Ctrl Pts',(2.48279816890658,-0.490556101909052,
-0.172577539782507));
#11366=CARTESIAN_POINT('Ctrl Pts',(2.46621200628114,-0.490556101909052,
-0.168296626843602));
#11367=CARTESIAN_POINT('Ctrl Pts',(2.46621200628115,-0.490556101909051,
-0.168296626843602));
#11368=CARTESIAN_POINT('Ctrl Pts',(2.29343562352403,-0.490556101909052,
-0.123702788643315));
#11369=CARTESIAN_POINT('Ctrl Pts',(1.85515130269087,-0.490556101909053,
-0.0112743972703412));
#11370=CARTESIAN_POINT('Ctrl Pts',(1.63237028943612,-0.490556101909054,
0.0448716786215497));
#11371=CARTESIAN_POINT('',(1.4,-1.71450551880629E-16,0.125));
#11372=CARTESIAN_POINT('',(1.63237028943628,0.490556101909077,0.0448716786215054));
#11373=CARTESIAN_POINT('Ctrl Pts',(1.38504145770352,0.204108207680429,0.125));
#11374=CARTESIAN_POINT('Ctrl Pts',(1.38093594243152,0.231967493309192,0.125));
#11375=CARTESIAN_POINT('Ctrl Pts',(1.38155226243076,0.262525695638035,0.123417244649073));
#11376=CARTESIAN_POINT('Ctrl Pts',(1.39380080656227,0.321055371795658,0.117097241338818));
#11377=CARTESIAN_POINT('Ctrl Pts',(1.40543612774463,0.34902705928954,0.112367977307096));
#11378=CARTESIAN_POINT('Ctrl Pts',(1.43523149838417,0.396968893291574,0.101582396193644));
#11379=CARTESIAN_POINT('Ctrl Pts',(1.4558933321146,0.420227161654324,0.094659701631428));
#11380=CARTESIAN_POINT('Ctrl Pts',(1.50416598403934,0.457330913725423,0.0797079499004348));
#11381=CARTESIAN_POINT('Ctrl Pts',(1.53177937836764,0.471174310696911,0.0716820319132296));
#11382=CARTESIAN_POINT('Ctrl Pts',(1.58187150478669,0.48658261522833,0.0578903562711526));
#11383=CARTESIAN_POINT('Ctrl Pts',(1.60696649989834,0.490556101909075,0.0512740334474442));
#11384=CARTESIAN_POINT('Ctrl Pts',(1.63237028943628,0.490556101909077,0.0448716786215077));
#11385=CARTESIAN_POINT('',(2.46621200628114,0.490556101909085,-0.168296626843602));
#11386=CARTESIAN_POINT('Ctrl Pts',(1.63237028942865,0.490556101909064,0.04487167862343));
#11387=CARTESIAN_POINT('Ctrl Pts',(1.92896025023932,0.490556101909065,-0.0298759949110312));
#11388=CARTESIAN_POINT('Ctrl Pts',(2.40466812528652,0.490556101909067,-0.152412060750157));
#11389=CARTESIAN_POINT('Ctrl Pts',(2.46621200628062,0.490556101909067,-0.168296626843469));
#11390=CARTESIAN_POINT('',(2.70565006514338,0.812454752579871,-0.25));
#11391=CARTESIAN_POINT('Ctrl Pts',(2.46621200628114,0.490556101909085,-0.168296626843602));
#11392=CARTESIAN_POINT('Ctrl Pts',(2.48279816890657,0.490556101909086,-0.172577539782507));
#11393=CARTESIAN_POINT('Ctrl Pts',(2.49911199645792,0.492233017886254,-0.176875431296875));
#11394=CARTESIAN_POINT('Ctrl Pts',(2.51452458430174,0.495268730026627,-0.181009301029241));
#11395=CARTESIAN_POINT('Ctrl Pts',(2.54708891906194,0.501682704589268,-0.189743507068093));
#11396=CARTESIAN_POINT('Ctrl Pts',(2.58042850892873,0.515383998950106,-0.199041137611393));
#11397=CARTESIAN_POINT('Ctrl Pts',(2.63834557276365,0.55584573645891,-0.216112170816834));
#11398=CARTESIAN_POINT('Ctrl Pts',(2.66291751276539,0.582610485072286,-0.223894142018798));
#11399=CARTESIAN_POINT('Ctrl Pts',(2.69743335526481,0.639891925251034,-0.23610273134593));
#11400=CARTESIAN_POINT('Ctrl Pts',(2.70972612098329,0.673836040766785,-0.241331345813572));
#11401=CARTESIAN_POINT('Ctrl Pts',(2.71867754270205,0.743997527858843,-0.248276452866097));
#11402=CARTESIAN_POINT('Ctrl Pts',(2.71533108784675,0.780214852911807,-0.25));
#11403=CARTESIAN_POINT('Ctrl Pts',(2.70565006514338,0.812454752579871,-0.25));
#11404=CARTESIAN_POINT('',(0.812454752579805,2.7056500651434,-0.25));
#11405=CARTESIAN_POINT('Origin',(0.,0.,-0.25));
#11406=CARTESIAN_POINT('',(0.490556101909026,2.46621200628115,-0.168296626843602));
#11407=CARTESIAN_POINT('Ctrl Pts',(0.812454752579805,2.7056500651434,-0.25));
#11408=CARTESIAN_POINT('Ctrl Pts',(0.780214852911741,2.71533108784677,-0.25));
#11409=CARTESIAN_POINT('Ctrl Pts',(0.743997527858776,2.71867754270207,-0.248276452866097));
#11410=CARTESIAN_POINT('Ctrl Pts',(0.673836040766719,2.70972612098331,-0.241331345813572));
#11411=CARTESIAN_POINT('Ctrl Pts',(0.639891925250969,2.69743335526482,-0.236102731345929));
#11412=CARTESIAN_POINT('Ctrl Pts',(0.582610485072222,2.6629175127654,-0.223894142018798));
#11413=CARTESIAN_POINT('Ctrl Pts',(0.555845736458846,2.63834557276366,-0.216112170816834));
#11414=CARTESIAN_POINT('Ctrl Pts',(0.515383998950043,2.58042850892874,-0.199041137611393));
#11415=CARTESIAN_POINT('Ctrl Pts',(0.501682704589207,2.54708891906195,-0.189743507068094));
#11416=CARTESIAN_POINT('Ctrl Pts',(0.492233017886194,2.49911199645793,-0.176875431296875));
#11417=CARTESIAN_POINT('Ctrl Pts',(0.490556101909026,2.48279816890658,-0.172577539782507));
#11418=CARTESIAN_POINT('Ctrl Pts',(0.490556101909026,2.46621200628115,-0.168296626843602));
#11419=CARTESIAN_POINT('Ctrl Pts',(0.490556101909026,2.46621200628115,-0.168296626843602));
#11420=CARTESIAN_POINT('Ctrl Pts',(0.490556101909028,2.29343562352403,-0.123702788643314));
#11421=CARTESIAN_POINT('Ctrl Pts',(0.490556101909034,1.85515130269087,-0.0112743972703407));
#11422=CARTESIAN_POINT('Ctrl Pts',(0.490556101909037,1.63237028943612,0.0448716786215494));
#11423=CARTESIAN_POINT('',(-0.204108207680414,1.38504145770352,0.125));
#11424=CARTESIAN_POINT('Origin',(0.,0.,0.125));
#11425=CARTESIAN_POINT('',(-0.49055610190906,1.63237028943629,0.0448716786215054));
#11426=CARTESIAN_POINT('Ctrl Pts',(-0.204108207680414,1.38504145770352,
0.125));
#11427=CARTESIAN_POINT('Ctrl Pts',(-0.231967493309178,1.38093594243153,
0.125));
#11428=CARTESIAN_POINT('Ctrl Pts',(-0.262525695638021,1.38155226243076,
0.123417244649073));
#11429=CARTESIAN_POINT('Ctrl Pts',(-0.321055371795644,1.39380080656228,
0.117097241338818));
#11430=CARTESIAN_POINT('Ctrl Pts',(-0.349027059289525,1.40543612774463,
0.112367977307096));
#11431=CARTESIAN_POINT('Ctrl Pts',(-0.396968893291559,1.43523149838417,
0.101582396193644));
#11432=CARTESIAN_POINT('Ctrl Pts',(-0.420227161654309,1.4558933321146,0.094659701631428));
#11433=CARTESIAN_POINT('Ctrl Pts',(-0.457330913725408,1.50416598403935,
0.0797079499004347));
#11434=CARTESIAN_POINT('Ctrl Pts',(-0.471174310696895,1.53177937836764,
0.0716820319132296));
#11435=CARTESIAN_POINT('Ctrl Pts',(-0.486582615228314,1.58187150478669,
0.0578903562711526));
#11436=CARTESIAN_POINT('Ctrl Pts',(-0.490556101909059,1.60696649989835,
0.051274033447444));
#11437=CARTESIAN_POINT('Ctrl Pts',(-0.49055610190906,1.63237028943628,0.0448716786215076));
#11438=CARTESIAN_POINT('',(-0.49055610190906,2.46621200628114,-0.168296626843602));
#11439=CARTESIAN_POINT('Ctrl Pts',(-0.49055610190907,1.63237028942865,0.0448716786234295));
#11440=CARTESIAN_POINT('Ctrl Pts',(-0.490556101909072,1.92896025023932,
-0.0298759949110314));
#11441=CARTESIAN_POINT('Ctrl Pts',(-0.490556101909075,2.40466812528652,
-0.152412060750157));
#11442=CARTESIAN_POINT('Ctrl Pts',(-0.490556101909076,2.46621200628062,
-0.168296626843469));
#11443=CARTESIAN_POINT('',(-0.812454752579842,2.70565006514339,-0.25));
#11444=CARTESIAN_POINT('Ctrl Pts',(-0.49055610190906,2.46621200628114,-0.168296626843602));
#11445=CARTESIAN_POINT('Ctrl Pts',(-0.49055610190906,2.48279816890657,-0.172577539782507));
#11446=CARTESIAN_POINT('Ctrl Pts',(-0.492233017886228,2.49911199645792,
-0.176875431296875));
#11447=CARTESIAN_POINT('Ctrl Pts',(-0.495268730026601,2.51452458430174,
-0.181009301029241));
#11448=CARTESIAN_POINT('Ctrl Pts',(-0.501682704589242,2.54708891906194,
-0.189743507068093));
#11449=CARTESIAN_POINT('Ctrl Pts',(-0.515383998950079,2.58042850892874,
-0.199041137611393));
#11450=CARTESIAN_POINT('Ctrl Pts',(-0.555845736458882,2.63834557276366,
-0.216112170816834));
#11451=CARTESIAN_POINT('Ctrl Pts',(-0.582610485072258,2.6629175127654,-0.223894142018798));
#11452=CARTESIAN_POINT('Ctrl Pts',(-0.639891925251006,2.69743335526482,
-0.236102731345929));
#11453=CARTESIAN_POINT('Ctrl Pts',(-0.673836040766756,2.7097261209833,-0.241331345813572));
#11454=CARTESIAN_POINT('Ctrl Pts',(-0.743997527858814,2.71867754270206,
-0.248276452866097));
#11455=CARTESIAN_POINT('Ctrl Pts',(-0.780214852911779,2.71533108784675,
-0.25));
#11456=CARTESIAN_POINT('Ctrl Pts',(-0.812454752579842,2.70565006514339,
-0.25));
#11457=CARTESIAN_POINT('',(-2.70565006514339,0.812454752579834,-0.25));
#11458=CARTESIAN_POINT('Origin',(0.,0.,-0.25));
#11459=CARTESIAN_POINT('',(-2.46621200628114,0.490556101909052,-0.168296626843602));
#11460=CARTESIAN_POINT('Ctrl Pts',(-2.70565006514339,0.812454752579833,
-0.25));
#11461=CARTESIAN_POINT('Ctrl Pts',(-2.71533108784676,0.78021485291177,-0.25));
#11462=CARTESIAN_POINT('Ctrl Pts',(-2.71867754270206,0.743997527858805,
-0.248276452866097));
#11463=CARTESIAN_POINT('Ctrl Pts',(-2.7097261209833,0.673836040766747,-0.241331345813572));
#11464=CARTESIAN_POINT('Ctrl Pts',(-2.69743335526482,0.639891925250997,
-0.236102731345929));
#11465=CARTESIAN_POINT('Ctrl Pts',(-2.6629175127654,0.58261048507225,-0.223894142018798));
#11466=CARTESIAN_POINT('Ctrl Pts',(-2.63834557276366,0.555845736458873,
-0.216112170816834));
#11467=CARTESIAN_POINT('Ctrl Pts',(-2.58042850892874,0.51538399895007,-0.199041137611393));
#11468=CARTESIAN_POINT('Ctrl Pts',(-2.54708891906194,0.501682704589233,
-0.189743507068093));
#11469=CARTESIAN_POINT('Ctrl Pts',(-2.49911199645792,0.49223301788622,-0.176875431296875));
#11470=CARTESIAN_POINT('Ctrl Pts',(-2.48279816890658,0.490556101909052,
-0.172577539782507));
#11471=CARTESIAN_POINT('Ctrl Pts',(-2.46621200628114,0.490556101909052,
-0.168296626843602));
#11472=CARTESIAN_POINT('Ctrl Pts',(-2.46621200628115,0.490556101909051,
-0.168296626843602));
#11473=CARTESIAN_POINT('Ctrl Pts',(-2.29343562352403,0.490556101909052,
-0.123702788643315));
#11474=CARTESIAN_POINT('Ctrl Pts',(-1.85515130269087,0.490556101909053,
-0.0112743972703412));
#11475=CARTESIAN_POINT('Ctrl Pts',(-1.63237028943612,0.490556101909054,
0.0448716786215497));
#11476=CARTESIAN_POINT('Origin',(0.,0.,0.375));
#11477=CARTESIAN_POINT('',(0.204108207680414,-1.38504145770352,0.375));
#11478=CARTESIAN_POINT('Origin',(0.,0.,0.375));
#11479=CARTESIAN_POINT('',(-1.38504145770352,-0.204108207680419,0.375));
#11480=CARTESIAN_POINT('Origin',(0.,0.,0.375));
#11481=CARTESIAN_POINT('',(-0.204108207680414,1.38504145770352,0.375));
#11482=CARTESIAN_POINT('Origin',(0.,0.,-0.375));
#11483=CARTESIAN_POINT('',(-2.70565006514339,0.812454752579834,-0.375));
#11484=CARTESIAN_POINT('',(-0.812454752579842,2.70565006514339,-0.375));
#11485=CARTESIAN_POINT('Origin',(-0.49055610190906,2.78208190225949,-0.375));
#11486=CARTESIAN_POINT('',(-0.49055610190906,2.46621200628114,-0.25));
#11487=CARTESIAN_POINT('',(-0.49055610190906,1.63237028943629,-0.375));
#11488=CARTESIAN_POINT('Origin',(-2.78208190225949,0.490556101909051,-0.375));
#11489=CARTESIAN_POINT('',(-2.46621200628114,0.490556101909052,1.0842021724855E-16));
#11490=CARTESIAN_POINT('Origin',(-2.46621200628115,0.740556101909052,-0.375));
#11491=CARTESIAN_POINT('Origin',(-0.74055610190906,2.46621200628114,-0.375));
#11492=CARTESIAN_POINT('Origin',(-0.24055610190906,1.63237028943629,0.375));
#11493=CARTESIAN_POINT('Origin',(-0.490556101909041,-2.78208190225949,-0.375));
#11494=CARTESIAN_POINT('',(-0.490556101909043,-2.46621200628115,1.0842021724855E-16));
#11495=CARTESIAN_POINT('Origin',(-0.740556101909043,-2.46621200628115,-0.375));
#11496=CARTESIAN_POINT('',(-0.812454752579824,-2.7056500651434,-0.375));
#11497=CARTESIAN_POINT('Origin',(0.,0.,-0.375));
#11498=CARTESIAN_POINT('',(-2.70565006514339,-0.812454752579852,-0.375));
#11499=CARTESIAN_POINT('Origin',(-2.46621200628114,-0.740556101909068,-0.375));
#11500=CARTESIAN_POINT('',(-2.46621200628114,-0.490556101909068,-0.25));
#11501=CARTESIAN_POINT('Origin',(-2.78208190225949,-0.49055610190907,-0.375));
#11502=CARTESIAN_POINT('',(-1.63237028943629,-0.490556101909065,-0.375));
#11503=CARTESIAN_POINT('Origin',(-1.63237028943629,-0.240556101909065,0.375));
#11504=CARTESIAN_POINT('Origin',(2.78208190225949,-0.490556101909051,-0.375));
#11505=CARTESIAN_POINT('',(2.46621200628114,-0.490556101909052,1.0842021724855E-16));
#11506=CARTESIAN_POINT('Origin',(2.46621200628115,-0.740556101909052,-0.375));
#11507=CARTESIAN_POINT('',(2.70565006514339,-0.812454752579834,-0.375));
#11508=CARTESIAN_POINT('Origin',(0.,0.,-0.375));
#11509=CARTESIAN_POINT('',(0.812454752579842,-2.70565006514339,-0.375));
#11510=CARTESIAN_POINT('Origin',(0.74055610190906,-2.46621200628114,-0.375));
#11511=CARTESIAN_POINT('',(0.49055610190906,-2.46621200628114,-0.25));
#11512=CARTESIAN_POINT('Origin',(0.49055610190906,-2.78208190225949,-0.375));
#11513=CARTESIAN_POINT('',(0.49055610190906,-1.63237028943629,-0.375));
#11514=CARTESIAN_POINT('Origin',(0.24055610190906,-1.63237028943629,0.375));
#11515=CARTESIAN_POINT('Origin',(0.490556101909022,2.7820819022595,-0.375));
#11516=CARTESIAN_POINT('',(0.490556101909026,2.46621200628115,1.0842021724855E-16));
#11517=CARTESIAN_POINT('Origin',(0.740556101909026,2.46621200628115,-0.375));
#11518=CARTESIAN_POINT('',(0.812454752579805,2.7056500651434,-0.375));
#11519=CARTESIAN_POINT('Origin',(0.,0.,-0.375));
#11520=CARTESIAN_POINT('',(2.70565006514338,0.81245475257987,-0.375));
#11521=CARTESIAN_POINT('Origin',(2.46621200628114,0.740556101909085,-0.375));
#11522=CARTESIAN_POINT('',(2.46621200628114,0.490556101909085,-0.25));
#11523=CARTESIAN_POINT('Origin',(2.78208190225949,0.490556101909089,-0.375));
#11524=CARTESIAN_POINT('',(1.63237028943629,0.490556101909077,-0.375));
#11525=CARTESIAN_POINT('Origin',(1.63237028943629,0.240556101909077,0.375));
#11526=CARTESIAN_POINT('',(0.,0.,0.));
#11527=CARTESIAN_POINT('Origin',(0.,0.,11.491769465638));
#11528=CARTESIAN_POINT('',(-1.64500647302677E-16,-1.34324972242779,13.61));
#11529=CARTESIAN_POINT('Origin',(0.,6.30849689414219E-17,13.61));
#11530=CARTESIAN_POINT('Origin',(0.,1.57712422353555E-16,13.025));
#11531=CARTESIAN_POINT('',(1.83697019872103E-16,1.5,13.025));
#11532=CARTESIAN_POINT('',(-1.83697019872103E-16,-1.5,13.025));
#11533=CARTESIAN_POINT('Origin',(0.,1.57712422353555E-16,13.025));
#11534=CARTESIAN_POINT('',(-1.83697019872103E-16,-1.5,13.025));
#11535=CARTESIAN_POINT('Origin',(0.,1.57712422353555E-16,13.025));
#11536=CARTESIAN_POINT('Origin',(0.,0.,14.));
#11537=CARTESIAN_POINT('',(-1.83697019872103E-16,1.5,-13.55));
#11538=CARTESIAN_POINT('',(-1.83697019872103E-16,1.5,14.));
#11539=CARTESIAN_POINT('Origin',(0.,4.45638690855431E-15,-13.55));
#11540=CARTESIAN_POINT('Origin',(0.,-1.95156391047391E-15,-11.275));
#11541=CARTESIAN_POINT('',(0.,0.,0.));
#11542=CARTESIAN_POINT('Origin',(-6.08957329006898E-13,-2.3,0.5));
#11543=CARTESIAN_POINT('',(-2.7,-0.6,0.5));
#11544=CARTESIAN_POINT('',(-3.15,-0.6,0.5));
#11545=CARTESIAN_POINT('',(-2.7,-0.6,0.5));
#11546=CARTESIAN_POINT('',(-3.77966372820351,-1.60581626736467,0.5));
#11547=CARTESIAN_POINT('Origin',(-3.15,-1.3,0.5));
#11548=CARTESIAN_POINT('',(-1.47182461380229,-4.3,0.5));
#11549=CARTESIAN_POINT('Origin',(2.51697355383265,1.45234640628259,0.5));
#11550=CARTESIAN_POINT('',(1.47182461380229,-4.3,0.5));
#11551=CARTESIAN_POINT('',(0.499999999999696,-4.3,0.5));
#11552=CARTESIAN_POINT('',(3.77966372820241,-1.60581626736414,0.5));
#11553=CARTESIAN_POINT('Origin',(-2.51697355383265,1.45234640628259,0.5));
#11554=CARTESIAN_POINT('',(3.15,-0.600000000001218,0.5));
#11555=CARTESIAN_POINT('Origin',(3.15,-1.3,0.5));
#11556=CARTESIAN_POINT('',(2.7,-0.6,0.5));
#11557=CARTESIAN_POINT('',(2.7,-0.6,0.5));
#11558=CARTESIAN_POINT('',(2.45,-0.35,0.5));
#11559=CARTESIAN_POINT('Origin',(2.7,-0.35,0.5));
#11560=CARTESIAN_POINT('',(2.45,-0.25,0.5));
#11561=CARTESIAN_POINT('',(2.45,-0.25,0.5));
#11562=CARTESIAN_POINT('',(2.2,-6.93889390390723E-17,0.5));
#11563=CARTESIAN_POINT('Origin',(2.2,-0.25,0.5));
#11564=CARTESIAN_POINT('',(-2.2,0.,0.5));
#11565=CARTESIAN_POINT('',(0.,0.,0.5));
#11566=CARTESIAN_POINT('',(-2.45,-0.25,0.5));
#11567=CARTESIAN_POINT('Origin',(-2.2,-0.25,0.5));
#11568=CARTESIAN_POINT('',(-2.45,-0.35,0.5));
#11569=CARTESIAN_POINT('',(-2.45,-0.25,0.5));
#11570=CARTESIAN_POINT('Origin',(-2.7,-0.35,0.5));
#11571=CARTESIAN_POINT('Origin',(-2.51697355383265,1.45234640628259,0.));
#11572=CARTESIAN_POINT('',(1.47182461380229,-4.3,-6.73154373106293));
#11573=CARTESIAN_POINT('',(1.47182461380229,-4.3,0.));
#11574=CARTESIAN_POINT('',(1.53547871903892,-4.25533531014976,-6.88376433799265));
#11575=CARTESIAN_POINT('Ctrl Pts',(1.53547871903945,-4.25533531014955,-6.88376433799239));
#11576=CARTESIAN_POINT('Ctrl Pts',(1.51531256921512,-4.26965327035666,-6.83167409817143));
#11577=CARTESIAN_POINT('Ctrl Pts',(1.49400614485624,-4.28461885912734,-6.78084214333299));
#11578=CARTESIAN_POINT('Ctrl Pts',(1.47182461380228,-4.3,-6.73154373106293));
#11579=CARTESIAN_POINT('',(1.53547871904022,-4.25533531014894,-9.11623566200494));
#11580=CARTESIAN_POINT('Ctrl Pts',(1.53547871904012,-4.25533531014908,-9.11623566200481));
#11581=CARTESIAN_POINT('Ctrl Pts',(1.56022808234517,-4.23776326977252,-9.07857521848775));
#11582=CARTESIAN_POINT('Ctrl Pts',(1.58363748709015,-4.22090366990306,-9.03969286228083));
#11583=CARTESIAN_POINT('Ctrl Pts',(1.60572477642833,-4.20481211616427,-8.99973925149201));
#11584=CARTESIAN_POINT('Ctrl Pts',(1.60792254256925,-4.20321094766322,-8.99576372096607));
#11585=CARTESIAN_POINT('Ctrl Pts',(1.61010720338621,-4.20161738651101,-8.99177754465224));
#11586=CARTESIAN_POINT('Ctrl Pts',(1.61227876611202,-4.20003148994378,-8.98778084580356));
#11587=CARTESIAN_POINT('Ctrl Pts',(1.6345807311009,-4.18374432066335,-8.94673471955776));
#11588=CARTESIAN_POINT('Ctrl Pts',(1.65542917328446,-4.16831898089409,-8.90471884632755));
#11589=CARTESIAN_POINT('Ctrl Pts',(1.67484681975894,-4.15380497409172,-8.86186180301609));
#11590=CARTESIAN_POINT('Ctrl Pts',(1.69476619736516,-4.13891594094057,-8.81789737973085));
#11591=CARTESIAN_POINT('Ctrl Pts',(1.71318037460583,-4.1249853479058,-8.77304698646207));
#11592=CARTESIAN_POINT('Ctrl Pts',(1.73008597055266,-4.11207870026814,-8.72740373841347));
#11593=CARTESIAN_POINT('Ctrl Pts',(1.74692401264588,-4.0992236269014,-8.68194287833315));
#11594=CARTESIAN_POINT('Ctrl Pts',(1.76226588023348,-4.08738379322641,-8.63569455999419));
#11595=CARTESIAN_POINT('Ctrl Pts',(1.77607457472557,-4.07664421288962,-8.58871916873192));
#11596=CARTESIAN_POINT('Ctrl Pts',(1.7895656114585,-4.06615168784296,-8.54282440804867));
#11597=CARTESIAN_POINT('Ctrl Pts',(1.80159345320558,-4.05670895781373,-8.49623477923256));
#11598=CARTESIAN_POINT('Ctrl Pts',(1.81208699634075,-4.0484216217065,-8.44898959424879));
#11599=CARTESIAN_POINT('Ctrl Pts',(1.81745587973985,-4.04418151513091,-8.42481721642761));
#11600=CARTESIAN_POINT('Ctrl Pts',(1.82242250836909,-4.0402443247741,-8.40047303413338));
#11601=CARTESIAN_POINT('Ctrl Pts',(1.82697317808163,-4.03662750393076,-8.37596161100281));
#11602=CARTESIAN_POINT('Ctrl Pts',(1.82883718648292,-4.03514601112557,-8.36592144075774));
#11603=CARTESIAN_POINT('Ctrl Pts',(1.8306313695753,-4.03371829915014,-8.35585320862363));
#11604=CARTESIAN_POINT('Ctrl Pts',(1.83235463626367,-4.03234569148799,-8.34575722696547));
#11605=CARTESIAN_POINT('Ctrl Pts',(1.83379308460123,-4.03119994589732,-8.3373298905989));
#11606=CARTESIAN_POINT('Ctrl Pts',(1.83518182442241,-4.03009283059742,-8.32888464275003));
#11607=CARTESIAN_POINT('Ctrl Pts',(1.83651840432886,-4.0290265701513,-8.32043418020605));
#11608=CARTESIAN_POINT('Ctrl Pts',(1.84425438781995,-4.02285516717826,-8.27152379451414));
#11609=CARTESIAN_POINT('Ctrl Pts',(1.8502628022258,-4.01803669617918,-8.22233056016229));
#11610=CARTESIAN_POINT('Ctrl Pts',(1.8544599925957,-4.01469016382869,-8.17301019846091));
#11611=CARTESIAN_POINT('Ctrl Pts',(1.86006401314082,-4.01022192808185,-8.10715845100389));
#11612=CARTESIAN_POINT('Ctrl Pts',(1.86244082759144,-4.00837629651135,-8.04107964925531));
#11613=CARTESIAN_POINT('Ctrl Pts',(1.86165896183413,-4.00904867481873,-7.97501171330035));
#11614=CARTESIAN_POINT('Ctrl Pts',(1.86087234259652,-4.00972514095961,-7.90854210656073));
#11615=CARTESIAN_POINT('Ctrl Pts',(1.8568884207145,-4.01295051842554,-7.84208271708477));
#11616=CARTESIAN_POINT('Ctrl Pts',(1.84973553724675,-4.01865067420674,-7.77588144648147));
#11617=CARTESIAN_POINT('Ctrl Pts',(1.84805960522358,-4.01998622981223,-7.76037038302309));
#11618=CARTESIAN_POINT('Ctrl Pts',(1.84620953130472,-4.02145777610929,-7.74487354291971));
#11619=CARTESIAN_POINT('Ctrl Pts',(1.84418536235446,-4.02306459716541,-7.7293942315747));
#11620=CARTESIAN_POINT('Ctrl Pts',(1.84293899924303,-4.02405398221193,-7.71986299029751));
#11621=CARTESIAN_POINT('Ctrl Pts',(1.84162662800689,-4.02509465658065,-7.71033839587883));
#11622=CARTESIAN_POINT('Ctrl Pts',(1.84024823729866,-4.02618646935462,-7.70082123130445));
#11623=CARTESIAN_POINT('Ctrl Pts',(1.83912582190536,-4.02707552603267,-7.69307146053547));
#11624=CARTESIAN_POINT('Ctrl Pts',(1.83795942574985,-4.02799865239886,-7.68532563757987));
#11625=CARTESIAN_POINT('Ctrl Pts',(1.83675174699185,-4.02895363070635,-7.67760055126784));
#11626=CARTESIAN_POINT('Ctrl Pts',(1.82935178121954,-4.03480519242495,-7.63026563383361));
#11627=CARTESIAN_POINT('Ctrl Pts',(1.82038473910751,-4.04186618926676,-7.58356272203909));
#11628=CARTESIAN_POINT('Ctrl Pts',(1.80989781245818,-4.05008120066582,-7.53746765054881));
#11629=CARTESIAN_POINT('Ctrl Pts',(1.8062498018992,-4.05293889666466,-7.52143289478708));
#11630=CARTESIAN_POINT('Ctrl Pts',(1.80241750744558,-4.05593652829489,-7.50547170817009));
#11631=CARTESIAN_POINT('Ctrl Pts',(1.79840176682224,-4.05907266651669,-7.48958318563636));
#11632=CARTESIAN_POINT('Ctrl Pts',(1.78665428770727,-4.06824699367518,-7.44310356851471));
#11633=CARTESIAN_POINT('Ctrl Pts',(1.77333999054775,-4.0786042911494,-7.3972448720789));
#11634=CARTESIAN_POINT('Ctrl Pts',(1.75855058113369,-4.09001494977186,-7.35207512993564));
#11635=CARTESIAN_POINT('Ctrl Pts',(1.74344542184734,-4.10166922285532,-7.30594102607152));
#11636=CARTESIAN_POINT('Ctrl Pts',(1.72680105644631,-4.11442293617527,-7.26052451393906));
#11637=CARTESIAN_POINT('Ctrl Pts',(1.70867557692385,-4.12816565973217,-7.21592011870773));
#11638=CARTESIAN_POINT('Ctrl Pts',(1.69576993319132,-4.13795070811779,-7.18416104535206));
#11639=CARTESIAN_POINT('Ctrl Pts',(1.68211256232381,-4.14823775926458,-7.15281410745583));
#11640=CARTESIAN_POINT('Ctrl Pts',(1.66771449265243,-4.1589925024741,-7.12192481182173));
#11641=CARTESIAN_POINT('Ctrl Pts',(1.66132500923007,-4.16376517374305,-7.10821695744353));
#11642=CARTESIAN_POINT('Ctrl Pts',(1.65478881823363,-4.16863054472287,-7.09459788104675));
#11643=CARTESIAN_POINT('Ctrl Pts',(1.64810877745081,-4.17358406503238,-7.08107703246796));
#11644=CARTESIAN_POINT('Ctrl Pts',(1.6295224293754,-4.18736659356243,-7.04345702293049));
#11645=CARTESIAN_POINT('Ctrl Pts',(1.60985286167132,-4.20180962373087,-7.00665187596433));
#11646=CARTESIAN_POINT('Ctrl Pts',(1.58909279547789,-4.21686309197028,-6.97073978282519));
#11647=CARTESIAN_POINT('Ctrl Pts',(1.57196838614664,-4.22928028513263,-6.94111688195738));
#11648=CARTESIAN_POINT('Ctrl Pts',(1.55410144423698,-4.2421131809554,-6.91210204033377));
#11649=CARTESIAN_POINT('Ctrl Pts',(1.53547871903866,-4.25533531015011,-6.88376433799298));
#11650=CARTESIAN_POINT('',(1.47182461380229,-4.3,-9.26845626893707));
#11651=CARTESIAN_POINT('Ctrl Pts',(1.47182461380228,-4.3,-9.26845626893707));
#11652=CARTESIAN_POINT('Ctrl Pts',(1.49400447009551,-4.28462002044171,-9.21916157881968));
#11653=CARTESIAN_POINT('Ctrl Pts',(1.5153123970884,-4.26965339256658,-9.16832634644121));
#11654=CARTESIAN_POINT('Ctrl Pts',(1.53547871904044,-4.25533531014885,-9.11623566200505));
#11655=CARTESIAN_POINT('',(1.47182461380229,-4.3,-12.));
#11656=CARTESIAN_POINT('',(1.47182461380229,-4.3,0.));
#11657=CARTESIAN_POINT('',(3.77966372820241,-1.60581626736414,-12.));
#11658=CARTESIAN_POINT('Origin',(-2.51697355383265,1.45234640628259,-12.));
#11659=CARTESIAN_POINT('',(3.77966372820241,-1.60581626736414,0.));
#11660=CARTESIAN_POINT('Origin',(2.51697355383265,1.45234640628259,0.));
#11661=CARTESIAN_POINT('',(-1.47182461380229,-4.3,-6.73154373106293));
#11662=CARTESIAN_POINT('',(-1.47182461380229,-4.3,0.));
#11663=CARTESIAN_POINT('',(-3.77966372820351,-1.60581626736467,-12.));
#11664=CARTESIAN_POINT('',(-3.77966372820351,-1.60581626736467,0.));
#11665=CARTESIAN_POINT('',(-1.47182461380229,-4.3,-12.));
#11666=CARTESIAN_POINT('Origin',(2.51697355383265,1.45234640628259,-12.));
#11667=CARTESIAN_POINT('',(-1.47182461380229,-4.3,-9.26845626893707));
#11668=CARTESIAN_POINT('',(-1.47182461380229,-4.3,0.));
#11669=CARTESIAN_POINT('',(-1.53547871902147,-4.25533531016083,-9.11623566203957));
#11670=CARTESIAN_POINT('Ctrl Pts',(-1.53547871902617,-4.25533531015898,
-9.1162356620419));
#11671=CARTESIAN_POINT('Ctrl Pts',(-1.51531256920577,-4.26965327036322,
-9.16832590185088));
#11672=CARTESIAN_POINT('Ctrl Pts',(-1.49400614485137,-4.28461885913072,
-9.21915785667783));
#11673=CARTESIAN_POINT('Ctrl Pts',(-1.47182461380228,-4.3,-9.26845626893707));
#11674=CARTESIAN_POINT('',(-1.53547871901601,-4.2553353101662,-6.88376433795852));
#11675=CARTESIAN_POINT('Ctrl Pts',(-1.53547871901601,-4.2553353101662,-6.88376433795852));
#11676=CARTESIAN_POINT('Ctrl Pts',(-1.70857715803264,-4.13243547141066,
-7.14716359816561));
#11677=CARTESIAN_POINT('Ctrl Pts',(-1.90440994101399,-3.97407260925476,
-7.70602334194648));
#11678=CARTESIAN_POINT('Ctrl Pts',(-1.83479046912164,-4.0316258570325,-8.52472671200429));
#11679=CARTESIAN_POINT('Ctrl Pts',(-1.65088583539704,-4.17339629283557,
-8.94062374289136));
#11680=CARTESIAN_POINT('Ctrl Pts',(-1.5354787190192,-4.25533531016393,-9.11623566203663));
#11681=CARTESIAN_POINT('Ctrl Pts',(-1.47182461380228,-4.3,-6.73154373106293));
#11682=CARTESIAN_POINT('Ctrl Pts',(-1.49400447008964,-4.28462002044578,
-6.78083842116729));
#11683=CARTESIAN_POINT('Ctrl Pts',(-1.51531239707713,-4.2696533925745,-6.83167365353191));
#11684=CARTESIAN_POINT('Ctrl Pts',(-1.53547871902444,-4.25533531016021,
-6.88376433795362));
#11685=CARTESIAN_POINT('Origin',(0.,-4.1,-8.));
#11686=CARTESIAN_POINT('',(-1.46003142881642,-3.90033456999864,-7.49957249509551));
#11687=CARTESIAN_POINT('',(1.45969435910881,-3.90024209306622,-7.49911249978451));
#11688=CARTESIAN_POINT('Origin',(0.,-3.9,-8.));
#11689=CARTESIAN_POINT('Ctrl Pts',(1.45969350249556,-3.90024103756016,-7.49911300797284));
#11690=CARTESIAN_POINT('Ctrl Pts',(1.46214820426762,-3.9137512297072,-7.46464139771566));
#11691=CARTESIAN_POINT('Ctrl Pts',(1.46486532268182,-3.92837937693416,-7.43051941105007));
#11692=CARTESIAN_POINT('Ctrl Pts',(1.46785095041603,-3.94397332619327,-7.39676047426277));
#11693=CARTESIAN_POINT('Ctrl Pts',(1.47087389579201,-3.95976218569032,-7.36257958135055));
#11694=CARTESIAN_POINT('Ctrl Pts',(1.47417243821365,-3.97654120471894,-7.32877101842008));
#11695=CARTESIAN_POINT('Ctrl Pts',(1.47772836295024,-3.99412687200888,-7.29537011106114));
#11696=CARTESIAN_POINT('Ctrl Pts',(1.48135105674827,-4.01204274271612,-7.261342039912));
#11697=CARTESIAN_POINT('Ctrl Pts',(1.48524110353976,-4.03079578388343,-7.22773706448551));
#11698=CARTESIAN_POINT('Ctrl Pts',(1.4893493839267,-4.05016521822928,-7.1946138386969));
#11699=CARTESIAN_POINT('Ctrl Pts',(1.49101526338427,-4.05801939071562,-7.18118259832082));
#11700=CARTESIAN_POINT('Ctrl Pts',(1.49271667206937,-4.06597461762295,-7.16783081182213));
#11701=CARTESIAN_POINT('Ctrl Pts',(1.49444890551439,-4.07401502845363,-7.15456338100217));
#11702=CARTESIAN_POINT('Ctrl Pts',(1.49921586298111,-4.09614154757554,-7.11805255239919));
#11703=CARTESIAN_POINT('Ctrl Pts',(1.50428511924632,-4.11916115966796,-7.08179925884911));
#11704=CARTESIAN_POINT('Ctrl Pts',(1.50959136367058,-4.1427963365678,-7.04595468114446));
#11705=CARTESIAN_POINT('Ctrl Pts',(1.5151897700013,-4.16773286670177,-7.0081365003938));
#11706=CARTESIAN_POINT('Ctrl Pts',(1.52105194882001,-4.19335428210394,-6.97077298852631));
#11707=CARTESIAN_POINT('Ctrl Pts',(1.52707022886533,-4.21929598992673,-6.93407182689905));
#11708=CARTESIAN_POINT('Ctrl Pts',(1.52984443083332,-4.23125414680092,-6.91715396431259));
#11709=CARTESIAN_POINT('Ctrl Pts',(1.53265138848043,-4.24327987342115,-6.90037727730885));
#11710=CARTESIAN_POINT('Ctrl Pts',(1.53547871904116,-4.25533531014843,-6.88376433799666));
#11711=CARTESIAN_POINT('Origin',(0.,-4.3,-8.));
#11712=CARTESIAN_POINT('Ctrl Pts',(-1.53547871902285,-4.25533531015809,
-6.88376433795503));
#11713=CARTESIAN_POINT('Ctrl Pts',(-1.52941150536286,-4.22946535656811,
-6.91941430889436));
#11714=CARTESIAN_POINT('Ctrl Pts',(-1.52346221699312,-4.20372335521232,
-6.95586584971844));
#11715=CARTESIAN_POINT('Ctrl Pts',(-1.51773011422228,-4.17847758199172,
-6.99288735382717));
#11716=CARTESIAN_POINT('Ctrl Pts',(-1.51209853109341,-4.15367452520292,
-7.02925963923083));
#11717=CARTESIAN_POINT('Ctrl Pts',(-1.50667713361138,-4.12935085761614,
-7.06618264805682));
#11718=CARTESIAN_POINT('Ctrl Pts',(-1.50154048867963,-4.10582538693122,
-7.10346980261071));
#11719=CARTESIAN_POINT('Ctrl Pts',(-1.49883783528154,-4.09344742541489,
-7.12308849463617));
#11720=CARTESIAN_POINT('Ctrl Pts',(-1.49621362327171,-4.08128988210747,
-7.14280849804991));
#11721=CARTESIAN_POINT('Ctrl Pts',(-1.49367593902509,-4.06939517609998,
-7.16260557184323));
#11722=CARTESIAN_POINT('Ctrl Pts',(-1.48925188672818,-4.04865863194413,
-7.19711864804818));
#11723=CARTESIAN_POINT('Ctrl Pts',(-1.48502312301313,-4.02851564349582,
-7.23216205515281));
#11724=CARTESIAN_POINT('Ctrl Pts',(-1.48106325666824,-4.00922929033603,
-7.26766588390846));
#11725=CARTESIAN_POINT('Ctrl Pts',(-1.47712876871891,-3.99006654152468,
-7.30294217210297));
#11726=CARTESIAN_POINT('Ctrl Pts',(-1.47345965002681,-3.97174963723246,
-7.33867329962263));
#11727=CARTESIAN_POINT('Ctrl Pts',(-1.47009375463675,-3.9545102021968,-7.37480947008061));
#11728=CARTESIAN_POINT('Ctrl Pts',(-1.46696931058926,-3.93850743207558,
-7.40835342483922));
#11729=CARTESIAN_POINT('Ctrl Pts',(-1.46410605346643,-3.92343316210311,
-7.44224723301042));
#11730=CARTESIAN_POINT('Ctrl Pts',(-1.4615090835052,-3.90945012263751,-7.47646147982312));
#11731=CARTESIAN_POINT('Ctrl Pts',(-1.46127788143128,-3.90820524581091,
-7.47950749303801));
#11732=CARTESIAN_POINT('Ctrl Pts',(-1.46104880109826,-3.9069690179883,-7.48255607847275));
#11733=CARTESIAN_POINT('Ctrl Pts',(-1.46082185229192,-3.9057415539964,-7.48560723474996));
#11734=CARTESIAN_POINT('Ctrl Pts',(-1.46047320049615,-3.90385585328735,
-7.49029459632905));
#11735=CARTESIAN_POINT('Ctrl Pts',(-1.46012951449809,-3.90199079847043,
-7.49498795459273));
#11736=CARTESIAN_POINT('Ctrl Pts',(-1.45979078073438,-3.90014677337257,
-7.49968725715501));
#11737=CARTESIAN_POINT('Ctrl Pts',(-1.19614920715089,-4.05376702112537,
-7.02552009575747));
#11738=CARTESIAN_POINT('Ctrl Pts',(-1.37206094971471,-3.95302489840326,
-7.24143825605369));
#11739=CARTESIAN_POINT('Ctrl Pts',(-1.59072188312836,-3.8209272689601,-7.73309459513507));
#11740=CARTESIAN_POINT('Ctrl Pts',(-1.5115575971795,-3.86905996350257,-8.47426205461853));
#11741=CARTESIAN_POINT('Ctrl Pts',(-1.31343199180338,-3.98660085863697,
-8.83052428918423));
#11742=CARTESIAN_POINT('Ctrl Pts',(-1.19614920715413,-4.05376702112351,
-8.97447990423857));
#11743=CARTESIAN_POINT('Ctrl Pts',(-1.30925904443926,-4.12095645080564,
-6.97826817649115));
#11744=CARTESIAN_POINT('Ctrl Pts',(-1.48423301915403,-4.01282842273906,
-7.210013370091));
#11745=CARTESIAN_POINT('Ctrl Pts',(-1.69528456909024,-3.87197571572498,
-7.72407084407221));
#11746=CARTESIAN_POINT('Ctrl Pts',(-1.61930188782689,-3.92324859467921,
-8.49108360708045));
#11747=CARTESIAN_POINT('Ctrl Pts',(-1.4259166063346,-4.04886600336983,-8.8672241070866));
#11748=CARTESIAN_POINT('Ctrl Pts',(-1.30925904444248,-4.12095645080365,
-9.02173182350458));
#11749=CARTESIAN_POINT('Ctrl Pts',(-1.42236888172764,-4.18814588048592,
-6.93101625722484));
#11750=CARTESIAN_POINT('Ctrl Pts',(-1.59640508859333,-4.07263194707486,
-7.17858848412831));
#11751=CARTESIAN_POINT('Ctrl Pts',(-1.79984725505211,-3.92302416248987,
-7.71504709300934));
#11752=CARTESIAN_POINT('Ctrl Pts',(-1.72704617847427,-3.97743722585585,
-8.50790515954237));
#11753=CARTESIAN_POINT('Ctrl Pts',(-1.53840122086582,-4.11113114810271,
-8.90392392498898));
#11754=CARTESIAN_POINT('Ctrl Pts',(-1.42236888173084,-4.1881458804838,-9.06898374277061));
#11755=CARTESIAN_POINT('Ctrl Pts',(-1.53547871901601,-4.2553353101662,-6.88376433795852));
#11756=CARTESIAN_POINT('Ctrl Pts',(-1.70857715803264,-4.13243547141066,
-7.14716359816561));
#11757=CARTESIAN_POINT('Ctrl Pts',(-1.90440994101399,-3.97407260925476,
-7.70602334194648));
#11758=CARTESIAN_POINT('Ctrl Pts',(-1.83479046912164,-4.0316258570325,-8.52472671200429));
#11759=CARTESIAN_POINT('Ctrl Pts',(-1.65088583539704,-4.17339629283557,
-8.94062374289136));
#11760=CARTESIAN_POINT('Ctrl Pts',(-1.5354787190192,-4.25533531016393,-9.11623566203663));
#11761=CARTESIAN_POINT('',(-1.45965775826743,-3.90044912050277,-8.50024816714276));
#11762=CARTESIAN_POINT('Ctrl Pts',(-1.45965775826743,-3.90044912050277,
-8.50024816714276));
#11763=CARTESIAN_POINT('Ctrl Pts',(-1.46451990457864,-3.89753599857602,
-8.48606106951575));
#11764=CARTESIAN_POINT('Ctrl Pts',(-1.4691840540209,-3.89473956426413,-8.47177717463934));
#11765=CARTESIAN_POINT('Ctrl Pts',(-1.47364529713971,-3.89206546992386,
-8.45740413008413));
#11766=CARTESIAN_POINT('Ctrl Pts',(-1.48794399505222,-3.88349474957917,
-8.41133718938964));
#11767=CARTESIAN_POINT('Ctrl Pts',(-1.50015185178404,-3.87618078120586,
-8.36436218432639));
#11768=CARTESIAN_POINT('Ctrl Pts',(-1.51013797005518,-3.87017798788003,
-8.31675276067874));
#11769=CARTESIAN_POINT('Ctrl Pts',(-1.52010852686494,-3.86418454876312,
-8.26921752724071));
#11770=CARTESIAN_POINT('Ctrl Pts',(-1.52786402774822,-3.859498201445,-8.22105042635458));
#11771=CARTESIAN_POINT('Ctrl Pts',(-1.53332252260526,-3.85617311497406,
-8.17254286908312));
#11772=CARTESIAN_POINT('Ctrl Pts',(-1.53877675893455,-3.85285062261988,
-8.12407315571998));
#11773=CARTESIAN_POINT('Ctrl Pts',(-1.54193744644279,-3.85088726792474,
-8.07526412922989));
#11774=CARTESIAN_POINT('Ctrl Pts',(-1.54277385307504,-3.8503370932535,-8.02641662862649));
#11775=CARTESIAN_POINT('Ctrl Pts',(-1.54361038978726,-3.84978683301776,
-7.97756153114252));
#11776=CARTESIAN_POINT('Ctrl Pts',(-1.54212191181677,-3.8506501924024,-7.92866857402447));
#11777=CARTESIAN_POINT('Ctrl Pts',(-1.53832977222852,-3.85298123899059,
-7.880039540367));
#11778=CARTESIAN_POINT('Ctrl Pts',(-1.53741965182549,-3.85354069441435,
-7.86836848378239));
#11779=CARTESIAN_POINT('Ctrl Pts',(-1.53637707364494,-3.85418468990325,
-7.8567126088416));
#11780=CARTESIAN_POINT('Ctrl Pts',(-1.53520277626374,-3.85491397290455,
-7.84507603235097));
#11781=CARTESIAN_POINT('Ctrl Pts',(-1.53026962230027,-3.85797764773337,
-7.79619146158137));
#11782=CARTESIAN_POINT('Ctrl Pts',(-1.52300218879664,-3.86254646847175,
-7.74759170433299));
#11783=CARTESIAN_POINT('Ctrl Pts',(-1.51347046110374,-3.86846748165969,
-7.69957336441915));
#11784=CARTESIAN_POINT('Ctrl Pts',(-1.50392298339054,-3.87439827860151,
-7.65147568004095));
#11785=CARTESIAN_POINT('Ctrl Pts',(-1.49210392861218,-3.88168574035186,
-7.60396192639529));
#11786=CARTESIAN_POINT('Ctrl Pts',(-1.47813307477121,-3.89017615398624,
-7.55731318828385));
#11787=CARTESIAN_POINT('Ctrl Pts',(-1.4723645326761,-3.89368183152122,-7.53805200263675));
#11788=CARTESIAN_POINT('Ctrl Pts',(-1.46622970468817,-3.89739259433649,
-7.51893803881025));
#11789=CARTESIAN_POINT('Ctrl Pts',(-1.45973932249899,-3.90129762212123,
-7.49998988975203));
#11790=CARTESIAN_POINT('Ctrl Pts',(-1.53547871904537,-4.25533531016637,
-9.11623566202806));
#11791=CARTESIAN_POINT('Ctrl Pts',(-1.51919676340397,-4.18591078345634,
-9.02056551128283));
#11792=CARTESIAN_POINT('Ctrl Pts',(-1.50456216543649,-4.1189997409683,-8.92079585066479));
#11793=CARTESIAN_POINT('Ctrl Pts',(-1.47937113547207,-3.99937226574638,
-8.71807315363392));
#11794=CARTESIAN_POINT('Ctrl Pts',(-1.46802142161441,-3.94347180755359,
-8.60991562302214));
#11795=CARTESIAN_POINT('Ctrl Pts',(-1.4599042738929,-3.90028764138727,-8.50041608200369));
#11796=CARTESIAN_POINT('Origin',(0.,-4.1,-8.));
#11797=CARTESIAN_POINT('Origin',(0.,-4.3,-8.));
#11798=CARTESIAN_POINT('',(1.45921398529965,-3.90006485226813,-8.50097310792373));
#11799=CARTESIAN_POINT('Ctrl Pts',(1.53547871904117,-4.25533531014842,-9.11623566200333));
#11800=CARTESIAN_POINT('Ctrl Pts',(1.52932450883281,-4.22909441253157,-9.08007451334751));
#11801=CARTESIAN_POINT('Ctrl Pts',(1.52324254333602,-4.20299239478694,-9.04316929184227));
#11802=CARTESIAN_POINT('Ctrl Pts',(1.517363973898,-4.17740370444659,-9.00572173978657));
#11803=CARTESIAN_POINT('Ctrl Pts',(1.51163645824848,-4.15247253268439,-8.96923642772266));
#11804=CARTESIAN_POINT('Ctrl Pts',(1.50610255797593,-4.12802900477787,-8.93223572236113));
#11805=CARTESIAN_POINT('Ctrl Pts',(1.50085848617501,-4.10439137626722,-8.89487453105422));
#11806=CARTESIAN_POINT('Ctrl Pts',(1.49777732260944,-4.09050304626174,-8.87292289770679));
#11807=CARTESIAN_POINT('Ctrl Pts',(1.49479567668651,-4.07689236508384,-8.85084626035087));
#11808=CARTESIAN_POINT('Ctrl Pts',(1.49192809186239,-4.06361848961097,-8.82867197237139));
#11809=CARTESIAN_POINT('Ctrl Pts',(1.48751915700512,-4.04320979872555,-8.7945788252794));
#11810=CARTESIAN_POINT('Ctrl Pts',(1.48332688486408,-4.02339525556747,-8.75993722205118));
#11811=CARTESIAN_POINT('Ctrl Pts',(1.47942230598485,-4.00443080618288,-8.72480197413834));
#11812=CARTESIAN_POINT('Ctrl Pts',(1.47566954439892,-3.98620372988341,-8.69103285005143));
#11813=CARTESIAN_POINT('Ctrl Pts',(1.47218284554937,-3.96876225739991,-8.65680684223992));
#11814=CARTESIAN_POINT('Ctrl Pts',(1.46899145108657,-3.95231140460536,-8.6221596212376));
#11815=CARTESIAN_POINT('Ctrl Pts',(1.46874193266811,-3.95102519858493,-8.61945073648852));
#11816=CARTESIAN_POINT('Ctrl Pts',(1.46849422481992,-3.9497450480811,-8.61673925081343));
#11817=CARTESIAN_POINT('Ctrl Pts',(1.46824834409417,-3.94847105107758,-8.61402516762971));
#11818=CARTESIAN_POINT('Ctrl Pts',(1.46521172709027,-3.93273723968556,-8.58050635024095));
#11819=CARTESIAN_POINT('Ctrl Pts',(1.46245270296323,-3.91794202433747,-8.54659490806164));
#11820=CARTESIAN_POINT('Ctrl Pts',(1.45996975496442,-3.90424791173479,-8.51231280967471));
#11821=CARTESIAN_POINT('Ctrl Pts',(1.45969823215294,-3.90275039186868,-8.50856389034888));
#11822=CARTESIAN_POINT('Ctrl Pts',(1.45943002544386,-3.90126603956061,-8.50481048911958));
#11823=CARTESIAN_POINT('Ctrl Pts',(1.45916514287466,-3.89979506732449,-8.50105259761861));
#11824=CARTESIAN_POINT('',(7.20198327562732E-14,-3.9,-9.543));
#11825=CARTESIAN_POINT('Origin',(0.,-3.9,-8.));
#11826=CARTESIAN_POINT('Origin',(0.,-3.9,-8.));
#11827=CARTESIAN_POINT('Origin',(0.,1.10421172358872,-8.));
#11828=CARTESIAN_POINT('',(7.20198327562731E-14,-0.4,-9.543));
#11829=CARTESIAN_POINT('Origin',(0.,-0.4,-8.));
#11830=CARTESIAN_POINT('',(7.20198327562732E-14,1.10421172358872,-9.543));
#11831=CARTESIAN_POINT('Ctrl Pts',(1.45965565612028,-3.90250445549155,-8.50025430088712));
#11832=CARTESIAN_POINT('Ctrl Pts',(1.50729077512525,-3.87368773993802,-8.36126325021099));
#11833=CARTESIAN_POINT('Ctrl Pts',(1.54300709488458,-3.85000771988398,-8.19360544616571));
#11834=CARTESIAN_POINT('Ctrl Pts',(1.54299453983488,-3.85031406744675,-7.85095280928425));
#11835=CARTESIAN_POINT('Ctrl Pts',(1.52135947149731,-3.86371671471076,-7.6796128105465));
#11836=CARTESIAN_POINT('Ctrl Pts',(1.45950739282703,-3.90096216749076,-7.49931330127191));
#11837=CARTESIAN_POINT('Ctrl Pts',(1.19629421231469,-4.05385315696696,-8.9745404804745));
#11838=CARTESIAN_POINT('Ctrl Pts',(1.37131142050747,-3.95361321567641,-8.75969863733627));
#11839=CARTESIAN_POINT('Ctrl Pts',(1.58995040327374,-3.82150647192388,-8.26575720477339));
#11840=CARTESIAN_POINT('Ctrl Pts',(1.51160110954592,-3.86916589300347,-7.5283302624888));
#11841=CARTESIAN_POINT('Ctrl Pts',(1.31297235110851,-3.98702652944073,-7.16868741494886));
#11842=CARTESIAN_POINT('Ctrl Pts',(1.19629421231318,-4.05385315696783,-7.02545951952365));
#11843=CARTESIAN_POINT('Ctrl Pts',(1.30935571455651,-4.12101387469436,-9.02177220765129));
#11844=CARTESIAN_POINT('Ctrl Pts',(1.48344031589635,-4.01342867631938,-8.79119043513696));
#11845=CARTESIAN_POINT('Ctrl Pts',(1.69446067659255,-3.87257188908659,-8.27469665151382));
#11846=CARTESIAN_POINT('Ctrl Pts',(1.61928864301502,-3.92333601866192,-7.51160688818169));
#11847=CARTESIAN_POINT('Ctrl Pts',(1.42541211544839,-4.0492904091119,-7.13194897402266));
#11848=CARTESIAN_POINT('Ctrl Pts',(1.30935571455501,-4.12101387469529,-6.97822779234672));
#11849=CARTESIAN_POINT('Ctrl Pts',(1.42241721679833,-4.18817459242175,-9.06900393482808));
#11850=CARTESIAN_POINT('Ctrl Pts',(1.59556921128523,-4.07324413696236,-8.82268223293765));
#11851=CARTESIAN_POINT('Ctrl Pts',(1.79897094991136,-3.9236373062493,-8.28363609825426));
#11852=CARTESIAN_POINT('Ctrl Pts',(1.72697617648412,-3.97750614432035,-7.49488351387457));
#11853=CARTESIAN_POINT('Ctrl Pts',(1.53785187978827,-4.11155428878307,-7.09521053309647));
#11854=CARTESIAN_POINT('Ctrl Pts',(1.42241721679684,-4.18817459242274,-6.93099606516979));
#11855=CARTESIAN_POINT('Ctrl Pts',(1.53547871904016,-4.25533531014914,-9.11623566200487));
#11856=CARTESIAN_POINT('Ctrl Pts',(1.7076981066741,-4.13305959760533,-8.85417403073834));
#11857=CARTESIAN_POINT('Ctrl Pts',(1.90348122323016,-3.97470272341202,-8.2925755449947));
#11858=CARTESIAN_POINT('Ctrl Pts',(1.83466370995322,-4.0316762699788,-7.47816013956745));
#11859=CARTESIAN_POINT('Ctrl Pts',(1.65029164412815,-4.17381816845424,-7.05847209217028));
#11860=CARTESIAN_POINT('Ctrl Pts',(1.53547871903867,-4.2553353101502,-6.88376433799286));
#11861=CARTESIAN_POINT('Origin',(1.,-4.3,0.));
#11862=CARTESIAN_POINT('',(0.499999999999696,-4.3,-12.));
#11863=CARTESIAN_POINT('Origin',(0.,-0.2,-8.));
#11864=CARTESIAN_POINT('',(9.02140147914007E-14,0.,-9.943));
#11865=CARTESIAN_POINT('',(8.09279607727285E-14,-0.2,-9.743));
#11866=CARTESIAN_POINT('Origin',(0.,0.,-8.));
#11867=CARTESIAN_POINT('Origin',(-2.2,0.,0.));
#11868=CARTESIAN_POINT('',(2.2,-6.93889390390723E-17,-12.));
#11869=CARTESIAN_POINT('',(2.2,-6.93889390390723E-17,0.));
#11870=CARTESIAN_POINT('',(-2.2,0.,-12.));
#11871=CARTESIAN_POINT('',(0.,0.,-12.));
#11872=CARTESIAN_POINT('',(-2.2,0.,0.));
#11873=CARTESIAN_POINT('Origin',(1.,-4.3,0.));
#11874=CARTESIAN_POINT('Origin',(-3.15,-1.3,0.));
#11875=CARTESIAN_POINT('',(-3.15,-0.6,-12.));
#11876=CARTESIAN_POINT('',(-3.15,-0.6,0.));
#11877=CARTESIAN_POINT('Origin',(-3.15,-1.3,-12.));
#11878=CARTESIAN_POINT('Origin',(3.15,-1.3,0.));
#11879=CARTESIAN_POINT('',(3.15,-0.600000000001218,-12.));
#11880=CARTESIAN_POINT('Origin',(3.15,-1.3,-12.));
#11881=CARTESIAN_POINT('',(3.15,-0.600000000001218,0.));
#11882=CARTESIAN_POINT('Origin',(2.7,-0.6,0.));
#11883=CARTESIAN_POINT('',(2.7,-0.6,-12.));
#11884=CARTESIAN_POINT('',(2.7,-0.6,-12.));
#11885=CARTESIAN_POINT('',(2.7,-0.6,0.));
#11886=CARTESIAN_POINT('Origin',(2.7,-0.35,0.));
#11887=CARTESIAN_POINT('',(2.45,-0.35,-12.));
#11888=CARTESIAN_POINT('Origin',(2.7,-0.35,-12.));
#11889=CARTESIAN_POINT('',(2.45,-0.35,0.));
#11890=CARTESIAN_POINT('Origin',(2.45,-0.25,0.));
#11891=CARTESIAN_POINT('',(2.45,-0.25,-12.));
#11892=CARTESIAN_POINT('',(2.45,-0.25,-12.));
#11893=CARTESIAN_POINT('',(2.45,-0.25,0.));
#11894=CARTESIAN_POINT('Origin',(2.2,-0.25,0.));
#11895=CARTESIAN_POINT('Origin',(2.2,-0.25,-12.));
#11896=CARTESIAN_POINT('Origin',(-2.2,-0.25,0.));
#11897=CARTESIAN_POINT('',(-2.45,-0.25,-12.));
#11898=CARTESIAN_POINT('Origin',(-2.2,-0.25,-12.));
#11899=CARTESIAN_POINT('',(-2.45,-0.25,0.));
#11900=CARTESIAN_POINT('Origin',(-2.45,-0.35,0.));
#11901=CARTESIAN_POINT('',(-2.45,-0.35,-12.));
#11902=CARTESIAN_POINT('',(-2.45,-0.25,-12.));
#11903=CARTESIAN_POINT('',(-2.45,-0.35,0.));
#11904=CARTESIAN_POINT('Origin',(-2.7,-0.35,0.));
#11905=CARTESIAN_POINT('',(-2.7,-0.6,-12.));
#11906=CARTESIAN_POINT('Origin',(-2.7,-0.35,-12.));
#11907=CARTESIAN_POINT('',(-2.7,-0.6,0.));
#11908=CARTESIAN_POINT('Origin',(-3.15,-0.6,0.));
#11909=CARTESIAN_POINT('',(-2.7,-0.6,-12.));
#11910=CARTESIAN_POINT('Origin',(-6.08957329006898E-13,-2.3,-12.));
#11911=CARTESIAN_POINT('',(0.,0.,0.));
#11912=CARTESIAN_POINT('Origin',(-1.08695936318892E-15,0.,9.5));
#11913=CARTESIAN_POINT('',(1.5,1.83697019872103E-16,9.35));
#11914=CARTESIAN_POINT('Origin',(-1.06858966120171E-15,0.,9.35));
#11915=CARTESIAN_POINT('',(1.2,-1.46957615897682E-16,9.65));
#11916=CARTESIAN_POINT('',(1.35,-1.65327317884893E-16,9.5));
#11917=CARTESIAN_POINT('Origin',(-1.10532906517613E-15,0.,9.65));
#11918=CARTESIAN_POINT('Origin',(0.,0.,1.65));
#11919=CARTESIAN_POINT('',(1.5,1.83697019872103E-16,1.65));
#11920=CARTESIAN_POINT('',(1.5,1.83697019872103E-16,1.65));
#11921=CARTESIAN_POINT('Origin',(-3.84878118253276E-46,0.,1.65));
#11922=CARTESIAN_POINT('Origin',(-1.11022302462516E-15,0.,9.65));
#11923=CARTESIAN_POINT('Origin',(0.,0.,0.));
#11924=CARTESIAN_POINT('',(-1.,-0.577350269189626,0.));
#11925=CARTESIAN_POINT('',(-1.,0.577350269189626,0.));
#11926=CARTESIAN_POINT('Ctrl Pts',(-1.,0.577350269189568,2.88657986402541E-14));
#11927=CARTESIAN_POINT('Ctrl Pts',(-1.,-6.93889390390723E-17,0.288675134594789));
#11928=CARTESIAN_POINT('Ctrl Pts',(-1.,-0.577350269189568,2.88657986402541E-14));
#11929=CARTESIAN_POINT('Origin',(0.,0.,0.));
#11930=CARTESIAN_POINT('Origin',(0.,0.,0.));
#11931=CARTESIAN_POINT('',(2.85,-3.49024337756996E-16,1.4025));
#11932=CARTESIAN_POINT('Origin',(0.,0.,1.4025));
#11933=CARTESIAN_POINT('',(2.85,-3.49024337756996E-16,1.65));
#11934=CARTESIAN_POINT('',(2.85,-3.49024337756996E-16,3.49024337756969E-16));
#11935=CARTESIAN_POINT('Origin',(0.,0.,1.65));
#11936=CARTESIAN_POINT('Origin',(0.,4.33680868994202E-16,2.79483288770053));
#11937=CARTESIAN_POINT('',(-1.55431223447522E-14,-1.5,0.));
#11938=CARTESIAN_POINT('Origin',(0.,0.,0.));
#11939=CARTESIAN_POINT('Origin',(-9.99200722162641E-15,-1.5,0.));
#11940=CARTESIAN_POINT('',(1.,0.577350269189626,0.));
#11941=CARTESIAN_POINT('',(1.,-0.577350269189626,0.));
#11942=CARTESIAN_POINT('Origin',(0.,0.,0.));
#11943=CARTESIAN_POINT('',(0.,1.15470053837925,0.));
#11944=CARTESIAN_POINT('Origin',(0.,0.,0.));
#11945=CARTESIAN_POINT('Origin',(0.,0.,0.));
#11946=CARTESIAN_POINT('',(0.,-1.15470053837925,0.));
#11947=CARTESIAN_POINT('Origin',(0.,0.,0.));
#11948=CARTESIAN_POINT('Origin',(0.,0.,0.));
#11949=CARTESIAN_POINT('Origin',(-1.99840144432528E-14,-2.85,1.65));
#11950=CARTESIAN_POINT('Origin',(0.,0.,0.));
#11951=CARTESIAN_POINT('Ctrl Pts',(-0.999999999999952,0.577350269189653,
2.66453525910038E-14));
#11952=CARTESIAN_POINT('Ctrl Pts',(-0.5,0.866025403784438,0.288675134594791));
#11953=CARTESIAN_POINT('Ctrl Pts',(-4.88498130835069E-14,1.15470053837922,
2.88657986402541E-14));
#11954=CARTESIAN_POINT('Origin',(0.,0.,0.));
#11955=CARTESIAN_POINT('Ctrl Pts',(4.9960036108132E-14,1.15470053837922,
2.88657986402541E-14));
#11956=CARTESIAN_POINT('Ctrl Pts',(0.5,0.866025403784439,0.288675134594791));
#11957=CARTESIAN_POINT('Ctrl Pts',(0.999999999999951,0.577350269189654,
2.88657986402541E-14));
#11958=CARTESIAN_POINT('Origin',(0.,0.,0.));
#11959=CARTESIAN_POINT('Ctrl Pts',(1.,0.577350269189569,2.88657986402541E-14));
#11960=CARTESIAN_POINT('Ctrl Pts',(1.,3.46944695195361E-16,0.288675134594791));
#11961=CARTESIAN_POINT('Ctrl Pts',(1.,-0.577350269189568,2.88657986402541E-14));
#11962=CARTESIAN_POINT('Origin',(0.,0.,0.));
#11963=CARTESIAN_POINT('Ctrl Pts',(0.999999999999949,-0.577350269189655,
2.88657986402541E-14));
#11964=CARTESIAN_POINT('Ctrl Pts',(0.5,-0.866025403784439,0.288675134594789));
#11965=CARTESIAN_POINT('Ctrl Pts',(4.9960036108132E-14,-1.15470053837922,
2.88657986402541E-14));
#11966=CARTESIAN_POINT('Origin',(0.,0.,0.));
#11967=CARTESIAN_POINT('Ctrl Pts',(-5.10702591327572E-14,-1.15470053837922,
2.88657986402541E-14));
#11968=CARTESIAN_POINT('Ctrl Pts',(-0.500000000000002,-0.866025403784438,
0.288675134594791));
#11969=CARTESIAN_POINT('Ctrl Pts',(-0.99999999999995,-0.577350269189654,
2.88657986402541E-14));
#11970=CARTESIAN_POINT('Origin',(-1.,-0.577350269189625,1.155));
#11971=CARTESIAN_POINT('',(0.,-1.15470053837925,1.155));
#11972=CARTESIAN_POINT('',(-1.,-0.577350269189626,1.155));
#11973=CARTESIAN_POINT('',(0.,-1.15470053837925,1.155));
#11974=CARTESIAN_POINT('',(-1.,0.577350269189626,1.155));
#11975=CARTESIAN_POINT('',(-1.,-0.577350269189626,1.155));
#11976=CARTESIAN_POINT('',(0.,1.15470053837925,1.155));
#11977=CARTESIAN_POINT('',(-1.,0.577350269189626,1.155));
#11978=CARTESIAN_POINT('',(1.,0.577350269189626,1.155));
#11979=CARTESIAN_POINT('',(0.,1.15470053837925,1.155));
#11980=CARTESIAN_POINT('',(1.,-0.577350269189626,1.155));
#11981=CARTESIAN_POINT('',(1.,0.577350269189626,1.155));
#11982=CARTESIAN_POINT('',(1.,-0.577350269189626,1.155));
#11983=CARTESIAN_POINT('Origin',(-1.,-0.577350269189626,1.155));
#11984=CARTESIAN_POINT('',(-1.,-0.577350269189626,1.155));
#11985=CARTESIAN_POINT('',(-1.,0.577350269189626,1.155));
#11986=CARTESIAN_POINT('Origin',(-1.,0.577350269189626,1.155));
#11987=CARTESIAN_POINT('',(0.,1.15470053837925,1.155));
#11988=CARTESIAN_POINT('Origin',(0.,1.15470053837925,1.155));
#11989=CARTESIAN_POINT('',(1.,0.577350269189626,1.155));
#11990=CARTESIAN_POINT('Origin',(1.,0.577350269189626,1.155));
#11991=CARTESIAN_POINT('',(1.,-0.577350269189626,1.155));
#11992=CARTESIAN_POINT('Origin',(1.,-0.577350269189626,1.155));
#11993=CARTESIAN_POINT('',(0.,-1.15470053837925,1.155));
#11994=CARTESIAN_POINT('Origin',(0.,-1.15470053837925,1.155));
#11995=CARTESIAN_POINT('',(-30.9950109412139,-30.0000001593404,-5.74999963188419));
#11996=CARTESIAN_POINT('',(-30.9950109412139,-30.0000001593404,-8.37499963188423));
#11997=CARTESIAN_POINT('',(-30.9950109412139,-30.0000001593405,13.7500003681157));
#11998=CARTESIAN_POINT('',(-30.9950109412139,-30.0000001593405,16.3750003681157));
#11999=CARTESIAN_POINT('',(-30.9950109412139,-30.0000001593405,3.97500036811572));
#12000=CARTESIAN_POINT('',(-27.0000004700451,-1.90000015934041,8.00000036811656));
#12001=CARTESIAN_POINT('',(-19.0000004700451,-8.3500001593404,8.00000036811661));
#12002=CARTESIAN_POINT('',(-34.9950107095874,-1.90000015934038,8.00000036811658));
#12003=CARTESIAN_POINT('',(-42.9950107095874,-8.35000015934041,8.0000003681166));
#12004=CARTESIAN_POINT('',(0.,0.,0.));
#12005=CARTESIAN_POINT('',(0.,0.,0.));
#12006=CARTESIAN_POINT('Origin',(-9.00000000000082,-8.99999999999857,170.000000138064));
#12007=CARTESIAN_POINT('',(-8.00000000000074,-2.99999999999856,170.000000138064));
#12008=CARTESIAN_POINT('',(-10.0000000000008,-2.99999999999856,170.000000138064));
#12009=CARTESIAN_POINT('',(-8.5,-2.99999999999905,170.000000138064));
#12010=CARTESIAN_POINT('',(-10.0000000000008,-8.99999999999857,170.000000138064));
#12011=CARTESIAN_POINT('',(-9.99999999999984,-5.99999999999881,170.000000138064));
#12012=CARTESIAN_POINT('',(-9.00000000000082,-9.99999999999859,170.000000138064));
#12013=CARTESIAN_POINT('Origin',(-8.99999999999983,-8.99999999999907,170.000000138064));
#12014=CARTESIAN_POINT('',(-3.00000000000074,-9.99999999999859,170.000000138064));
#12015=CARTESIAN_POINT('',(-9.00000000000011,-9.99999999999908,170.000000138064));
#12016=CARTESIAN_POINT('',(-3.00000000000074,-7.99999999999856,170.000000138064));
#12017=CARTESIAN_POINT('',(-2.99999999999974,-9.49999999999947,170.000000138064));
#12018=CARTESIAN_POINT('',(-6.00000000000085,-7.99999999999856,170.000000138064));
#12019=CARTESIAN_POINT('',(-6.00000000000014,-7.99999999999991,170.000000138064));
#12020=CARTESIAN_POINT('',(-6.00000000000085,-7.06066017177854,170.000000138064));
#12021=CARTESIAN_POINT('',(-5.99999999999979,-8.49999999999888,170.000000138064));
#12022=CARTESIAN_POINT('',(-2.93933982822067,-3.99999999999857,170.000000138064));
#12023=CARTESIAN_POINT('',(-2.23483495705478,-3.29549512883454,170.000000138064));
#12024=CARTESIAN_POINT('',(-0.519615242270801,-3.99999999999857,170.000000138064));
#12025=CARTESIAN_POINT('',(-5.96966991411,-3.99999999999985,170.000000138064));
#12026=CARTESIAN_POINT('',(-8.36553049055055E-13,-3.69999999999856,170.000000138064));
#12027=CARTESIAN_POINT('',(-4.78229128114974,-6.46105715851463,170.000000138064));
#12028=CARTESIAN_POINT('',(0.519615242270193,-3.99999999999857,170.000000138064));
#12029=CARTESIAN_POINT('',(-2.22751633998568,-2.41394284148478,170.000000138064));
#12030=CARTESIAN_POINT('',(2.93933982821921,-3.9999999999995,170.000000138064));
#12031=CARTESIAN_POINT('',(-5.96966991411,-3.99999999999985,170.000000138064));
#12032=CARTESIAN_POINT('',(5.99999999999918,-7.06066017177954,170.000000138064));
#12033=CARTESIAN_POINT('',(-3.79549512883427,2.73483495705612,170.000000138064));
#12034=CARTESIAN_POINT('',(5.99999999999918,-7.99999999999955,170.000000138064));
#12035=CARTESIAN_POINT('',(6.00000000000017,-8.03033008588962,170.000000138064));
#12036=CARTESIAN_POINT('',(2.99999999999921,-7.99999999999955,170.000000138064));
#12037=CARTESIAN_POINT('',(-1.50000000000011,-7.99999999999969,170.000000138064));
#12038=CARTESIAN_POINT('',(2.99999999999921,-9.99999999999951,170.000000138064));
#12039=CARTESIAN_POINT('',(3.0000000000002,-8.49999999999959,170.000000138064));
#12040=CARTESIAN_POINT('',(8.99999999999922,-9.99999999999951,170.000000138064));
#12041=CARTESIAN_POINT('',(-3.0000000000001,-9.99999999999972,170.000000138064));
#12042=CARTESIAN_POINT('',(9.99999999999923,-8.9999999999995,170.000000138064));
#12043=CARTESIAN_POINT('Origin',(9.00000000000021,-8.99999999999999,170.000000138064));
#12044=CARTESIAN_POINT('',(9.99999999999931,-2.99999999999955,170.000000138064));
#12045=CARTESIAN_POINT('',(10.0000000000002,-8.99999999999971,170.000000138064));
#12046=CARTESIAN_POINT('',(7.99999999999928,-2.99999999999955,170.000000138064));
#12047=CARTESIAN_POINT('',(0.500000000000059,-2.99999999999962,170.000000138064));
#12048=CARTESIAN_POINT('',(7.99999999999921,-5.99999999999952,170.000000138064));
#12049=CARTESIAN_POINT('',(8.00000000000013,-5.99999999999967,170.000000138064));
#12050=CARTESIAN_POINT('',(7.06066017177919,-5.99999999999952,170.000000138064));
#12051=CARTESIAN_POINT('',(-0.500000000000027,-5.99999999999959,170.000000138064));
#12052=CARTESIAN_POINT('',(3.99999999999915,-2.93933982821955,170.000000138064));
#12053=CARTESIAN_POINT('',(3.79549512883502,-2.73483495705457,170.000000138064));
#12054=CARTESIAN_POINT('',(3.99999999999915,-0.519615242269545,170.000000138064));
#12055=CARTESIAN_POINT('',(4.,-4.24019237886413,170.000000138064));
#12056=CARTESIAN_POINT('',(3.69999999999914,1.4142220762106E-12,170.000000138064));
#12057=CARTESIAN_POINT('',(4.21105715851512,-0.88517696411899,170.000000138064));
#12058=CARTESIAN_POINT('',(3.99999999999915,0.519615242271449,170.000000138064));
#12059=CARTESIAN_POINT('',(0.163942841485126,-6.1246306570152,170.000000138064));
#12060=CARTESIAN_POINT('',(3.99999999999922,2.93933982822146,170.000000138064));
#12061=CARTESIAN_POINT('',(4.,-4.24019237886413,170.000000138064));
#12062=CARTESIAN_POINT('',(7.06066017177933,6.0000000000005,170.000000138064));
#12063=CARTESIAN_POINT('',(-2.23483495705478,-3.29549512883454,170.000000138064));
#12064=CARTESIAN_POINT('',(8.00000000000034,6.0000000000005,170.000000138064));
#12065=CARTESIAN_POINT('',(-0.969669914109785,6.00000000000036,170.000000138064));
#12066=CARTESIAN_POINT('',(7.99999999999935,3.00000000000046,170.000000138064));
#12067=CARTESIAN_POINT('',(8.00000000000091,-1.49999999999964,170.000000138064));
#12068=CARTESIAN_POINT('',(10.0000000000004,3.00000000000046,170.000000138064));
#12069=CARTESIAN_POINT('',(-0.499999999999813,3.00000000000032,170.000000138064));
#12070=CARTESIAN_POINT('',(10.0000000000004,9.00000000000048,170.000000138064));
#12071=CARTESIAN_POINT('',(10.,-2.99999999999969,170.000000138064));
#12072=CARTESIAN_POINT('',(9.00000000000036,10.0000000000005,170.000000138064));
#12073=CARTESIAN_POINT('Origin',(9.00000000000121,8.99999999999998,170.000000138064));
#12074=CARTESIAN_POINT('',(3.00000000000034,10.0000000000014,170.000000138064));
#12075=CARTESIAN_POINT('',(7.97695243193175E-13,10.0000000000004,170.000000138064));
#12076=CARTESIAN_POINT('',(3.00000000000034,8.00000000000046,170.000000138064));
#12077=CARTESIAN_POINT('',(3.00000000000077,0.500000000000391,170.000000138064));
#12078=CARTESIAN_POINT('',(6.00000000000031,8.00000000000046,170.000000138064));
#12079=CARTESIAN_POINT('',(-2.99999999999925,8.00000000000025,170.000000138064));
#12080=CARTESIAN_POINT('',(6.00000000000031,7.06066017178045,170.000000138064));
#12081=CARTESIAN_POINT('',(6.00000000000081,-0.499999999999623,170.000000138064));
#12082=CARTESIAN_POINT('',(2.93933982822027,4.00000000000147,170.000000138064));
#12083=CARTESIAN_POINT('',(-1.76516504294417,-0.704504871164751,170.000000138064));
#12084=CARTESIAN_POINT('',(0.519615242270193,4.00000000000147,170.000000138064));
#12085=CARTESIAN_POINT('',(-3.03033008588932,4.00000000000026,170.000000138064));
#12086=CARTESIAN_POINT('',(2.29261054585095E-13,3.70000000000146,170.000000138064));
#12087=CARTESIAN_POINT('',(-5.86482303587976,0.313942841485322,170.000000138064));
#12088=CARTESIAN_POINT('',(-0.519615242270801,4.00000000000147,170.000000138064));
#12089=CARTESIAN_POINT('',(-0.625369342984411,4.06105715851516,170.000000138064));
#12090=CARTESIAN_POINT('',(-2.93933982822067,4.00000000000147,170.000000138064));
#12091=CARTESIAN_POINT('',(-3.03033008588932,4.00000000000026,170.000000138064));
#12092=CARTESIAN_POINT('',(-5.99999999999964,7.06066017178144,170.000000138064));
#12093=CARTESIAN_POINT('',(-1.2045048711652,2.26516504294522,170.000000138064));
#12094=CARTESIAN_POINT('',(-5.99999999999964,8.00000000000146,170.000000138064));
#12095=CARTESIAN_POINT('',(-5.99999999999922,-0.969669914109381,170.000000138064));
#12096=CARTESIAN_POINT('',(-2.99999999999967,8.00000000000146,170.000000138064));
#12097=CARTESIAN_POINT('',(-7.49999999999927,8.00000000000103,170.000000138064));
#12098=CARTESIAN_POINT('',(-2.9999999999996,10.0000000000014,170.000000138064));
#12099=CARTESIAN_POINT('',(-2.99999999999917,-0.49999999999941,170.000000138064));
#12100=CARTESIAN_POINT('',(-8.99999999999969,10.0000000000014,170.000000138064));
#12101=CARTESIAN_POINT('',(-5.99999999999915,10.0000000000001,170.000000138064));
#12102=CARTESIAN_POINT('',(-9.99999999999963,9.00000000000147,170.000000138064));
#12103=CARTESIAN_POINT('Origin',(-8.99999999999883,9.00000000000097,170.000000138064));
#12104=CARTESIAN_POINT('',(-10.0000000000008,3.00000000000146,170.000000138064));
#12105=CARTESIAN_POINT('',(-9.9999999999992,1.20105925548257E-12,170.000000138064));
#12106=CARTESIAN_POINT('',(-7.99999999999967,3.00000000000146,170.000000138064));
#12107=CARTESIAN_POINT('',(-9.4999999999998,3.00000000000096,170.000000138064));
#12108=CARTESIAN_POINT('',(-7.99999999999967,6.00000000000143,170.000000138064));
#12109=CARTESIAN_POINT('',(-8.00000000000003,-2.99999999999884,170.000000138064));
#12110=CARTESIAN_POINT('',(-7.06066017177966,6.00000000000143,170.000000138064));
#12111=CARTESIAN_POINT('',(-8.49999999999922,6.00000000000093,170.000000138064));
#12112=CARTESIAN_POINT('',(-3.99999999999969,2.93933982822146,170.000000138064));
#12113=CARTESIAN_POINT('',(-3.79549512883427,2.73483495705612,170.000000138064));
#12114=CARTESIAN_POINT('',(-4.00000000000068,0.519615242271449,170.000000138064));
#12115=CARTESIAN_POINT('',(-4.00000000000004,-3.03033008588898,170.000000138064));
#12116=CARTESIAN_POINT('',(-3.70000000000067,1.4142220762106E-12,170.000000138064));
#12117=CARTESIAN_POINT('',(-2.56394284148511,-1.96770871884973,170.000000138064));
#12118=CARTESIAN_POINT('',(-4.00000000000068,-0.519615242269545,170.000000138064));
#12119=CARTESIAN_POINT('',(-6.31105715851474,-4.52248366001393,170.000000138064));
#12120=CARTESIAN_POINT('',(-4.00000000000068,-2.93933982821856,170.000000138064));
#12121=CARTESIAN_POINT('',(-4.00000000000004,-3.03033008588898,170.000000138064));
#12122=CARTESIAN_POINT('',(-7.06066017178079,-5.99999999999853,170.000000138064));
#12123=CARTESIAN_POINT('',(-6.76516504294467,-5.70450487116468,170.000000138064));
#12124=CARTESIAN_POINT('',(-8.00000000000081,-5.99999999999853,170.000000138064));
#12125=CARTESIAN_POINT('',(-8.03033008589003,-5.99999999999896,170.000000138064));
#12126=CARTESIAN_POINT('',(-7.99999999999981,-7.4999999999988,170.000000138064));
#12127=CARTESIAN_POINT('',(2.5000000000003,-6.46351857493692E-13,170.000000138064));
#12128=CARTESIAN_POINT('Origin',(2.29261054585095E-13,-6.86339530960217E-15,
170.000000138064));
#12129=CARTESIAN_POINT('Origin',(7.105427357601E-14,2.07048174161173E-7,
0.));
#12130=CARTESIAN_POINT('',(-8.0000000000009,-5.9999997929512,1.38032056895554E-7));
#12131=CARTESIAN_POINT('',(-8.0000000000009,-2.99999979295123,6.9016117265619E-8));
#12132=CARTESIAN_POINT('',(-7.9999999999999,-2.99999691153566,6.90160462113454E-8));
#12133=CARTESIAN_POINT('',(-7.06066017178088,-5.9999997929512,1.38032056895554E-7));
#12134=CARTESIAN_POINT('',(-3.53033008588774,-5.99999999999916,1.3803198584128E-7));
#12135=CARTESIAN_POINT('',(-4.00000000000091,-2.93933962117123,6.76205402783125E-8));
#12136=CARTESIAN_POINT('',(-2.26516349871183,-1.20450332693203,2.77100653534035E-8));
#12137=CARTESIAN_POINT('',(-4.00000000000091,-0.519615035222216,1.19540288778808E-8));
#12138=CARTESIAN_POINT('',(-4.00000000000006,1.4696730025743,-3.38101813213143E-8));
#12139=CARTESIAN_POINT('',(-3.7000000000009,2.07048742595362E-7,1.06581410364015E-13));
#12140=CARTESIAN_POINT('',(-3.2374986626553,0.801075814849526,-1.84289561389051E-8));
#12141=CARTESIAN_POINT('',(-4.00000000000091,0.519615449319772,-1.19537801879233E-8));
#12142=CARTESIAN_POINT('',(-3.38750133734344,-0.541263561018326,1.24520127542382E-8));
#12143=CARTESIAN_POINT('',(-4.00000000000091,2.93934003526878,-6.76203271154918E-8));
#12144=CARTESIAN_POINT('',(-4.00000000000006,1.4696730025743,-3.38101813213143E-8));
#12145=CARTESIAN_POINT('',(-7.06066017177989,6.00000020704876,-1.38031737151323E-7));
#12146=CARTESIAN_POINT('',(-3.79549667306485,2.73483650128647,-6.2915681553477E-8));
#12147=CARTESIAN_POINT('',(-7.9999999999999,6.00000020704876,-1.38031701624186E-7));
#12148=CARTESIAN_POINT('',(-3.99999999999693,6.00000000000072,-1.3803177267846E-7));
#12149=CARTESIAN_POINT('',(-8.0000000000009,3.00000020704879,-6.90157619942511E-8));
#12150=CARTESIAN_POINT('',(-8.00000000000011,1.50000308846444,-3.45078987606939E-8));
#12151=CARTESIAN_POINT('',(-10.0000000000009,3.00000020704879,-6.90157264671143E-8));
#12152=CARTESIAN_POINT('',(-4.99999999999744,3.00000000000075,-6.90158330485247E-8));
#12153=CARTESIAN_POINT('',(-9.99999999999986,9.0000002070488,-2.07047605726984E-7));
#12154=CARTESIAN_POINT('',(-9.99999999999922,4.50000308846441,-1.03523767336355E-7));
#12155=CARTESIAN_POINT('',(-8.99999999999991,10.0000002070487,-2.30052954464099E-7));
#12156=CARTESIAN_POINT('Origin',(-8.99999999999906,9.00000000000098,-2.07047676781258E-7));
#12157=CARTESIAN_POINT('',(-2.9999999999999,10.0000002070487,-2.3005306104551E-7));
#12158=CARTESIAN_POINT('',(-1.49999999999686,9.99999999999993,-2.30053096572647E-7));
#12159=CARTESIAN_POINT('',(-2.9999999999999,8.00000020704879,-1.84042434625553E-7));
#12160=CARTESIAN_POINT('',(-2.99999999999919,4.0000030884638,-9.20212528399134E-8));
#12161=CARTESIAN_POINT('',(-5.99999999999987,8.00000020704879,-1.8404236357128E-7));
#12162=CARTESIAN_POINT('',(-2.99999999999692,8.00000000000082,-1.84042434625553E-7));
#12163=CARTESIAN_POINT('',(-5.99999999999987,7.06066037882877,-1.62432556294334E-7));
#12164=CARTESIAN_POINT('',(-5.99999999999923,3.53033317435383,-8.1216278147167E-8));
#12165=CARTESIAN_POINT('',(-2.93933982822089,4.0000002070488,-9.20211817856398E-8));
#12166=CARTESIAN_POINT('',(-1.20450641539577,2.26516658717557,-5.21108489692779E-8));
#12167=CARTESIAN_POINT('',(-0.519615242270888,4.0000002070488,-9.20212173127766E-8));
#12168=CARTESIAN_POINT('',(1.46966991411304,4.00000000000006,-9.20212883670501E-8));
#12169=CARTESIAN_POINT('',(1.4210854715202E-13,3.70000020704879,-8.51196446660651E-8));
#12170=CARTESIAN_POINT('',(0.801072161158487,3.23750077211479,-7.44797645779727E-8));
#12171=CARTESIAN_POINT('',(0.519615242270106,4.0000002070488,-9.20212173127766E-8));
#12172=CARTESIAN_POINT('',(-0.5412645400191,3.38750077211699,-7.79304798470548E-8));
#12173=CARTESIAN_POINT('',(2.93933982822011,4.0000002070488,-9.20212883670501E-8));
#12174=CARTESIAN_POINT('',(1.46966991411304,4.00000000000006,-9.20212883670501E-8));
#12175=CARTESIAN_POINT('',(6.00000000000009,7.06066037882778,-1.62432804984292E-7));
#12176=CARTESIAN_POINT('',(2.73483650128867,3.7954966730679,-8.73166072778986E-8));
#12177=CARTESIAN_POINT('',(6.00000000000009,8.00000020704779,-1.84042612261237E-7));
#12178=CARTESIAN_POINT('',(6.0000000000008,4.00000308846359,-9.20214304755973E-8));
#12179=CARTESIAN_POINT('',(3.00000000000011,8.00000020704779,-1.84042541206964E-7));
#12180=CARTESIAN_POINT('',(1.50000000000318,8.00000000000004,-1.84042541206964E-7));
#12181=CARTESIAN_POINT('',(3.00000000000011,10.0000002070487,-2.3005316762692E-7));
#12182=CARTESIAN_POINT('',(3.00000000000075,5.00000308846367,-1.15026708158439E-7));
#12183=CARTESIAN_POINT('',(9.00000000000013,10.0000002070478,-2.30053274208331E-7));
#12184=CARTESIAN_POINT('',(4.50000000000315,10.0000000000002,-2.30053203154057E-7));
#12185=CARTESIAN_POINT('',(10.0000000000001,9.0000002070478,-2.07047996525489E-7));
#12186=CARTESIAN_POINT('Origin',(9.00000000000098,8.99999999999999,-2.07047996525489E-7));
#12187=CARTESIAN_POINT('',(9.99999999999908,3.00000020704779,-6.9016117265619E-8));
#12188=CARTESIAN_POINT('',(9.99999999999993,1.50000308846352,-3.4508218504925E-8));
#12189=CARTESIAN_POINT('',(7.99999999999912,3.00000020704779,-6.90160462113454E-8));
#12190=CARTESIAN_POINT('',(4.00000000000247,3.00000000000018,-6.90160106842086E-8));
#12191=CARTESIAN_POINT('',(8.00000000000011,6.00000020704783,-1.3803198584128E-7));
#12192=CARTESIAN_POINT('',(8.0000000000009,3.00000308846357,-6.9016117265619E-8));
#12193=CARTESIAN_POINT('',(7.06066017177911,6.00000020704783,-1.3803198584128E-7));
#12194=CARTESIAN_POINT('',(3.53033008589257,6.00000000000016,-1.38031914787007E-7));
#12195=CARTESIAN_POINT('',(3.99999999999906,2.93934003526878,-6.7620469224039E-8));
#12196=CARTESIAN_POINT('',(2.26516658717799,1.20450641539811,-2.77100653534035E-8));
#12197=CARTESIAN_POINT('',(3.99999999999906,0.519615449318778,-1.19539578236072E-8));
#12198=CARTESIAN_POINT('',(3.99999999999999,0.259810709599151,-5.97708549321396E-9));
#12199=CARTESIAN_POINT('',(3.69999999999905,2.07048742595362E-7,-3.5527136788005E-14));
#12200=CARTESIAN_POINT('',(3.23750133734457,-0.801071182151816,1.84288495574947E-8));
#12201=CARTESIAN_POINT('',(3.99999999999906,-0.519615035222216,1.19538512421968E-8));
#12202=CARTESIAN_POINT('',(3.38749866265687,0.541268193712341,-1.24520838085118E-8));
#12203=CARTESIAN_POINT('',(3.99999999999906,-2.93933962117222,6.76203981697654E-8));
#12204=CARTESIAN_POINT('',(3.99999999999999,0.259810709599151,-5.97708549321396E-9));
#12205=CARTESIAN_POINT('',(7.06066017177911,-5.9999997929522,1.38031808205596E-7));
#12206=CARTESIAN_POINT('',(3.79549358460444,-2.73483341282422,6.29156460263403E-8));
#12207=CARTESIAN_POINT('',(7.99999999999912,-5.9999997929522,1.3803177267846E-7));
#12208=CARTESIAN_POINT('',(4.00000000000226,-5.9999999999998,1.38031843732733E-7));
#12209=CARTESIAN_POINT('',(7.99999999999912,-2.99999979295222,6.90158330485247E-8));
#12210=CARTESIAN_POINT('',(8.00000000000004,-1.49999691153653,3.45077566521468E-8));
#12211=CARTESIAN_POINT('',(9.99999999999908,-2.99999979295222,6.90157975213879E-8));
#12212=CARTESIAN_POINT('',(5.00000000000242,-2.99999999999983,6.90158685756614E-8));
#12213=CARTESIAN_POINT('',(9.99999999999908,-8.99999979295217,2.07047676781258E-7));
#12214=CARTESIAN_POINT('',(10.0000000000002,-4.4999969115365,1.03523660754945E-7));
#12215=CARTESIAN_POINT('',(8.99999999999913,-9.99999979295218,2.30053025518373E-7));
#12216=CARTESIAN_POINT('Origin',(8.99999999999999,-8.99999999999999,2.07047676781258E-7));
#12217=CARTESIAN_POINT('',(2.99999999999912,-9.99999979295126,2.30053132099783E-7));
#12218=CARTESIAN_POINT('',(1.50000000000219,-9.99999999999993,2.30053132099783E-7));
#12219=CARTESIAN_POINT('',(2.99999999999912,-7.99999979295222,1.84042505679827E-7));
#12220=CARTESIAN_POINT('',(3.00000000000018,-3.99999691153639,9.2021146258503E-8));
#12221=CARTESIAN_POINT('',(5.99999999999909,-7.99999979295222,1.84042434625553E-7));
#12222=CARTESIAN_POINT('',(3.00000000000232,-7.9999999999999,1.8404247015269E-7));
#12223=CARTESIAN_POINT('',(5.99999999999909,-7.06065996473221,1.62432627348608E-7));
#12224=CARTESIAN_POINT('',(6.00000000000016,-3.53032699742641,8.12161715657567E-8));
#12225=CARTESIAN_POINT('',(2.93933982821912,-3.99999979295217,9.20212528399134E-8));
#12226=CARTESIAN_POINT('',(-3.79549667306485,2.73483650128647,-6.2915681553477E-8));
#12227=CARTESIAN_POINT('',(0.519615242270106,-3.99999979295124,9.20212883670501E-8));
#12228=CARTESIAN_POINT('',(-1.46966991410764,-4.00000000000006,9.20212883670501E-8));
#12229=CARTESIAN_POINT('',(-9.2370555648813E-13,-3.69999979295123,8.51197157203387E-8));
#12230=CARTESIAN_POINT('',(-0.801074835842783,-3.23749922788508,7.44797290508359E-8));
#12231=CARTESIAN_POINT('',(-0.519615242270888,-3.99999979295124,9.20212883670501E-8));
#12232=CARTESIAN_POINT('',(0.541267214710857,-3.38749922788303,7.79305153741916E-8));
#12233=CARTESIAN_POINT('',(-2.93933982822089,-3.99999979295124,9.20213594213237E-8));
#12234=CARTESIAN_POINT('',(-1.46966991410764,-4.00000000000006,9.20212883670501E-8));
#12235=CARTESIAN_POINT('',(-6.00000000000094,-7.06065996473122,1.62432876038565E-7));
#12236=CARTESIAN_POINT('',(2.26516658717799,1.20450641539811,-2.77100653534035E-8));
#12237=CARTESIAN_POINT('',(-6.00000000000094,-7.99999979295123,1.84042683315511E-7));
#12238=CARTESIAN_POINT('',(-5.9999999999998,-3.9999969115356,9.20213594213237E-8));
#12239=CARTESIAN_POINT('',(-3.0000000000009,-7.99999979295123,1.84042612261237E-7));
#12240=CARTESIAN_POINT('',(-1.49999999999778,-8.00000000000011,1.84042541206964E-7));
#12241=CARTESIAN_POINT('',(-3.0000000000009,-9.99999979295126,2.30053238681194E-7));
#12242=CARTESIAN_POINT('',(-2.99999999999976,-4.99999691153619,1.15026566049892E-7));
#12243=CARTESIAN_POINT('',(-9.00000000000091,-9.99999979295126,2.30053345262604E-7));
#12244=CARTESIAN_POINT('',(-4.49999999999775,-9.99999999999929,2.30053238681194E-7));
#12245=CARTESIAN_POINT('',(-10.0000000000009,-8.99999979295124,2.07048067579763E-7));
#12246=CARTESIAN_POINT('Origin',(-9.00000000000006,-8.99999999999906,2.07047996525489E-7));
#12247=CARTESIAN_POINT('',(-10.0000000000009,-2.99999979295123,6.90161883198925E-8));
#12248=CARTESIAN_POINT('',(-9.99999999999993,-1.49999691153553,3.45081474506514E-8));
#12249=CARTESIAN_POINT('',(-3.99999999999764,-2.99999999999926,6.90160462113454E-8));
#12250=CARTESIAN_POINT('',(2.50000000000007,-6.24194289651862E-13,-5.75133141111905E-8));
#12251=CARTESIAN_POINT('Origin',(0.,0.,0.));
#12252=CARTESIAN_POINT('Origin',(7.06066017177996,6.00000000000001,-259.499999861935));
#12253=CARTESIAN_POINT('',(8.00000000000011,6.00000000000051,20.0000001380635));
#12254=CARTESIAN_POINT('',(7.06066017177911,6.00000000000051,20.0000001380636));
#12255=CARTESIAN_POINT('Origin',(8.00000000000097,6.00000000000001,-259.499999861935));
#12256=CARTESIAN_POINT('',(7.99999999999912,3.00000000000026,10.5000001380637));
#12257=CARTESIAN_POINT('Origin',(7.99999999999997,2.99999999999997,-259.499999861935));
#12258=CARTESIAN_POINT('',(10.,2.99999999999997,-259.499999861935));
#12259=CARTESIAN_POINT('Origin',(10.,2.99999999999997,-259.499999861935));
#12260=CARTESIAN_POINT('',(10.0000000000009,8.99999999999999,-259.499999861935));
#12261=CARTESIAN_POINT('Origin',(9.00000000000098,8.99999999999999,-259.499999861935));
#12262=CARTESIAN_POINT('',(9.00000000000098,10.,-259.499999861935));
#12263=CARTESIAN_POINT('Origin',(9.00000000000098,10.,-259.499999861935));
#12264=CARTESIAN_POINT('',(3.00000000000097,10.,-259.499999861935));
#12265=CARTESIAN_POINT('Origin',(3.00000000000097,10.,-259.499999861935));
#12266=CARTESIAN_POINT('',(3.00000000000097,7.99999999999997,-259.499999861935));
#12267=CARTESIAN_POINT('Origin',(3.00000000000097,7.99999999999997,-259.499999861935));
#12268=CARTESIAN_POINT('',(6.00000000000094,7.99999999999997,-259.499999861935));
#12269=CARTESIAN_POINT('Origin',(6.00000000000094,7.99999999999997,-259.499999861935));
#12270=CARTESIAN_POINT('',(6.00000000000094,7.06066017177996,-259.499999861935));
#12271=CARTESIAN_POINT('Origin',(6.00000000000094,7.06066017177996,-259.499999861935));
#12272=CARTESIAN_POINT('',(2.93933982822097,3.99999999999999,-259.499999861935));
#12273=CARTESIAN_POINT('Origin',(2.93933982822097,3.99999999999999,-259.499999861935));
#12274=CARTESIAN_POINT('',(0.519615242270959,3.99999999999999,-259.499999861935));
#12275=CARTESIAN_POINT('Origin',(0.519615242270959,3.99999999999999,-259.499999861935));
#12276=CARTESIAN_POINT('',(0.,3.69999999999997,-259.499999861935));
#12277=CARTESIAN_POINT('Origin',(0.,3.69999999999997,-259.499999861935));
#12278=CARTESIAN_POINT('',(-0.519615242270106,3.99999999999999,-259.499999861935));
#12279=CARTESIAN_POINT('Origin',(2.93933982822097,3.99999999999999,-259.499999861935));
#12280=CARTESIAN_POINT('',(-2.93933982822004,3.99999999999999,-259.499999861935));
#12281=CARTESIAN_POINT('Origin',(-2.93933982822004,3.99999999999999,-259.499999861935));
#12282=CARTESIAN_POINT('',(-5.99999999999909,7.06066017177996,-259.499999861935));
#12283=CARTESIAN_POINT('Origin',(-5.99999999999909,7.06066017177996,-259.499999861935));
#12284=CARTESIAN_POINT('',(-5.99999999999909,8.00000000000097,-259.499999861935));
#12285=CARTESIAN_POINT('Origin',(-5.99999999999909,8.00000000000097,-259.499999861935));
#12286=CARTESIAN_POINT('',(-2.99999999999905,7.99999999999997,-259.499999861935));
#12287=CARTESIAN_POINT('Origin',(-2.99999999999905,7.99999999999997,-259.499999861935));
#12288=CARTESIAN_POINT('',(-2.99999999999905,10.,-259.499999861935));
#12289=CARTESIAN_POINT('Origin',(-2.99999999999905,10.,-259.499999861935));
#12290=CARTESIAN_POINT('',(-8.99999999999906,10.0000000000009,-259.499999861935));
#12291=CARTESIAN_POINT('Origin',(-8.99999999999906,9.00000000000098,-259.499999861935));
#12292=CARTESIAN_POINT('',(-9.99999999999908,9.00000000000098,-259.499999861935));
#12293=CARTESIAN_POINT('Origin',(-9.99999999999908,9.00000000000098,-259.499999861935));
#12294=CARTESIAN_POINT('',(-10.,3.00000000000097,-259.499999861935));
#12295=CARTESIAN_POINT('Origin',(-10.,3.00000000000097,-259.499999861935));
#12296=CARTESIAN_POINT('',(-8.00000000000004,3.00000000000097,-259.499999861935));
#12297=CARTESIAN_POINT('Origin',(-8.00000000000004,3.00000000000097,-259.499999861935));
#12298=CARTESIAN_POINT('',(-7.99999999999905,6.00000000000094,-259.499999861935));
#12299=CARTESIAN_POINT('Origin',(-7.99999999999905,6.00000000000094,-259.499999861935));
#12300=CARTESIAN_POINT('',(-7.06066017177903,6.00000000000094,-259.499999861935));
#12301=CARTESIAN_POINT('Origin',(-7.06066017177903,6.00000000000094,-259.499999861935));
#12302=CARTESIAN_POINT('',(-4.00000000000006,2.93933982822097,-259.499999861935));
#12303=CARTESIAN_POINT('Origin',(-4.00000000000006,2.93933982822097,-259.499999861935));
#12304=CARTESIAN_POINT('',(-4.00000000000006,0.519615242270959,-259.499999861935));
#12305=CARTESIAN_POINT('Origin',(-4.00000000000006,0.519615242270959,-259.499999861935));
#12306=CARTESIAN_POINT('',(-3.70000000000005,0.,-259.499999861935));
#12307=CARTESIAN_POINT('Origin',(-3.70000000000005,0.,-259.499999861935));
#12308=CARTESIAN_POINT('',(-4.00000000000006,-0.519615242270035,-259.499999861935));
#12309=CARTESIAN_POINT('Origin',(-4.00000000000006,2.93933982822097,-259.499999861935));
#12310=CARTESIAN_POINT('',(-4.00000000000006,-2.93933982822004,-259.499999861935));
#12311=CARTESIAN_POINT('Origin',(-4.00000000000006,-2.93933982822004,-259.499999861935));
#12312=CARTESIAN_POINT('',(-7.06066017178003,-5.99999999999902,-259.499999861935));
#12313=CARTESIAN_POINT('Origin',(0.,0.,-10.7667099389308));
#12314=CARTESIAN_POINT('',(2.50000000000007,-6.24194289651864E-13,-10.7667099389308));
#12315=CARTESIAN_POINT('Origin',(3.99999999999999,2.93933982821997,-259.499999861935));
#12316=CARTESIAN_POINT('',(3.99999999999899,2.93933982822146,20.0000001380636));
#12317=CARTESIAN_POINT('Origin',(3.99999999999999,0.519615242270959,-259.499999861935));
#12318=CARTESIAN_POINT('',(3.99999999999892,0.519615242271456,20.0000001380635));
#12319=CARTESIAN_POINT('Origin',(3.69999999999997,0.,-259.499999861935));
#12320=CARTESIAN_POINT('',(3.69999999999891,1.4210854715202E-12,20.0000001380636));
#12321=CARTESIAN_POINT('Origin',(3.99999999999999,-0.519615242270035,-259.499999861935));
#12322=CARTESIAN_POINT('',(3.99999999999892,-0.519615242269538,20.0000001380635));
#12323=CARTESIAN_POINT('Origin',(3.99999999999999,0.519615242270959,-259.499999861935));
#12324=CARTESIAN_POINT('',(3.99999999999892,-2.93933982821954,20.0000001380637));
#12325=CARTESIAN_POINT('Origin',(7.06066017177996,-6.00000000000001,-259.499999861935));
#12326=CARTESIAN_POINT('',(7.06066017177896,-5.99999999999952,20.0000001380636));
#12327=CARTESIAN_POINT('Origin',(7.99999999999997,-6.00000000000001,-259.499999861935));
#12328=CARTESIAN_POINT('',(7.99999999999898,-5.99999999999952,20.0000001380636));
#12329=CARTESIAN_POINT('Origin',(7.99999999999997,-3.00000000000004,-259.499999861935));
#12330=CARTESIAN_POINT('',(7.99999999999905,-2.99999999999955,20.0000001380636));
#12331=CARTESIAN_POINT('Origin',(10.,-3.00000000000004,-259.499999861935));
#12332=CARTESIAN_POINT('',(9.99999999999908,-2.99999999999955,20.0000001380636));
#12333=CARTESIAN_POINT('Origin',(10.,-8.99999999999999,-259.499999861935));
#12334=CARTESIAN_POINT('',(9.99999999999901,-8.99999999999949,20.0000001380635));
#12335=CARTESIAN_POINT('Origin',(8.99999999999999,-8.99999999999999,-259.499999861935));
#12336=CARTESIAN_POINT('',(8.99999999999899,-9.9999999999995,20.0000001380635));
#12337=CARTESIAN_POINT('Origin',(2.99999999999997,-10.,-259.499999861935));
#12338=CARTESIAN_POINT('',(2.99999999999898,-9.9999999999995,20.0000001380635));
#12339=CARTESIAN_POINT('Origin',(2.99999999999997,-8.00000000000004,-259.499999861935));
#12340=CARTESIAN_POINT('',(2.99999999999898,-7.99999999999955,20.0000001380635));
#12341=CARTESIAN_POINT('Origin',(5.99999999999994,-8.00000000000004,-259.499999861935));
#12342=CARTESIAN_POINT('',(5.99999999999895,-7.99999999999955,20.0000001380635));
#12343=CARTESIAN_POINT('Origin',(5.99999999999994,-7.06066017178003,-259.499999861935));
#12344=CARTESIAN_POINT('',(5.99999999999895,-7.06066017177953,20.0000001380635));
#12345=CARTESIAN_POINT('Origin',(-7.06066017177903,6.00000000000094,-259.499999861935));
#12346=CARTESIAN_POINT('',(2.93933982821898,-3.99999999999949,20.0000001380635));
#12347=CARTESIAN_POINT('Origin',(-2.93933982822004,-3.99999999999999,-259.499999861935));
#12348=CARTESIAN_POINT('',(0.519615242269964,-3.99999999999856,20.0000001380636));
#12349=CARTESIAN_POINT('Origin',(0.,-3.70000000000005,-259.499999861935));
#12350=CARTESIAN_POINT('',(-1.06581410364015E-12,-3.69999999999855,20.0000001380636));
#12351=CARTESIAN_POINT('Origin',(-0.51961524227103,-3.99999999999999,-259.499999861935));
#12352=CARTESIAN_POINT('',(-0.51961524227103,-3.99999999999856,20.0000001380635));
#12353=CARTESIAN_POINT('Origin',(-2.93933982822004,-3.99999999999999,-259.499999861935));
#12354=CARTESIAN_POINT('',(-2.93933982822089,-3.99999999999856,20.0000001380637));
#12355=CARTESIAN_POINT('Origin',(3.99999999999999,2.93933982821997,-259.499999861935));
#12356=CARTESIAN_POINT('',(-6.00000000000108,-7.06066017177854,20.0000001380636));
#12357=CARTESIAN_POINT('Origin',(-6.00000000000001,-7.99999999999905,-259.499999861935));
#12358=CARTESIAN_POINT('',(-6.00000000000108,-7.99999999999855,20.0000001380636));
#12359=CARTESIAN_POINT('Origin',(-3.00000000000004,-8.00000000000004,-259.499999861935));
#12360=CARTESIAN_POINT('',(-3.00000000000097,-7.99999999999855,20.0000001380636));
#12361=CARTESIAN_POINT('Origin',(-3.00000000000004,-10.,-259.499999861935));
#12362=CARTESIAN_POINT('',(-3.00000000000097,-9.99999999999858,20.0000001380636));
#12363=CARTESIAN_POINT('Origin',(-9.00000000000006,-9.99999999999908,-259.499999861935));
#12364=CARTESIAN_POINT('',(-9.00000000000105,-9.99999999999858,20.0000001380636));
#12365=CARTESIAN_POINT('Origin',(-9.00000000000006,-8.99999999999906,-259.499999861935));
#12366=CARTESIAN_POINT('',(-10.0000000000011,-8.99999999999856,20.0000001380635));
#12367=CARTESIAN_POINT('Origin',(-10.,-2.99999999999905,-259.499999861935));
#12368=CARTESIAN_POINT('',(-10.0000000000011,-2.99999999999855,20.0000001380636));
#12369=CARTESIAN_POINT('Origin',(-8.00000000000004,-2.99999999999905,-259.499999861935));
#12370=CARTESIAN_POINT('',(-8.00000000000097,-2.99999999999855,20.0000001380636));
#12371=CARTESIAN_POINT('Origin',(-8.00000000000004,-5.99999999999902,-259.499999861935));
#12372=CARTESIAN_POINT('',(-8.00000000000004,-5.99999999999902,-259.499999861935));
#12373=CARTESIAN_POINT('Origin',(-7.06066017178003,-5.99999999999902,-259.499999861935));
#12374=CARTESIAN_POINT('',(0.,0.,0.));
#12375=CARTESIAN_POINT('Origin',(-9.0000000000009,-8.99999999999857,120.000000138064));
#12376=CARTESIAN_POINT('',(-8.00000000000081,-2.99999999999855,120.000000138064));
#12377=CARTESIAN_POINT('',(-10.0000000000009,-2.99999999999855,120.000000138064));
#12378=CARTESIAN_POINT('',(-8.50000000000007,-2.99999999999905,120.000000138064));
#12379=CARTESIAN_POINT('',(-10.0000000000009,-8.99999999999857,120.000000138064));
#12380=CARTESIAN_POINT('',(-9.99999999999992,-5.99999999999881,120.000000138064));
#12381=CARTESIAN_POINT('',(-9.0000000000009,-9.99999999999858,120.000000138064));
#12382=CARTESIAN_POINT('Origin',(-8.9999999999999,-8.99999999999907,120.000000138064));
#12383=CARTESIAN_POINT('',(-3.00000000000081,-9.99999999999858,120.000000138064));
#12384=CARTESIAN_POINT('',(-9.00000000000019,-9.99999999999908,120.000000138064));
#12385=CARTESIAN_POINT('',(-3.00000000000081,-7.99999999999855,120.000000138064));
#12386=CARTESIAN_POINT('',(-2.99999999999982,-9.49999999999946,120.000000138064));
#12387=CARTESIAN_POINT('',(-6.00000000000093,-7.99999999999855,120.000000138064));
#12388=CARTESIAN_POINT('',(-6.00000000000022,-7.9999999999999,120.000000138064));
#12389=CARTESIAN_POINT('',(-6.00000000000093,-7.06066017177854,120.000000138064));
#12390=CARTESIAN_POINT('',(-5.99999999999986,-8.49999999999888,120.000000138064));
#12391=CARTESIAN_POINT('',(-2.93933982822074,-3.99999999999857,120.000000138064));
#12392=CARTESIAN_POINT('',(-2.23483495705486,-3.29549512883454,120.000000138064));
#12393=CARTESIAN_POINT('',(-0.519615242270877,-3.99999999999857,120.000000138064));
#12394=CARTESIAN_POINT('',(-5.96966991411007,-3.99999999999985,120.000000138064));
#12395=CARTESIAN_POINT('',(-9.12603326241879E-13,-3.69999999999856,120.000000138064));
#12396=CARTESIAN_POINT('',(-4.78229128114981,-6.46105715851462,120.000000138064));
#12397=CARTESIAN_POINT('',(0.519615242270117,-3.99999999999857,120.000000138064));
#12398=CARTESIAN_POINT('',(-2.22751633998576,-2.41394284148477,120.000000138064));
#12399=CARTESIAN_POINT('',(2.93933982821913,-3.99999999999949,120.000000138064));
#12400=CARTESIAN_POINT('',(-5.96966991411007,-3.99999999999985,120.000000138064));
#12401=CARTESIAN_POINT('',(5.9999999999991,-7.06066017177954,120.000000138064));
#12402=CARTESIAN_POINT('',(-3.79549512883435,2.73483495705612,120.000000138064));
#12403=CARTESIAN_POINT('',(5.9999999999991,-7.99999999999955,120.000000138064));
#12404=CARTESIAN_POINT('',(6.0000000000001,-8.03033008588962,120.000000138064));
#12405=CARTESIAN_POINT('',(2.99999999999913,-7.99999999999955,120.000000138064));
#12406=CARTESIAN_POINT('',(-1.50000000000019,-7.99999999999969,120.000000138064));
#12407=CARTESIAN_POINT('',(2.99999999999913,-9.99999999999951,120.000000138064));
#12408=CARTESIAN_POINT('',(3.00000000000012,-8.49999999999959,120.000000138064));
#12409=CARTESIAN_POINT('',(8.99999999999914,-9.99999999999951,120.000000138064));
#12410=CARTESIAN_POINT('',(-3.00000000000017,-9.99999999999972,120.000000138064));
#12411=CARTESIAN_POINT('',(9.99999999999916,-8.99999999999949,120.000000138064));
#12412=CARTESIAN_POINT('Origin',(9.00000000000014,-8.99999999999999,120.000000138064));
#12413=CARTESIAN_POINT('',(9.99999999999923,-2.99999999999955,120.000000138064));
#12414=CARTESIAN_POINT('',(10.0000000000002,-8.99999999999971,120.000000138064));
#12415=CARTESIAN_POINT('',(7.9999999999992,-2.99999999999955,120.000000138064));
#12416=CARTESIAN_POINT('',(0.499999999999983,-2.99999999999962,120.000000138064));
#12417=CARTESIAN_POINT('',(7.99999999999913,-5.99999999999952,120.000000138064));
#12418=CARTESIAN_POINT('',(8.00000000000005,-5.99999999999966,120.000000138064));
#12419=CARTESIAN_POINT('',(7.06066017177912,-5.99999999999952,120.000000138064));
#12420=CARTESIAN_POINT('',(-0.500000000000103,-5.99999999999959,120.000000138064));
#12421=CARTESIAN_POINT('',(3.99999999999907,-2.93933982821955,120.000000138064));
#12422=CARTESIAN_POINT('',(3.79549512883494,-2.73483495705456,120.000000138064));
#12423=CARTESIAN_POINT('',(3.99999999999907,-0.519615242269542,120.000000138064));
#12424=CARTESIAN_POINT('',(3.99999999999993,-4.24019237886413,120.000000138064));
#12425=CARTESIAN_POINT('',(3.69999999999906,1.41650987464713E-12,120.000000138064));
#12426=CARTESIAN_POINT('',(4.21105715851504,-0.885176964118988,120.000000138064));
#12427=CARTESIAN_POINT('',(3.99999999999907,0.519615242271452,120.000000138064));
#12428=CARTESIAN_POINT('',(0.16394284148505,-6.12463065701519,120.000000138064));
#12429=CARTESIAN_POINT('',(3.99999999999914,2.93933982822146,120.000000138064));
#12430=CARTESIAN_POINT('',(3.99999999999993,-4.24019237886413,120.000000138064));
#12431=CARTESIAN_POINT('',(7.06066017177926,6.00000000000051,120.000000138064));
#12432=CARTESIAN_POINT('',(-2.23483495705486,-3.29549512883454,120.000000138064));
#12433=CARTESIAN_POINT('',(8.00000000000027,6.00000000000051,120.000000138064));
#12434=CARTESIAN_POINT('',(-0.969669914109861,6.00000000000037,120.000000138064));
#12435=CARTESIAN_POINT('',(7.99999999999927,3.00000000000046,120.000000138064));
#12436=CARTESIAN_POINT('',(8.00000000000083,-1.49999999999963,120.000000138064));
#12437=CARTESIAN_POINT('',(10.0000000000003,3.00000000000046,120.000000138064));
#12438=CARTESIAN_POINT('',(-0.499999999999889,3.00000000000032,120.000000138064));
#12439=CARTESIAN_POINT('',(10.0000000000003,9.00000000000048,120.000000138064));
#12440=CARTESIAN_POINT('',(9.99999999999994,-2.99999999999969,120.000000138064));
#12441=CARTESIAN_POINT('',(9.00000000000028,10.0000000000005,120.000000138064));
#12442=CARTESIAN_POINT('Origin',(9.00000000000113,8.99999999999998,120.000000138064));
#12443=CARTESIAN_POINT('',(3.00000000000027,10.0000000000014,120.000000138064));
#12444=CARTESIAN_POINT('',(7.21644966006352E-13,10.0000000000004,120.000000138064));
#12445=CARTESIAN_POINT('',(3.00000000000027,8.00000000000047,120.000000138064));
#12446=CARTESIAN_POINT('',(3.00000000000069,0.500000000000393,120.000000138064));
#12447=CARTESIAN_POINT('',(6.00000000000024,8.00000000000047,120.000000138064));
#12448=CARTESIAN_POINT('',(-2.99999999999932,8.00000000000025,120.000000138064));
#12449=CARTESIAN_POINT('',(6.00000000000024,7.06066017178045,120.000000138064));
#12450=CARTESIAN_POINT('',(6.00000000000074,-0.499999999999621,120.000000138064));
#12451=CARTESIAN_POINT('',(2.9393398282202,4.00000000000147,120.000000138064));
#12452=CARTESIAN_POINT('',(-1.76516504294425,-0.704504871164748,120.000000138064));
#12453=CARTESIAN_POINT('',(0.519615242270117,4.00000000000147,120.000000138064));
#12454=CARTESIAN_POINT('',(-3.03033008588939,4.00000000000027,120.000000138064));
#12455=CARTESIAN_POINT('',(1.53210777398272E-13,3.70000000000146,120.000000138064));
#12456=CARTESIAN_POINT('',(-5.86482303587984,0.313942841485324,120.000000138064));
#12457=CARTESIAN_POINT('',(-0.519615242270877,4.00000000000147,120.000000138064));
#12458=CARTESIAN_POINT('',(-0.625369342984488,4.06105715851516,120.000000138064));
#12459=CARTESIAN_POINT('',(-2.93933982822074,4.00000000000147,120.000000138064));
#12460=CARTESIAN_POINT('',(-3.03033008588939,4.00000000000027,120.000000138064));
#12461=CARTESIAN_POINT('',(-5.99999999999972,7.06066017178145,120.000000138064));
#12462=CARTESIAN_POINT('',(-1.20450487116527,2.26516504294522,120.000000138064));
#12463=CARTESIAN_POINT('',(-5.99999999999972,8.00000000000146,120.000000138064));
#12464=CARTESIAN_POINT('',(-5.99999999999929,-0.969669914109379,120.000000138064));
#12465=CARTESIAN_POINT('',(-2.99999999999975,8.00000000000146,120.000000138064));
#12466=CARTESIAN_POINT('',(-7.49999999999935,8.00000000000103,120.000000138064));
#12467=CARTESIAN_POINT('',(-2.99999999999968,10.0000000000014,120.000000138064));
#12468=CARTESIAN_POINT('',(-2.99999999999925,-0.499999999999408,120.000000138064));
#12469=CARTESIAN_POINT('',(-8.99999999999976,10.0000000000014,120.000000138064));
#12470=CARTESIAN_POINT('',(-5.99999999999922,10.0000000000001,120.000000138064));
#12471=CARTESIAN_POINT('',(-9.99999999999971,9.00000000000147,120.000000138064));
#12472=CARTESIAN_POINT('Origin',(-8.99999999999891,9.00000000000098,120.000000138064));
#12473=CARTESIAN_POINT('',(-10.0000000000008,3.00000000000146,120.000000138064));
#12474=CARTESIAN_POINT('',(-9.99999999999928,1.2033470539191E-12,120.000000138064));
#12475=CARTESIAN_POINT('',(-7.99999999999975,3.00000000000146,120.000000138064));
#12476=CARTESIAN_POINT('',(-9.49999999999988,3.00000000000096,120.000000138064));
#12477=CARTESIAN_POINT('',(-7.99999999999975,6.00000000000143,120.000000138064));
#12478=CARTESIAN_POINT('',(-8.0000000000001,-2.99999999999884,120.000000138064));
#12479=CARTESIAN_POINT('',(-7.06066017177973,6.00000000000143,120.000000138064));
#12480=CARTESIAN_POINT('',(-8.49999999999929,6.00000000000093,120.000000138064));
#12481=CARTESIAN_POINT('',(-3.99999999999976,2.93933982822146,120.000000138064));
#12482=CARTESIAN_POINT('',(-3.79549512883435,2.73483495705612,120.000000138064));
#12483=CARTESIAN_POINT('',(-4.00000000000076,0.519615242271452,120.000000138064));
#12484=CARTESIAN_POINT('',(-4.00000000000012,-3.03033008588898,120.000000138064));
#12485=CARTESIAN_POINT('',(-3.70000000000074,1.41650987464713E-12,120.000000138064));
#12486=CARTESIAN_POINT('',(-2.56394284148519,-1.96770871884973,120.000000138064));
#12487=CARTESIAN_POINT('',(-4.00000000000076,-0.519615242269542,120.000000138064));
#12488=CARTESIAN_POINT('',(-6.31105715851482,-4.52248366001392,120.000000138064));
#12489=CARTESIAN_POINT('',(-4.00000000000076,-2.93933982821855,120.000000138064));
#12490=CARTESIAN_POINT('',(-4.00000000000012,-3.03033008588898,120.000000138064));
#12491=CARTESIAN_POINT('',(-7.06066017178087,-5.99999999999853,120.000000138064));
#12492=CARTESIAN_POINT('',(-6.76516504294475,-5.70450487116468,120.000000138064));
#12493=CARTESIAN_POINT('',(-8.00000000000088,-5.99999999999853,120.000000138064));
#12494=CARTESIAN_POINT('',(-8.0303300858901,-5.99999999999895,120.000000138064));
#12495=CARTESIAN_POINT('',(-7.99999999999989,-7.4999999999988,120.000000138064));
#12496=CARTESIAN_POINT('',(2.50000000000022,-6.44064059057158E-13,120.000000138064));
#12497=CARTESIAN_POINT('Origin',(1.53210777398272E-13,-4.57559687306811E-15,
120.000000138064));
#12498=CARTESIAN_POINT('Origin',(7.105427357601E-14,2.07048174161173E-7,
0.));
#12499=CARTESIAN_POINT('',(-8.0000000000009,-5.9999997929512,1.38032056895554E-7));
#12500=CARTESIAN_POINT('',(-8.0000000000009,-2.99999979295123,6.9016117265619E-8));
#12501=CARTESIAN_POINT('',(-7.9999999999999,-2.99999691153566,6.90160462113454E-8));
#12502=CARTESIAN_POINT('',(-7.06066017178088,-5.9999997929512,1.38032056895554E-7));
#12503=CARTESIAN_POINT('',(-3.53033008588774,-5.99999999999916,1.3803198584128E-7));
#12504=CARTESIAN_POINT('',(-4.00000000000091,-2.93933962117123,6.76205402783125E-8));
#12505=CARTESIAN_POINT('',(-2.26516349871183,-1.20450332693203,2.77100653534035E-8));
#12506=CARTESIAN_POINT('',(-4.00000000000091,-0.519615035222216,1.19540288778808E-8));
#12507=CARTESIAN_POINT('',(-4.00000000000006,1.4696730025743,-3.38101813213143E-8));
#12508=CARTESIAN_POINT('',(-3.7000000000009,2.07048742595362E-7,1.06581410364015E-13));
#12509=CARTESIAN_POINT('',(-3.2374986626553,0.801075814849526,-1.84289561389051E-8));
#12510=CARTESIAN_POINT('',(-4.00000000000091,0.519615449319772,-1.19537801879233E-8));
#12511=CARTESIAN_POINT('',(-3.38750133734344,-0.541263561018326,1.24520127542382E-8));
#12512=CARTESIAN_POINT('',(-4.00000000000091,2.93934003526878,-6.76203271154918E-8));
#12513=CARTESIAN_POINT('',(-4.00000000000006,1.4696730025743,-3.38101813213143E-8));
#12514=CARTESIAN_POINT('',(-7.06066017177989,6.00000020704876,-1.38031737151323E-7));
#12515=CARTESIAN_POINT('',(-3.79549667306485,2.73483650128647,-6.2915681553477E-8));
#12516=CARTESIAN_POINT('',(-7.9999999999999,6.00000020704876,-1.38031701624186E-7));
#12517=CARTESIAN_POINT('',(-3.99999999999693,6.00000000000072,-1.3803177267846E-7));
#12518=CARTESIAN_POINT('',(-8.0000000000009,3.00000020704879,-6.90157619942511E-8));
#12519=CARTESIAN_POINT('',(-8.00000000000011,1.50000308846444,-3.45078987606939E-8));
#12520=CARTESIAN_POINT('',(-10.0000000000009,3.00000020704879,-6.90157264671143E-8));
#12521=CARTESIAN_POINT('',(-4.99999999999744,3.00000000000075,-6.90158330485247E-8));
#12522=CARTESIAN_POINT('',(-9.99999999999986,9.0000002070488,-2.07047605726984E-7));
#12523=CARTESIAN_POINT('',(-9.99999999999922,4.50000308846441,-1.03523767336355E-7));
#12524=CARTESIAN_POINT('',(-8.99999999999991,10.0000002070487,-2.30052954464099E-7));
#12525=CARTESIAN_POINT('Origin',(-8.99999999999906,9.00000000000098,-2.07047676781258E-7));
#12526=CARTESIAN_POINT('',(-2.9999999999999,10.0000002070487,-2.3005306104551E-7));
#12527=CARTESIAN_POINT('',(-1.49999999999686,9.99999999999993,-2.30053096572647E-7));
#12528=CARTESIAN_POINT('',(-2.9999999999999,8.00000020704879,-1.84042434625553E-7));
#12529=CARTESIAN_POINT('',(-2.99999999999919,4.0000030884638,-9.20212528399134E-8));
#12530=CARTESIAN_POINT('',(-5.99999999999987,8.00000020704879,-1.8404236357128E-7));
#12531=CARTESIAN_POINT('',(-2.99999999999692,8.00000000000082,-1.84042434625553E-7));
#12532=CARTESIAN_POINT('',(-5.99999999999987,7.06066037882877,-1.62432556294334E-7));
#12533=CARTESIAN_POINT('',(-5.99999999999923,3.53033317435383,-8.1216278147167E-8));
#12534=CARTESIAN_POINT('',(-2.93933982822089,4.0000002070488,-9.20211817856398E-8));
#12535=CARTESIAN_POINT('',(-1.20450641539577,2.26516658717557,-5.21108489692779E-8));
#12536=CARTESIAN_POINT('',(-0.519615242270888,4.0000002070488,-9.20212173127766E-8));
#12537=CARTESIAN_POINT('',(1.46966991411304,4.00000000000006,-9.20212883670501E-8));
#12538=CARTESIAN_POINT('',(1.4210854715202E-13,3.70000020704879,-8.51196446660651E-8));
#12539=CARTESIAN_POINT('',(0.801072161158487,3.23750077211479,-7.44797645779727E-8));
#12540=CARTESIAN_POINT('',(0.519615242270106,4.0000002070488,-9.20212173127766E-8));
#12541=CARTESIAN_POINT('',(-0.5412645400191,3.38750077211699,-7.79304798470548E-8));
#12542=CARTESIAN_POINT('',(2.93933982822011,4.0000002070488,-9.20212883670501E-8));
#12543=CARTESIAN_POINT('',(1.46966991411304,4.00000000000006,-9.20212883670501E-8));
#12544=CARTESIAN_POINT('',(6.00000000000009,7.06066037882778,-1.62432804984292E-7));
#12545=CARTESIAN_POINT('',(2.73483650128867,3.7954966730679,-8.73166072778986E-8));
#12546=CARTESIAN_POINT('',(6.00000000000009,8.00000020704779,-1.84042612261237E-7));
#12547=CARTESIAN_POINT('',(6.0000000000008,4.00000308846359,-9.20214304755973E-8));
#12548=CARTESIAN_POINT('',(3.00000000000011,8.00000020704779,-1.84042541206964E-7));
#12549=CARTESIAN_POINT('',(1.50000000000318,8.00000000000004,-1.84042541206964E-7));
#12550=CARTESIAN_POINT('',(3.00000000000011,10.0000002070487,-2.3005316762692E-7));
#12551=CARTESIAN_POINT('',(3.00000000000075,5.00000308846367,-1.15026708158439E-7));
#12552=CARTESIAN_POINT('',(9.00000000000013,10.0000002070478,-2.30053274208331E-7));
#12553=CARTESIAN_POINT('',(4.50000000000315,10.0000000000002,-2.30053203154057E-7));
#12554=CARTESIAN_POINT('',(10.0000000000001,9.0000002070478,-2.07047996525489E-7));
#12555=CARTESIAN_POINT('Origin',(9.00000000000098,8.99999999999999,-2.07047996525489E-7));
#12556=CARTESIAN_POINT('',(9.99999999999908,3.00000020704779,-6.9016117265619E-8));
#12557=CARTESIAN_POINT('',(9.99999999999993,1.50000308846352,-3.4508218504925E-8));
#12558=CARTESIAN_POINT('',(7.99999999999912,3.00000020704779,-6.90160462113454E-8));
#12559=CARTESIAN_POINT('',(4.00000000000247,3.00000000000018,-6.90160106842086E-8));
#12560=CARTESIAN_POINT('',(8.00000000000011,6.00000020704783,-1.3803198584128E-7));
#12561=CARTESIAN_POINT('',(8.0000000000009,3.00000308846357,-6.9016117265619E-8));
#12562=CARTESIAN_POINT('',(7.06066017177911,6.00000020704783,-1.3803198584128E-7));
#12563=CARTESIAN_POINT('',(3.53033008589257,6.00000000000016,-1.38031914787007E-7));
#12564=CARTESIAN_POINT('',(3.99999999999906,2.93934003526878,-6.7620469224039E-8));
#12565=CARTESIAN_POINT('',(2.26516658717799,1.20450641539811,-2.77100653534035E-8));
#12566=CARTESIAN_POINT('',(3.99999999999906,0.519615449318778,-1.19539578236072E-8));
#12567=CARTESIAN_POINT('',(3.99999999999999,0.259810709599151,-5.97708549321396E-9));
#12568=CARTESIAN_POINT('',(3.69999999999905,2.07048742595362E-7,-3.5527136788005E-14));
#12569=CARTESIAN_POINT('',(3.23750133734457,-0.801071182151816,1.84288495574947E-8));
#12570=CARTESIAN_POINT('',(3.99999999999906,-0.519615035222216,1.19538512421968E-8));
#12571=CARTESIAN_POINT('',(3.38749866265687,0.541268193712341,-1.24520838085118E-8));
#12572=CARTESIAN_POINT('',(3.99999999999906,-2.93933962117222,6.76203981697654E-8));
#12573=CARTESIAN_POINT('',(3.99999999999999,0.259810709599151,-5.97708549321396E-9));
#12574=CARTESIAN_POINT('',(7.06066017177911,-5.9999997929522,1.38031808205596E-7));
#12575=CARTESIAN_POINT('',(3.79549358460444,-2.73483341282422,6.29156460263403E-8));
#12576=CARTESIAN_POINT('',(7.99999999999912,-5.9999997929522,1.3803177267846E-7));
#12577=CARTESIAN_POINT('',(4.00000000000226,-5.9999999999998,1.38031843732733E-7));
#12578=CARTESIAN_POINT('',(7.99999999999912,-2.99999979295222,6.90158330485247E-8));
#12579=CARTESIAN_POINT('',(8.00000000000004,-1.49999691153653,3.45077566521468E-8));
#12580=CARTESIAN_POINT('',(9.99999999999908,-2.99999979295222,6.90157975213879E-8));
#12581=CARTESIAN_POINT('',(5.00000000000242,-2.99999999999983,6.90158685756614E-8));
#12582=CARTESIAN_POINT('',(9.99999999999908,-8.99999979295217,2.07047676781258E-7));
#12583=CARTESIAN_POINT('',(10.0000000000002,-4.4999969115365,1.03523660754945E-7));
#12584=CARTESIAN_POINT('',(8.99999999999913,-9.99999979295218,2.30053025518373E-7));
#12585=CARTESIAN_POINT('Origin',(8.99999999999999,-8.99999999999999,2.07047676781258E-7));
#12586=CARTESIAN_POINT('',(2.99999999999912,-9.99999979295126,2.30053132099783E-7));
#12587=CARTESIAN_POINT('',(1.50000000000219,-9.99999999999993,2.30053132099783E-7));
#12588=CARTESIAN_POINT('',(2.99999999999912,-7.99999979295222,1.84042505679827E-7));
#12589=CARTESIAN_POINT('',(3.00000000000018,-3.99999691153639,9.2021146258503E-8));
#12590=CARTESIAN_POINT('',(5.99999999999909,-7.99999979295222,1.84042434625553E-7));
#12591=CARTESIAN_POINT('',(3.00000000000232,-7.9999999999999,1.8404247015269E-7));
#12592=CARTESIAN_POINT('',(5.99999999999909,-7.06065996473221,1.62432627348608E-7));
#12593=CARTESIAN_POINT('',(6.00000000000016,-3.53032699742641,8.12161715657567E-8));
#12594=CARTESIAN_POINT('',(2.93933982821912,-3.99999979295217,9.20212528399134E-8));
#12595=CARTESIAN_POINT('',(-3.79549667306485,2.73483650128647,-6.2915681553477E-8));
#12596=CARTESIAN_POINT('',(0.519615242270106,-3.99999979295124,9.20212883670501E-8));
#12597=CARTESIAN_POINT('',(-1.46966991410764,-4.00000000000006,9.20212883670501E-8));
#12598=CARTESIAN_POINT('',(-9.2370555648813E-13,-3.69999979295123,8.51197157203387E-8));
#12599=CARTESIAN_POINT('',(-0.801074835842783,-3.23749922788508,7.44797290508359E-8));
#12600=CARTESIAN_POINT('',(-0.519615242270888,-3.99999979295124,9.20212883670501E-8));
#12601=CARTESIAN_POINT('',(0.541267214710857,-3.38749922788303,7.79305153741916E-8));
#12602=CARTESIAN_POINT('',(-2.93933982822089,-3.99999979295124,9.20213594213237E-8));
#12603=CARTESIAN_POINT('',(-1.46966991410764,-4.00000000000006,9.20212883670501E-8));
#12604=CARTESIAN_POINT('',(-6.00000000000094,-7.06065996473122,1.62432876038565E-7));
#12605=CARTESIAN_POINT('',(2.26516658717799,1.20450641539811,-2.77100653534035E-8));
#12606=CARTESIAN_POINT('',(-6.00000000000094,-7.99999979295123,1.84042683315511E-7));
#12607=CARTESIAN_POINT('',(-5.9999999999998,-3.9999969115356,9.20213594213237E-8));
#12608=CARTESIAN_POINT('',(-3.0000000000009,-7.99999979295123,1.84042612261237E-7));
#12609=CARTESIAN_POINT('',(-1.49999999999778,-8.00000000000011,1.84042541206964E-7));
#12610=CARTESIAN_POINT('',(-3.0000000000009,-9.99999979295126,2.30053238681194E-7));
#12611=CARTESIAN_POINT('',(-2.99999999999976,-4.99999691153619,1.15026566049892E-7));
#12612=CARTESIAN_POINT('',(-9.00000000000091,-9.99999979295126,2.30053345262604E-7));
#12613=CARTESIAN_POINT('',(-4.49999999999775,-9.99999999999929,2.30053238681194E-7));
#12614=CARTESIAN_POINT('',(-10.0000000000009,-8.99999979295124,2.07048067579763E-7));
#12615=CARTESIAN_POINT('Origin',(-9.00000000000006,-8.99999999999906,2.07047996525489E-7));
#12616=CARTESIAN_POINT('',(-10.0000000000009,-2.99999979295123,6.90161883198925E-8));
#12617=CARTESIAN_POINT('',(-9.99999999999993,-1.49999691153553,3.45081474506514E-8));
#12618=CARTESIAN_POINT('',(-3.99999999999764,-2.99999999999926,6.90160462113454E-8));
#12619=CARTESIAN_POINT('',(2.50000000000007,-6.24194289651862E-13,-5.75133141111905E-8));
#12620=CARTESIAN_POINT('Origin',(0.,0.,0.));
#12621=CARTESIAN_POINT('Origin',(7.06066017177996,6.00000000000001,-259.499999861935));
#12622=CARTESIAN_POINT('',(8.00000000000011,6.00000000000051,20.0000001380635));
#12623=CARTESIAN_POINT('',(7.06066017177911,6.00000000000051,20.0000001380636));
#12624=CARTESIAN_POINT('Origin',(8.00000000000097,6.00000000000001,-259.499999861935));
#12625=CARTESIAN_POINT('',(7.99999999999912,3.00000000000026,10.5000001380637));
#12626=CARTESIAN_POINT('Origin',(7.99999999999997,2.99999999999997,-259.499999861935));
#12627=CARTESIAN_POINT('',(10.,2.99999999999997,-259.499999861935));
#12628=CARTESIAN_POINT('Origin',(10.,2.99999999999997,-259.499999861935));
#12629=CARTESIAN_POINT('',(10.0000000000009,8.99999999999999,-259.499999861935));
#12630=CARTESIAN_POINT('Origin',(9.00000000000098,8.99999999999999,-259.499999861935));
#12631=CARTESIAN_POINT('',(9.00000000000098,10.,-259.499999861935));
#12632=CARTESIAN_POINT('Origin',(9.00000000000098,10.,-259.499999861935));
#12633=CARTESIAN_POINT('',(3.00000000000097,10.,-259.499999861935));
#12634=CARTESIAN_POINT('Origin',(3.00000000000097,10.,-259.499999861935));
#12635=CARTESIAN_POINT('',(3.00000000000097,7.99999999999997,-259.499999861935));
#12636=CARTESIAN_POINT('Origin',(3.00000000000097,7.99999999999997,-259.499999861935));
#12637=CARTESIAN_POINT('',(6.00000000000094,7.99999999999997,-259.499999861935));
#12638=CARTESIAN_POINT('Origin',(6.00000000000094,7.99999999999997,-259.499999861935));
#12639=CARTESIAN_POINT('',(6.00000000000094,7.06066017177996,-259.499999861935));
#12640=CARTESIAN_POINT('Origin',(6.00000000000094,7.06066017177996,-259.499999861935));
#12641=CARTESIAN_POINT('',(2.93933982822097,3.99999999999999,-259.499999861935));
#12642=CARTESIAN_POINT('Origin',(2.93933982822097,3.99999999999999,-259.499999861935));
#12643=CARTESIAN_POINT('',(0.519615242270959,3.99999999999999,-259.499999861935));
#12644=CARTESIAN_POINT('Origin',(0.519615242270959,3.99999999999999,-259.499999861935));
#12645=CARTESIAN_POINT('',(0.,3.69999999999997,-259.499999861935));
#12646=CARTESIAN_POINT('Origin',(0.,3.69999999999997,-259.499999861935));
#12647=CARTESIAN_POINT('',(-0.519615242270106,3.99999999999999,-259.499999861935));
#12648=CARTESIAN_POINT('Origin',(2.93933982822097,3.99999999999999,-259.499999861935));
#12649=CARTESIAN_POINT('',(-2.93933982822004,3.99999999999999,-259.499999861935));
#12650=CARTESIAN_POINT('Origin',(-2.93933982822004,3.99999999999999,-259.499999861935));
#12651=CARTESIAN_POINT('',(-5.99999999999909,7.06066017177996,-259.499999861935));
#12652=CARTESIAN_POINT('Origin',(-5.99999999999909,7.06066017177996,-259.499999861935));
#12653=CARTESIAN_POINT('',(-5.99999999999909,8.00000000000097,-259.499999861935));
#12654=CARTESIAN_POINT('Origin',(-5.99999999999909,8.00000000000097,-259.499999861935));
#12655=CARTESIAN_POINT('',(-2.99999999999905,7.99999999999997,-259.499999861935));
#12656=CARTESIAN_POINT('Origin',(-2.99999999999905,7.99999999999997,-259.499999861935));
#12657=CARTESIAN_POINT('',(-2.99999999999905,10.,-259.499999861935));
#12658=CARTESIAN_POINT('Origin',(-2.99999999999905,10.,-259.499999861935));
#12659=CARTESIAN_POINT('',(-8.99999999999906,10.0000000000009,-259.499999861935));
#12660=CARTESIAN_POINT('Origin',(-8.99999999999906,9.00000000000098,-259.499999861935));
#12661=CARTESIAN_POINT('',(-9.99999999999908,9.00000000000098,-259.499999861935));
#12662=CARTESIAN_POINT('Origin',(-9.99999999999908,9.00000000000098,-259.499999861935));
#12663=CARTESIAN_POINT('',(-10.,3.00000000000097,-259.499999861935));
#12664=CARTESIAN_POINT('Origin',(-10.,3.00000000000097,-259.499999861935));
#12665=CARTESIAN_POINT('',(-8.00000000000004,3.00000000000097,-259.499999861935));
#12666=CARTESIAN_POINT('Origin',(-8.00000000000004,3.00000000000097,-259.499999861935));
#12667=CARTESIAN_POINT('',(-7.99999999999905,6.00000000000094,-259.499999861935));
#12668=CARTESIAN_POINT('Origin',(-7.99999999999905,6.00000000000094,-259.499999861935));
#12669=CARTESIAN_POINT('',(-7.06066017177903,6.00000000000094,-259.499999861935));
#12670=CARTESIAN_POINT('Origin',(-7.06066017177903,6.00000000000094,-259.499999861935));
#12671=CARTESIAN_POINT('',(-4.00000000000006,2.93933982822097,-259.499999861935));
#12672=CARTESIAN_POINT('Origin',(-4.00000000000006,2.93933982822097,-259.499999861935));
#12673=CARTESIAN_POINT('',(-4.00000000000006,0.519615242270959,-259.499999861935));
#12674=CARTESIAN_POINT('Origin',(-4.00000000000006,0.519615242270959,-259.499999861935));
#12675=CARTESIAN_POINT('',(-3.70000000000005,0.,-259.499999861935));
#12676=CARTESIAN_POINT('Origin',(-3.70000000000005,0.,-259.499999861935));
#12677=CARTESIAN_POINT('',(-4.00000000000006,-0.519615242270035,-259.499999861935));
#12678=CARTESIAN_POINT('Origin',(-4.00000000000006,2.93933982822097,-259.499999861935));
#12679=CARTESIAN_POINT('',(-4.00000000000006,-2.93933982822004,-259.499999861935));
#12680=CARTESIAN_POINT('Origin',(-4.00000000000006,-2.93933982822004,-259.499999861935));
#12681=CARTESIAN_POINT('',(-7.06066017178003,-5.99999999999902,-259.499999861935));
#12682=CARTESIAN_POINT('Origin',(0.,0.,-10.7667099389308));
#12683=CARTESIAN_POINT('',(2.50000000000007,-6.24194289651864E-13,-10.7667099389308));
#12684=CARTESIAN_POINT('Origin',(3.99999999999999,2.93933982821997,-259.499999861935));
#12685=CARTESIAN_POINT('',(3.99999999999899,2.93933982822146,20.0000001380636));
#12686=CARTESIAN_POINT('Origin',(3.99999999999999,0.519615242270959,-259.499999861935));
#12687=CARTESIAN_POINT('',(3.99999999999892,0.519615242271456,20.0000001380635));
#12688=CARTESIAN_POINT('Origin',(3.69999999999997,0.,-259.499999861935));
#12689=CARTESIAN_POINT('',(3.69999999999891,1.4210854715202E-12,20.0000001380636));
#12690=CARTESIAN_POINT('Origin',(3.99999999999999,-0.519615242270035,-259.499999861935));
#12691=CARTESIAN_POINT('',(3.99999999999892,-0.519615242269538,20.0000001380635));
#12692=CARTESIAN_POINT('Origin',(3.99999999999999,0.519615242270959,-259.499999861935));
#12693=CARTESIAN_POINT('',(3.99999999999892,-2.93933982821954,20.0000001380637));
#12694=CARTESIAN_POINT('Origin',(7.06066017177996,-6.00000000000001,-259.499999861935));
#12695=CARTESIAN_POINT('',(7.06066017177896,-5.99999999999952,20.0000001380636));
#12696=CARTESIAN_POINT('Origin',(7.99999999999997,-6.00000000000001,-259.499999861935));
#12697=CARTESIAN_POINT('',(7.99999999999898,-5.99999999999952,20.0000001380636));
#12698=CARTESIAN_POINT('Origin',(7.99999999999997,-3.00000000000004,-259.499999861935));
#12699=CARTESIAN_POINT('',(7.99999999999905,-2.99999999999955,20.0000001380636));
#12700=CARTESIAN_POINT('Origin',(10.,-3.00000000000004,-259.499999861935));
#12701=CARTESIAN_POINT('',(9.99999999999908,-2.99999999999955,20.0000001380636));
#12702=CARTESIAN_POINT('Origin',(10.,-8.99999999999999,-259.499999861935));
#12703=CARTESIAN_POINT('',(9.99999999999901,-8.99999999999949,20.0000001380635));
#12704=CARTESIAN_POINT('Origin',(8.99999999999999,-8.99999999999999,-259.499999861935));
#12705=CARTESIAN_POINT('',(8.99999999999899,-9.9999999999995,20.0000001380635));
#12706=CARTESIAN_POINT('Origin',(2.99999999999997,-10.,-259.499999861935));
#12707=CARTESIAN_POINT('',(2.99999999999898,-9.9999999999995,20.0000001380635));
#12708=CARTESIAN_POINT('Origin',(2.99999999999997,-8.00000000000004,-259.499999861935));
#12709=CARTESIAN_POINT('',(2.99999999999898,-7.99999999999955,20.0000001380635));
#12710=CARTESIAN_POINT('Origin',(5.99999999999994,-8.00000000000004,-259.499999861935));
#12711=CARTESIAN_POINT('',(5.99999999999895,-7.99999999999955,20.0000001380635));
#12712=CARTESIAN_POINT('Origin',(5.99999999999994,-7.06066017178003,-259.499999861935));
#12713=CARTESIAN_POINT('',(5.99999999999895,-7.06066017177953,20.0000001380635));
#12714=CARTESIAN_POINT('Origin',(-7.06066017177903,6.00000000000094,-259.499999861935));
#12715=CARTESIAN_POINT('',(2.93933982821898,-3.99999999999949,20.0000001380635));
#12716=CARTESIAN_POINT('Origin',(-2.93933982822004,-3.99999999999999,-259.499999861935));
#12717=CARTESIAN_POINT('',(0.519615242269964,-3.99999999999856,20.0000001380636));
#12718=CARTESIAN_POINT('Origin',(0.,-3.70000000000005,-259.499999861935));
#12719=CARTESIAN_POINT('',(-1.06581410364015E-12,-3.69999999999855,20.0000001380636));
#12720=CARTESIAN_POINT('Origin',(-0.51961524227103,-3.99999999999999,-259.499999861935));
#12721=CARTESIAN_POINT('',(-0.51961524227103,-3.99999999999856,20.0000001380635));
#12722=CARTESIAN_POINT('Origin',(-2.93933982822004,-3.99999999999999,-259.499999861935));
#12723=CARTESIAN_POINT('',(-2.93933982822089,-3.99999999999856,20.0000001380637));
#12724=CARTESIAN_POINT('Origin',(3.99999999999999,2.93933982821997,-259.499999861935));
#12725=CARTESIAN_POINT('',(-6.00000000000108,-7.06066017177854,20.0000001380636));
#12726=CARTESIAN_POINT('Origin',(-6.00000000000001,-7.99999999999905,-259.499999861935));
#12727=CARTESIAN_POINT('',(-6.00000000000108,-7.99999999999855,20.0000001380636));
#12728=CARTESIAN_POINT('Origin',(-3.00000000000004,-8.00000000000004,-259.499999861935));
#12729=CARTESIAN_POINT('',(-3.00000000000097,-7.99999999999855,20.0000001380636));
#12730=CARTESIAN_POINT('Origin',(-3.00000000000004,-10.,-259.499999861935));
#12731=CARTESIAN_POINT('',(-3.00000000000097,-9.99999999999858,20.0000001380636));
#12732=CARTESIAN_POINT('Origin',(-9.00000000000006,-9.99999999999908,-259.499999861935));
#12733=CARTESIAN_POINT('',(-9.00000000000105,-9.99999999999858,20.0000001380636));
#12734=CARTESIAN_POINT('Origin',(-9.00000000000006,-8.99999999999906,-259.499999861935));
#12735=CARTESIAN_POINT('',(-10.0000000000011,-8.99999999999856,20.0000001380635));
#12736=CARTESIAN_POINT('Origin',(-10.,-2.99999999999905,-259.499999861935));
#12737=CARTESIAN_POINT('',(-10.0000000000011,-2.99999999999855,20.0000001380636));
#12738=CARTESIAN_POINT('Origin',(-8.00000000000004,-2.99999999999905,-259.499999861935));
#12739=CARTESIAN_POINT('',(-8.00000000000097,-2.99999999999855,20.0000001380636));
#12740=CARTESIAN_POINT('Origin',(-8.00000000000004,-5.99999999999902,-259.499999861935));
#12741=CARTESIAN_POINT('',(-8.00000000000004,-5.99999999999902,-259.499999861935));
#12742=CARTESIAN_POINT('Origin',(-7.06066017178003,-5.99999999999902,-259.499999861935));
#12743=CARTESIAN_POINT('',(1.77635683940025E-14,4.77083172967241E-8,20.0000001380637));
#12744=CARTESIAN_POINT('',(-130.000000069032,0.,10.0000000690326));
#12745=CARTESIAN_POINT('',(0.,0.,0.));
#12746=CARTESIAN_POINT('Origin',(-45.9999902305028,-2.70000015934041,16.0000003681166));
#12747=CARTESIAN_POINT('',(-27.0000004700451,-2.70000015934038,-4.99999963188348));
#12748=CARTESIAN_POINT('',(-26.0000004700451,-2.70000015934038,-3.99999963188348));
#12749=CARTESIAN_POINT('Origin',(-27.0000004700451,-2.70000015934038,-3.99999963188348));
#12750=CARTESIAN_POINT('',(-35.0000004700451,-2.70000015934038,-4.99999963188347));
#12751=CARTESIAN_POINT('',(-38.499995350274,-2.70000015934038,-4.99999963188347));
#12752=CARTESIAN_POINT('',(-36.0000004700451,-2.70000015934038,-3.99999963188347));
#12753=CARTESIAN_POINT('Origin',(-35.0000004700451,-2.70000015934038,-3.99999963188347));
#12754=CARTESIAN_POINT('',(-36.0000004700451,-2.70000015934039,-1.99999963188344));
#12755=CARTESIAN_POINT('',(-36.0000004700451,-2.70000015934038,-3.99999963188343));
#12756=CARTESIAN_POINT('',(-37.0000004700451,-2.70000015934039,-0.999999631883434));
#12757=CARTESIAN_POINT('Origin',(-37.0000004700451,-2.70000015934039,-1.99999963188344));
#12758=CARTESIAN_POINT('',(-47.0000107095874,-2.70000015934039,-0.999999631883435));
#12759=CARTESIAN_POINT('',(-29.7450107295443,-2.70000015934038,-0.999999631883435));
#12760=CARTESIAN_POINT('',(-48.0000107095874,-2.70000015934039,3.68116561677567E-7));
#12761=CARTESIAN_POINT('Origin',(-47.0000107095874,-2.70000015934039,3.68116561677567E-7));
#12762=CARTESIAN_POINT('',(-48.0000107095874,-2.7000001593404,11.5000002682208));
#12763=CARTESIAN_POINT('',(-48.0000107095874,-2.7000001593404,10.0000003681164));
#12764=CARTESIAN_POINT('',(-47.0000107095874,-2.7000001593404,12.5000002682208));
#12765=CARTESIAN_POINT('Origin',(-47.0000107095874,-2.7000001593404,11.5000002682208));
#12766=CARTESIAN_POINT('',(-15.0000004700451,-2.70000015934039,12.5000002682208));
#12767=CARTESIAN_POINT('',(-35.4999952344607,-2.7000001593404,12.5000002682208));
#12768=CARTESIAN_POINT('',(-14.0000004700451,-2.70000015934039,11.5000002682208));
#12769=CARTESIAN_POINT('Origin',(-15.0000004700451,-2.70000015934039,11.5000002682208));
#12770=CARTESIAN_POINT('',(-14.0000004700451,-2.70000015934038,3.68116552795783E-7));
#12771=CARTESIAN_POINT('',(-14.0000004700451,-2.70000015934039,10.0000003681164));
#12772=CARTESIAN_POINT('',(-15.0000004700451,-2.70000015934038,-0.999999631883444));
#12773=CARTESIAN_POINT('Origin',(-15.0000004700451,-2.70000015934038,3.68116552795783E-7));
#12774=CARTESIAN_POINT('',(-25.0000004700451,-2.70000015934038,-0.999999631883442));
#12775=CARTESIAN_POINT('',(-13.9999902305028,-2.70000015934038,-0.999999631883444));
#12776=CARTESIAN_POINT('',(-26.0000004700451,-2.70000015934038,-1.99999963188344));
#12777=CARTESIAN_POINT('Origin',(-25.0000004700451,-2.70000015934039,-1.99999963188344));
#12778=CARTESIAN_POINT('',(-26.0000004700451,-2.70000015934038,-3.99999963188343));
#12779=CARTESIAN_POINT('',(-42.9950107095874,-2.70000015934039,6.30000036811656));
#12780=CARTESIAN_POINT('Origin',(-42.9950107095874,-2.7000001593404,8.00000036811656));
#12781=CARTESIAN_POINT('',(-19.0000004700451,-2.70000015934039,6.30000036811656));
#12782=CARTESIAN_POINT('Origin',(-19.0000004700451,-2.7000001593404,8.00000036811656));
#12783=CARTESIAN_POINT('',(-39.9975004700451,-2.70000015934039,5.00000036811656));
#12784=CARTESIAN_POINT('',(-21.9975004700451,-2.70000015934039,5.00000036811656));
#12785=CARTESIAN_POINT('',(-30.9975004700451,-2.70000015934039,5.00000036811656));
#12786=CARTESIAN_POINT('',(-21.9975004700451,-2.70000015934039,11.0000003681166));
#12787=CARTESIAN_POINT('',(-21.9975004700451,-2.70000015934039,8.00000036811656));
#12788=CARTESIAN_POINT('',(-39.9975004700451,-2.70000015934039,11.0000003681166));
#12789=CARTESIAN_POINT('',(-30.9975004700451,-2.70000015934039,11.0000003681166));
#12790=CARTESIAN_POINT('',(-39.9975004700451,-2.70000015934039,8.00000036811656));
#12791=CARTESIAN_POINT('Origin',(-25.0000004700451,-4.70000015934038,-1.99999963188344));
#12792=CARTESIAN_POINT('',(-25.0000004700451,-4.70000015934038,-0.999999631883444));
#12793=CARTESIAN_POINT('',(-25.0000004700451,-4.70000015934038,-0.999999631883444));
#12794=CARTESIAN_POINT('',(-26.0000004700451,-4.70000015934038,-1.99999963188344));
#12795=CARTESIAN_POINT('Origin',(-25.0000004700451,-4.70000015934039,-1.99999963188344));
#12796=CARTESIAN_POINT('',(-26.0000004700451,-4.70000015934038,-1.99999963188344));
#12797=CARTESIAN_POINT('Origin',(-15.0000004700451,-4.70000015934038,-0.999999631883446));
#12798=CARTESIAN_POINT('',(-15.0000004700451,-4.70000015934038,-0.999999631883446));
#12799=CARTESIAN_POINT('',(-15.0000004700451,-4.70000015934038,-0.999999631883446));
#12800=CARTESIAN_POINT('',(-13.9999902305028,-4.70000015934038,-0.999999631883446));
#12801=CARTESIAN_POINT('Origin',(-27.0000004700451,-4.70000015934038,-3.99999963188348));
#12802=CARTESIAN_POINT('',(-26.0000004700451,-4.70000015934038,-3.99999963188348));
#12803=CARTESIAN_POINT('',(-26.0000004700451,-4.70000015934038,-3.99999963188348));
#12804=CARTESIAN_POINT('',(-27.0000004700451,-4.70000015934038,-4.99999963188348));
#12805=CARTESIAN_POINT('Origin',(-27.0000004700451,-4.70000015934038,-3.99999963188348));
#12806=CARTESIAN_POINT('',(-27.0000004700451,-4.70000015934038,-4.99999963188348));
#12807=CARTESIAN_POINT('Origin',(-26.0000004700451,-4.70000015934039,0.500000368116558));
#12808=CARTESIAN_POINT('',(-26.0000004700451,-4.70000015934038,-3.99999963188344));
#12809=CARTESIAN_POINT('Origin',(-35.0000004700451,-4.70000015934038,-3.99999963188348));
#12810=CARTESIAN_POINT('',(-35.0000004700451,-4.70000015934038,-4.99999963188348));
#12811=CARTESIAN_POINT('',(-35.0000004700451,-4.70000015934038,-4.99999963188348));
#12812=CARTESIAN_POINT('',(-36.0000004700451,-4.70000015934038,-3.99999963188348));
#12813=CARTESIAN_POINT('Origin',(-35.0000004700451,-4.70000015934038,-3.99999963188348));
#12814=CARTESIAN_POINT('',(-36.0000004700451,-4.70000015934038,-3.99999963188348));
#12815=CARTESIAN_POINT('Origin',(-36.0000004700451,-4.70000015934038,-4.99999963188348));
#12816=CARTESIAN_POINT('',(-36.0000004700451,-4.70000015934039,-1.99999963188344));
#12817=CARTESIAN_POINT('',(-36.0000004700451,-4.70000015934038,-3.99999963188344));
#12818=CARTESIAN_POINT('',(-36.0000004700451,-4.70000015934039,-1.99999963188344));
#12819=CARTESIAN_POINT('Origin',(-37.0000004700451,-4.70000015934039,-1.99999963188344));
#12820=CARTESIAN_POINT('',(-37.0000004700451,-4.70000015934039,-0.999999631883444));
#12821=CARTESIAN_POINT('Origin',(-37.0000004700451,-4.70000015934039,-1.99999963188344));
#12822=CARTESIAN_POINT('',(-37.0000004700451,-4.70000015934039,-0.999999631883444));
#12823=CARTESIAN_POINT('Origin',(-38.9950107095874,-4.70000015934039,-0.999999631883444));
#12824=CARTESIAN_POINT('',(-47.0000107095874,-4.70000015934039,-0.999999631883437));
#12825=CARTESIAN_POINT('',(-26.4950107095874,-4.70000015934038,-0.999999631883446));
#12826=CARTESIAN_POINT('',(-47.0000107095874,-4.70000015934039,-0.999999631883437));
#12827=CARTESIAN_POINT('Origin',(-47.0000107095874,-4.7000001593404,12.5000002682208));
#12828=CARTESIAN_POINT('',(-47.0000107095874,-4.7000001593404,12.5000002682208));
#12829=CARTESIAN_POINT('',(-47.0000107095874,-4.7000001593404,12.5000002682208));
#12830=CARTESIAN_POINT('',(-15.0000004700451,-4.70000015934039,12.5000002682208));
#12831=CARTESIAN_POINT('',(-35.9999952344607,-4.7000001593404,12.5000002682208));
#12832=CARTESIAN_POINT('',(-15.0000004700451,-4.70000015934039,12.5000002682208));
#12833=CARTESIAN_POINT('Origin',(-19.0000004700451,-4.70000015934039,8.00000036811656));
#12834=CARTESIAN_POINT('',(-19.0000004700451,-4.70000015934039,6.30000036811656));
#12835=CARTESIAN_POINT('',(-19.0000004700451,-4.70000015934039,6.30000036811656));
#12836=CARTESIAN_POINT('Origin',(-19.0000004700451,-4.7000001593404,8.00000036811656));
#12837=CARTESIAN_POINT('Origin',(-42.9950107095874,-4.7000001593404,8.00000036811656));
#12838=CARTESIAN_POINT('',(-42.9950107095874,-4.70000015934039,6.30000036811656));
#12839=CARTESIAN_POINT('',(-42.9950107095874,-4.7000001593404,6.30000036811656));
#12840=CARTESIAN_POINT('Origin',(-42.9950107095874,-4.7000001593404,8.00000036811656));
#12841=CARTESIAN_POINT('Origin',(-26.0000004700451,-4.70000015934038,-4.99999963188348));
#12842=CARTESIAN_POINT('',(-38.499995350274,-4.70000015934038,-4.99999963188348));
#12843=CARTESIAN_POINT('Origin',(-15.0000004700451,-4.70000015934038,3.68116550575337E-7));
#12844=CARTESIAN_POINT('',(-14.0000004700451,-4.70000015934038,3.68116550575337E-7));
#12845=CARTESIAN_POINT('Origin',(-15.0000004700451,-4.70000015934038,3.68116550575337E-7));
#12846=CARTESIAN_POINT('',(-14.0000004700451,-4.70000015934038,3.68116550575337E-7));
#12847=CARTESIAN_POINT('Origin',(-14.0000004700451,-4.70000015934039,11.5000002682208));
#12848=CARTESIAN_POINT('',(-14.0000004700451,-4.70000015934039,11.5000002682208));
#12849=CARTESIAN_POINT('',(-14.0000004700451,-4.70000015934039,10.0000003681164));
#12850=CARTESIAN_POINT('',(-14.0000004700451,-4.70000015934039,11.5000002682208));
#12851=CARTESIAN_POINT('Origin',(-15.0000004700451,-4.70000015934039,11.5000002682208));
#12852=CARTESIAN_POINT('Origin',(-15.0000004700451,-4.70000015934039,11.5000002682208));
#12853=CARTESIAN_POINT('Origin',(-47.0000107095874,-4.7000001593404,11.5000002682208));
#12854=CARTESIAN_POINT('',(-48.0000107095874,-4.7000001593404,11.5000002682208));
#12855=CARTESIAN_POINT('Origin',(-47.0000107095874,-4.7000001593404,11.5000002682208));
#12856=CARTESIAN_POINT('',(-48.0000107095874,-4.7000001593404,11.5000002682208));
#12857=CARTESIAN_POINT('Origin',(-48.0000107095874,-4.70000015934039,3.68116559457121E-7));
#12858=CARTESIAN_POINT('',(-48.0000107095874,-4.70000015934039,3.68116559457121E-7));
#12859=CARTESIAN_POINT('',(-48.0000107095874,-4.7000001593404,10.0000003681164));
#12860=CARTESIAN_POINT('',(-48.0000107095874,-4.70000015934039,3.68116559457121E-7));
#12861=CARTESIAN_POINT('Origin',(-47.0000107095874,-4.70000015934039,3.68116559457121E-7));
#12862=CARTESIAN_POINT('Origin',(-47.0000107095874,-4.70000015934039,3.68116559457121E-7));
#12863=CARTESIAN_POINT('Origin',(-45.9999902305028,-4.70000015934041,16.0000003681166));
#12864=CARTESIAN_POINT('Origin',(-30.9975004700451,-2.30000015934039,5.40000036811656));
#12865=CARTESIAN_POINT('',(-39.1975004700451,-1.90000015934039,5.80000036811656));
#12866=CARTESIAN_POINT('',(-22.7975004700451,-1.90000015934039,5.80000036811656));
#12867=CARTESIAN_POINT('',(-30.9975004700451,-1.90000015934039,5.80000036811656));
#12868=CARTESIAN_POINT('',(-22.7975004700451,-1.90000015934039,5.80000036811656));
#12869=CARTESIAN_POINT('',(-39.9975004700451,-2.70000015934039,5.00000036811656));
#12870=CARTESIAN_POINT('Origin',(-22.3975004700451,-2.30000015934039,8.00000036811656));
#12871=CARTESIAN_POINT('',(-22.7975004700451,-1.90000015934039,10.2000003681166));
#12872=CARTESIAN_POINT('',(-22.7975004700451,-1.90000015934039,8.00000036811656));
#12873=CARTESIAN_POINT('',(-21.9975004700451,-2.70000015934039,11.0000003681166));
#12874=CARTESIAN_POINT('Origin',(-39.5975004700451,-2.30000015934039,8.00000036811656));
#12875=CARTESIAN_POINT('',(-39.1975004700451,-1.90000015934039,10.2000003681166));
#12876=CARTESIAN_POINT('',(-39.1975004700451,-1.90000015934039,8.00000036811656));
#12877=CARTESIAN_POINT('',(-39.9975004700451,-2.70000015934039,11.0000003681166));
#12878=CARTESIAN_POINT('Origin',(-30.9975004700451,-2.30000015934039,10.6000003681166));
#12879=CARTESIAN_POINT('',(-30.9975004700451,-1.90000015934039,10.2000003681166));
#12880=CARTESIAN_POINT('Origin',(-30.9975004700451,-1.90000015934039,8.00000036811656));
#12881=CARTESIAN_POINT('',(-56.0000008425741,-54.0000002487475,-20.9999996318835));
#12882=CARTESIAN_POINT('',(0.,0.,0.));
#12883=CARTESIAN_POINT('',(0.,7.3,-2.));
#12884=CARTESIAN_POINT('',(0.,0.,0.));
#12885=CARTESIAN_POINT('Origin',(0.,0.,0.));
#12886=UNCERTAINTY_MEASURE_WITH_UNIT(LENGTH_MEASURE(0.01),#12916,
'DISTANCE_ACCURACY_VALUE',
'Maximum model space distance between geometric entities at asserted c
onnectivities');
#12887=UNCERTAINTY_MEASURE_WITH_UNIT(LENGTH_MEASURE(0.01),#12916,
'DISTANCE_ACCURACY_VALUE',
'Maximum model space distance between geometric entities at asserted c
onnectivities');
#12888=UNCERTAINTY_MEASURE_WITH_UNIT(LENGTH_MEASURE(0.01),#12916,
'DISTANCE_ACCURACY_VALUE',
'Maximum model space distance between geometric entities at asserted c
onnectivities');
#12889=UNCERTAINTY_MEASURE_WITH_UNIT(LENGTH_MEASURE(0.01),#12916,
'DISTANCE_ACCURACY_VALUE',
'Maximum model space distance between geometric entities at asserted c
onnectivities');
#12890=UNCERTAINTY_MEASURE_WITH_UNIT(LENGTH_MEASURE(0.01),#12916,
'DISTANCE_ACCURACY_VALUE',
'Maximum model space distance between geometric entities at asserted c
onnectivities');
#12891=UNCERTAINTY_MEASURE_WITH_UNIT(LENGTH_MEASURE(0.01),#12916,
'DISTANCE_ACCURACY_VALUE',
'Maximum model space distance between geometric entities at asserted c
onnectivities');
#12892=UNCERTAINTY_MEASURE_WITH_UNIT(LENGTH_MEASURE(0.01),#12916,
'DISTANCE_ACCURACY_VALUE',
'Maximum model space distance between geometric entities at asserted c
onnectivities');
#12893=UNCERTAINTY_MEASURE_WITH_UNIT(LENGTH_MEASURE(0.01),#12916,
'DISTANCE_ACCURACY_VALUE',
'Maximum model space distance between geometric entities at asserted c
onnectivities');
#12894=UNCERTAINTY_MEASURE_WITH_UNIT(LENGTH_MEASURE(0.01),#12916,
'DISTANCE_ACCURACY_VALUE',
'Maximum model space distance between geometric entities at asserted c
onnectivities');
#12895=UNCERTAINTY_MEASURE_WITH_UNIT(LENGTH_MEASURE(0.01),#12916,
'DISTANCE_ACCURACY_VALUE',
'Maximum model space distance between geometric entities at asserted c
onnectivities');
#12896=UNCERTAINTY_MEASURE_WITH_UNIT(LENGTH_MEASURE(0.01),#12916,
'DISTANCE_ACCURACY_VALUE',
'Maximum model space distance between geometric entities at asserted c
onnectivities');
#12897=UNCERTAINTY_MEASURE_WITH_UNIT(LENGTH_MEASURE(0.01),#12916,
'DISTANCE_ACCURACY_VALUE',
'Maximum model space distance between geometric entities at asserted c
onnectivities');
#12898=UNCERTAINTY_MEASURE_WITH_UNIT(LENGTH_MEASURE(0.01),#12916,
'DISTANCE_ACCURACY_VALUE',
'Maximum model space distance between geometric entities at asserted c
onnectivities');
#12899=UNCERTAINTY_MEASURE_WITH_UNIT(LENGTH_MEASURE(0.01),#12916,
'DISTANCE_ACCURACY_VALUE',
'Maximum model space distance between geometric entities at asserted c
onnectivities');
#12900=UNCERTAINTY_MEASURE_WITH_UNIT(LENGTH_MEASURE(0.01),#12916,
'DISTANCE_ACCURACY_VALUE',
'Maximum model space distance between geometric entities at asserted c
onnectivities');
#12901=(
GEOMETRIC_REPRESENTATION_CONTEXT(3)
GLOBAL_UNCERTAINTY_ASSIGNED_CONTEXT((#12886))
GLOBAL_UNIT_ASSIGNED_CONTEXT((#12916,#12918,#12919))
REPRESENTATION_CONTEXT('','3D')
);
#12902=(
GEOMETRIC_REPRESENTATION_CONTEXT(3)
GLOBAL_UNCERTAINTY_ASSIGNED_CONTEXT((#12887))
GLOBAL_UNIT_ASSIGNED_CONTEXT((#12916,#12918,#12919))
REPRESENTATION_CONTEXT('','3D')
);
#12903=(
GEOMETRIC_REPRESENTATION_CONTEXT(3)
GLOBAL_UNCERTAINTY_ASSIGNED_CONTEXT((#12888))
GLOBAL_UNIT_ASSIGNED_CONTEXT((#12916,#12918,#12919))
REPRESENTATION_CONTEXT('','3D')
);
#12904=(
GEOMETRIC_REPRESENTATION_CONTEXT(3)
GLOBAL_UNCERTAINTY_ASSIGNED_CONTEXT((#12889))
GLOBAL_UNIT_ASSIGNED_CONTEXT((#12916,#12918,#12919))
REPRESENTATION_CONTEXT('','3D')
);
#12905=(
GEOMETRIC_REPRESENTATION_CONTEXT(3)
GLOBAL_UNCERTAINTY_ASSIGNED_CONTEXT((#12890))
GLOBAL_UNIT_ASSIGNED_CONTEXT((#12916,#12918,#12919))
REPRESENTATION_CONTEXT('','3D')
);
#12906=(
GEOMETRIC_REPRESENTATION_CONTEXT(3)
GLOBAL_UNCERTAINTY_ASSIGNED_CONTEXT((#12891))
GLOBAL_UNIT_ASSIGNED_CONTEXT((#12916,#12918,#12919))
REPRESENTATION_CONTEXT('','3D')
);
#12907=(
GEOMETRIC_REPRESENTATION_CONTEXT(3)
GLOBAL_UNCERTAINTY_ASSIGNED_CONTEXT((#12892))
GLOBAL_UNIT_ASSIGNED_CONTEXT((#12916,#12918,#12919))
REPRESENTATION_CONTEXT('','3D')
);
#12908=(
GEOMETRIC_REPRESENTATION_CONTEXT(3)
GLOBAL_UNCERTAINTY_ASSIGNED_CONTEXT((#12893))
GLOBAL_UNIT_ASSIGNED_CONTEXT((#12916,#12918,#12919))
REPRESENTATION_CONTEXT('','3D')
);
#12909=(
GEOMETRIC_REPRESENTATION_CONTEXT(3)
GLOBAL_UNCERTAINTY_ASSIGNED_CONTEXT((#12894))
GLOBAL_UNIT_ASSIGNED_CONTEXT((#12916,#12918,#12919))
REPRESENTATION_CONTEXT('','3D')
);
#12910=(
GEOMETRIC_REPRESENTATION_CONTEXT(3)
GLOBAL_UNCERTAINTY_ASSIGNED_CONTEXT((#12895))
GLOBAL_UNIT_ASSIGNED_CONTEXT((#12916,#12918,#12919))
REPRESENTATION_CONTEXT('','3D')
);
#12911=(
GEOMETRIC_REPRESENTATION_CONTEXT(3)
GLOBAL_UNCERTAINTY_ASSIGNED_CONTEXT((#12896))
GLOBAL_UNIT_ASSIGNED_CONTEXT((#12916,#12918,#12919))
REPRESENTATION_CONTEXT('','3D')
);
#12912=(
GEOMETRIC_REPRESENTATION_CONTEXT(3)
GLOBAL_UNCERTAINTY_ASSIGNED_CONTEXT((#12897))
GLOBAL_UNIT_ASSIGNED_CONTEXT((#12916,#12918,#12919))
REPRESENTATION_CONTEXT('','3D')
);
#12913=(
GEOMETRIC_REPRESENTATION_CONTEXT(3)
GLOBAL_UNCERTAINTY_ASSIGNED_CONTEXT((#12898))
GLOBAL_UNIT_ASSIGNED_CONTEXT((#12916,#12918,#12919))
REPRESENTATION_CONTEXT('','3D')
);
#12914=(
GEOMETRIC_REPRESENTATION_CONTEXT(3)
GLOBAL_UNCERTAINTY_ASSIGNED_CONTEXT((#12899))
GLOBAL_UNIT_ASSIGNED_CONTEXT((#12916,#12918,#12919))
REPRESENTATION_CONTEXT('','3D')
);
#12915=(
GEOMETRIC_REPRESENTATION_CONTEXT(3)
GLOBAL_UNCERTAINTY_ASSIGNED_CONTEXT((#12900))
GLOBAL_UNIT_ASSIGNED_CONTEXT((#12916,#12918,#12919))
REPRESENTATION_CONTEXT('','3D')
);
#12916=(
LENGTH_UNIT()
NAMED_UNIT(*)
SI_UNIT(.MILLI.,.METRE.)
);
#12917=(
LENGTH_UNIT()
NAMED_UNIT(*)
SI_UNIT($,.METRE.)
);
#12918=(
NAMED_UNIT(*)
PLANE_ANGLE_UNIT()
SI_UNIT($,.RADIAN.)
);
#12919=(
NAMED_UNIT(*)
SI_UNIT($,.STERADIAN.)
SOLID_ANGLE_UNIT()
);
#12920=SHAPE_DEFINITION_REPRESENTATION(#12934,#12965);
#12921=SHAPE_DEFINITION_REPRESENTATION(#12935,#12966);
#12922=SHAPE_DEFINITION_REPRESENTATION(#12936,#12967);
#12923=SHAPE_DEFINITION_REPRESENTATION(#12937,#12968);
#12924=SHAPE_DEFINITION_REPRESENTATION(#12940,#12969);
#12925=SHAPE_DEFINITION_REPRESENTATION(#12941,#12970);
#12926=SHAPE_DEFINITION_REPRESENTATION(#12942,#12971);
#12927=SHAPE_DEFINITION_REPRESENTATION(#12943,#12972);
#12928=SHAPE_DEFINITION_REPRESENTATION(#12944,#12973);
#12929=SHAPE_DEFINITION_REPRESENTATION(#12945,#12974);
#12930=SHAPE_DEFINITION_REPRESENTATION(#12955,#12975);
#12931=SHAPE_DEFINITION_REPRESENTATION(#12956,#12976);
#12932=SHAPE_DEFINITION_REPRESENTATION(#12957,#12977);
#12933=SHAPE_DEFINITION_REPRESENTATION(#12960,#12978);
#12934=PRODUCT_DEFINITION_SHAPE('',$,#12980);
#12935=PRODUCT_DEFINITION_SHAPE('',$,#12981);
#12936=PRODUCT_DEFINITION_SHAPE('',$,#12982);
#12937=PRODUCT_DEFINITION_SHAPE('',$,#12983);
#12938=PRODUCT_DEFINITION_SHAPE($,$,#153);
#12939=PRODUCT_DEFINITION_SHAPE($,$,#154);
#12940=PRODUCT_DEFINITION_SHAPE('',$,#12984);
#12941=PRODUCT_DEFINITION_SHAPE('',$,#12985);
#12942=PRODUCT_DEFINITION_SHAPE('',$,#12986);
#12943=PRODUCT_DEFINITION_SHAPE('',$,#12987);
#12944=PRODUCT_DEFINITION_SHAPE('',$,#12988);
#12945=PRODUCT_DEFINITION_SHAPE('',$,#12989);
#12946=PRODUCT_DEFINITION_SHAPE($,$,#155);
#12947=PRODUCT_DEFINITION_SHAPE($,$,#156);
#12948=PRODUCT_DEFINITION_SHAPE($,$,#157);
#12949=PRODUCT_DEFINITION_SHAPE($,$,#158);
#12950=PRODUCT_DEFINITION_SHAPE($,$,#159);
#12951=PRODUCT_DEFINITION_SHAPE($,$,#160);
#12952=PRODUCT_DEFINITION_SHAPE($,$,#161);
#12953=PRODUCT_DEFINITION_SHAPE($,$,#162);
#12954=PRODUCT_DEFINITION_SHAPE($,$,#163);
#12955=PRODUCT_DEFINITION_SHAPE('',$,#12990);
#12956=PRODUCT_DEFINITION_SHAPE('',$,#12991);
#12957=PRODUCT_DEFINITION_SHAPE('',$,#12992);
#12958=PRODUCT_DEFINITION_SHAPE($,$,#164);
#12959=PRODUCT_DEFINITION_SHAPE($,$,#165);
#12960=PRODUCT_DEFINITION_SHAPE('',$,#12993);
#12961=PRODUCT_DEFINITION_SHAPE($,$,#166);
#12962=PRODUCT_DEFINITION_SHAPE($,$,#167);
#12963=PRODUCT_DEFINITION_SHAPE($,$,#168);
#12964=PRODUCT_DEFINITION_SHAPE($,$,#169);
#12965=SHAPE_REPRESENTATION('',(#7425,#8054,#8055,#8056,#8057),#12901);
#12966=SHAPE_REPRESENTATION('',(#7426,#7687,#7688),#12902);
#12967=SHAPE_REPRESENTATION('',(#7427),#12903);
#12968=SHAPE_REPRESENTATION('',(#7583),#12904);
#12969=SHAPE_REPRESENTATION('',(#7689,#7848,#7849,#7850,#7851,#7852,#7853,
#7854,#7855,#7856),#12905);
#12970=SHAPE_REPRESENTATION('',(#7690),#12906);
#12971=SHAPE_REPRESENTATION('',(#7699),#12907);
#12972=SHAPE_REPRESENTATION('',(#7761),#12908);
#12973=SHAPE_REPRESENTATION('',(#7770),#12909);
#12974=SHAPE_REPRESENTATION('',(#7815),#12910);
#12975=SHAPE_REPRESENTATION('',(#7857,#8006,#8007),#12911);
#12976=SHAPE_REPRESENTATION('',(#7858),#12912);
#12977=SHAPE_REPRESENTATION('',(#7932),#12913);
#12978=SHAPE_REPRESENTATION('',(#8008),#12914);
#12979=PRODUCT_DEFINITION_CONTEXT('part definition',#13023,'design');
#12980=PRODUCT_DEFINITION('Plech ram\X\EDnko A2',
'Prusa Core One SwingArm - 2020 Mount_v4 v4',#12994,#12979);
#12981=PRODUCT_DEFINITION('VORON SwingArm','VORON SwingArm',#12995,#12979);
#12982=PRODUCT_DEFINITION('Swing Arm','Swing Arm',#12996,#12979);
#12983=PRODUCT_DEFINITION('Dr\X2\017E00E1\X0\k ram\X\EDnka A1',
'Horizontal Mount',#12997,#12979);
#12984=PRODUCT_DEFINITION('Hardware','Hardware',#12998,#12979);
#12985=PRODUCT_DEFINITION(
'90718A110_Electrical-Insulating Nylon Washer',
'90718A110_Electrical-Insulating Nylon Washer',#12999,#12979);
#12986=PRODUCT_DEFINITION('92133A104_Push-on External Retaining Rings',
'92133A104_Push-on External Retaining Rings',#13000,#12979);
#12987=PRODUCT_DEFINITION('91595A133_Dowel Pin','91595A133_Dowel Pin',#13001,
#12979);
#12988=PRODUCT_DEFINITION('M3 Roll-In T Nut','M3 Roll-In T Nut v1',#13002,
#12979);
#12989=PRODUCT_DEFINITION('M3x8 BHCS','M3x8 BHCS v1',#13003,#12979);
#12990=PRODUCT_DEFINITION('Extrusions','Extrusions',#13004,#12979);
#12991=PRODUCT_DEFINITION('2020 - Vertical','2020 - Vertical',#13005,#12979);
#12992=PRODUCT_DEFINITION('2020 - Horizontal','2020 - Horizontal',#13006,
#12979);
#12993=PRODUCT_DEFINITION('Extrusion Protector','Extrusion Protector',#13007,
#12979);
#12994=PRODUCT_DEFINITION_FORMATION('',$,#13025);
#12995=PRODUCT_DEFINITION_FORMATION('',$,#13026);
#12996=PRODUCT_DEFINITION_FORMATION('',$,#13027);
#12997=PRODUCT_DEFINITION_FORMATION('',$,#13028);
#12998=PRODUCT_DEFINITION_FORMATION('',$,#13029);
#12999=PRODUCT_DEFINITION_FORMATION('',$,#13030);
#13000=PRODUCT_DEFINITION_FORMATION('',$,#13031);
#13001=PRODUCT_DEFINITION_FORMATION('',$,#13032);
#13002=PRODUCT_DEFINITION_FORMATION('',$,#13033);
#13003=PRODUCT_DEFINITION_FORMATION('',$,#13034);
#13004=PRODUCT_DEFINITION_FORMATION('',$,#13035);
#13005=PRODUCT_DEFINITION_FORMATION('',$,#13036);
#13006=PRODUCT_DEFINITION_FORMATION('',$,#13037);
#13007=PRODUCT_DEFINITION_FORMATION('',$,#13038);
#13008=PRODUCT_RELATED_PRODUCT_CATEGORY(
'Prusa Core One SwingArm - 2020 Mount_v4 v4',
'Prusa Core One SwingArm - 2020 Mount_v4 v4',(#13025));
#13009=PRODUCT_RELATED_PRODUCT_CATEGORY('VORON SwingArm',
'VORON SwingArm',(#13026));
#13010=PRODUCT_RELATED_PRODUCT_CATEGORY('Swing Arm','Swing Arm',(#13027));
#13011=PRODUCT_RELATED_PRODUCT_CATEGORY('Horizontal Mount',
'Horizontal Mount',(#13028));
#13012=PRODUCT_RELATED_PRODUCT_CATEGORY('Hardware','Hardware',(#13029));
#13013=PRODUCT_RELATED_PRODUCT_CATEGORY(
'90718A110_Electrical-Insulating Nylon Washer',
'90718A110_Electrical-Insulating Nylon Washer',(#13030));
#13014=PRODUCT_RELATED_PRODUCT_CATEGORY(
'92133A104_Push-on External Retaining Rings',
'92133A104_Push-on External Retaining Rings',(#13031));
#13015=PRODUCT_RELATED_PRODUCT_CATEGORY('91595A133_Dowel Pin',
'91595A133_Dowel Pin',(#13032));
#13016=PRODUCT_RELATED_PRODUCT_CATEGORY('M3 Roll-In T Nut v1',
'M3 Roll-In T Nut v1',(#13033));
#13017=PRODUCT_RELATED_PRODUCT_CATEGORY('M3x8 BHCS v1','M3x8 BHCS v1',(#13034));
#13018=PRODUCT_RELATED_PRODUCT_CATEGORY('Extrusions','Extrusions',(#13035));
#13019=PRODUCT_RELATED_PRODUCT_CATEGORY('2020 - Vertical',
'2020 - Vertical',(#13036));
#13020=PRODUCT_RELATED_PRODUCT_CATEGORY('2020 - Horizontal',
'2020 - Horizontal',(#13037));
#13021=PRODUCT_RELATED_PRODUCT_CATEGORY('Extrusion Protector',
'Extrusion Protector',(#13038));
#13022=APPLICATION_PROTOCOL_DEFINITION('international standard',
'automotive_design',2009,#13023);
#13023=APPLICATION_CONTEXT(
'Core Data for Automotive Mechanical Design Process');
#13024=PRODUCT_CONTEXT('part definition',#13023,'mechanical');
#13025=PRODUCT('Plech ram\X\EDnko A2',
'Prusa Core One SwingArm - 2020 Mount_v4 v4',$,(#13024));
#13026=PRODUCT('VORON SwingArm','VORON SwingArm',$,(#13024));
#13027=PRODUCT('Swing Arm','Swing Arm',$,(#13024));
#13028=PRODUCT('Dr\X2\017E00E1\X0\k ram\X\EDnka A1','Horizontal Mount',
$,(#13024));
#13029=PRODUCT('Hardware','Hardware',$,(#13024));
#13030=PRODUCT('90718A110_Electrical-Insulating Nylon Washer',
'90718A110_Electrical-Insulating Nylon Washer',$,(#13024));
#13031=PRODUCT('92133A104_Push-on External Retaining Rings',
'92133A104_Push-on External Retaining Rings',$,(#13024));
#13032=PRODUCT('91595A133_Dowel Pin','91595A133_Dowel Pin',$,(#13024));
#13033=PRODUCT('M3 Roll-In T Nut','M3 Roll-In T Nut v1',$,(#13024));
#13034=PRODUCT('M3x8 BHCS','M3x8 BHCS v1',$,(#13024));
#13035=PRODUCT('Extrusions','Extrusions',$,(#13024));
#13036=PRODUCT('2020 - Vertical','2020 - Vertical',$,(#13024));
#13037=PRODUCT('2020 - Horizontal','2020 - Horizontal',$,(#13024));
#13038=PRODUCT('Extrusion Protector','Extrusion Protector',$,(#13024));
#13039=PRESENTATION_STYLE_ASSIGNMENT((#13048));
#13040=PRESENTATION_STYLE_ASSIGNMENT((#13049));
#13041=PRESENTATION_STYLE_ASSIGNMENT((#13050));
#13042=PRESENTATION_STYLE_ASSIGNMENT((#13051));
#13043=PRESENTATION_STYLE_ASSIGNMENT((#13052));
#13044=PRESENTATION_STYLE_ASSIGNMENT((#13053));
#13045=PRESENTATION_STYLE_ASSIGNMENT((#13054));
#13046=PRESENTATION_STYLE_ASSIGNMENT((#13055));
#13047=PRESENTATION_STYLE_ASSIGNMENT((NULL_STYLE(.NULL.)));
#13048=SURFACE_STYLE_USAGE(.BOTH.,#13056);
#13049=SURFACE_STYLE_USAGE(.BOTH.,#13057);
#13050=SURFACE_STYLE_USAGE(.BOTH.,#13058);
#13051=SURFACE_STYLE_USAGE(.BOTH.,#13059);
#13052=SURFACE_STYLE_USAGE(.BOTH.,#13060);
#13053=SURFACE_STYLE_USAGE(.BOTH.,#13061);
#13054=SURFACE_STYLE_USAGE(.BOTH.,#13062);
#13055=SURFACE_STYLE_USAGE(.BOTH.,#13063);
#13056=SURFACE_SIDE_STYLE('',(#13064));
#13057=SURFACE_SIDE_STYLE('',(#13065));
#13058=SURFACE_SIDE_STYLE('',(#13066));
#13059=SURFACE_SIDE_STYLE('',(#13067));
#13060=SURFACE_SIDE_STYLE('',(#13068));
#13061=SURFACE_SIDE_STYLE('',(#13069));
#13062=SURFACE_SIDE_STYLE('',(#13070));
#13063=SURFACE_SIDE_STYLE('',(#13071));
#13064=SURFACE_STYLE_FILL_AREA(#13072);
#13065=SURFACE_STYLE_FILL_AREA(#13073);
#13066=SURFACE_STYLE_FILL_AREA(#13074);
#13067=SURFACE_STYLE_FILL_AREA(#13075);
#13068=SURFACE_STYLE_FILL_AREA(#13076);
#13069=SURFACE_STYLE_FILL_AREA(#13077);
#13070=SURFACE_STYLE_FILL_AREA(#13078);
#13071=SURFACE_STYLE_FILL_AREA(#13079);
#13072=FILL_AREA_STYLE('Aluminum - Anodized Glossy (Grey)',(#13080));
#13073=FILL_AREA_STYLE('Steel - Satin',(#13081));
#13074=FILL_AREA_STYLE('Nylon 6-6 (White)',(#13082));
#13075=FILL_AREA_STYLE('Aluminum - Anodized Rough (Grey)',(#13083));
#13076=FILL_AREA_STYLE('Powder Coat - Rough (Black)',(#13084));
#13077=FILL_AREA_STYLE('Opaque(245,245,246)',(#13085));
#13078=FILL_AREA_STYLE('Opaque(160,160,160)',(#13086));
#13079=FILL_AREA_STYLE('ABS (Fusion Red Dwarf)',(#13087));
#13080=FILL_AREA_STYLE_COLOUR('Aluminum - Anodized Glossy (Grey)',#13088);
#13081=FILL_AREA_STYLE_COLOUR('Steel - Satin',#13089);
#13082=FILL_AREA_STYLE_COLOUR('Nylon 6-6 (White)',#13090);
#13083=FILL_AREA_STYLE_COLOUR('Aluminum - Anodized Rough (Grey)',#13091);
#13084=FILL_AREA_STYLE_COLOUR('Powder Coat - Rough (Black)',#13092);
#13085=FILL_AREA_STYLE_COLOUR('Opaque(245,245,246)',#13093);
#13086=FILL_AREA_STYLE_COLOUR('Opaque(160,160,160)',#13094);
#13087=FILL_AREA_STYLE_COLOUR('ABS (Fusion Red Dwarf)',#13095);
#13088=COLOUR_RGB('Aluminum - Anodized Glossy (Grey)',0.537254901960784,
0.537254901960784,0.537254901960784);
#13089=COLOUR_RGB('Steel - Satin',0.627450980392157,0.627450980392157,0.627450980392157);
#13090=COLOUR_RGB('Nylon 6-6 (White)',0.972549019607843,0.968627450980392,
0.929411764705882);
#13091=COLOUR_RGB('Aluminum - Anodized Rough (Grey)',0.258823529411765,
0.254901960784314,0.258823529411765);
#13092=COLOUR_RGB('Powder Coat - Rough (Black)',0.0980392156862745,0.0980392156862745,
0.0980392156862745);
#13093=COLOUR_RGB('Opaque(245,245,246)',0.96078431372549,0.96078431372549,
0.964705882352941);
#13094=COLOUR_RGB('Opaque(160,160,160)',0.627450980392157,0.627450980392157,
0.627450980392157);
#13095=COLOUR_RGB('ABS (Fusion Red Dwarf)',0.674509803921569,0.0431372549019608,
0.0431372549019608);
ENDSEC;
END-ISO-10303-21;
